{
	"credit": "Made with Blockbench",
	"ambientocclusion": false,
	"textures": {
		"2": "block/poppy9_potted",
		"particle": "block/flower_pot",
		"flowerpot": "block/flower_pot",
		"dirt": "block/flower_pot_regular"
	},
	"elements": [
		{
			"from": [5, 0, 5],
			"to": [6, 5, 11],
			"faces": {
				"north": {"uv": [10, 11, 11, 16], "texture": "#flowerpot"},
				"east": {"uv": [5, 11, 11, 16], "texture": "#flowerpot"},
				"south": {"uv": [5, 11, 6, 16], "texture": "#flowerpot"},
				"west": {"uv": [5, 11, 11, 16], "texture": "#flowerpot"},
				"up": {"uv": [5, 5, 6, 11], "texture": "#flowerpot"},
				"down": {"uv": [5, 5, 6, 11], "texture": "#flowerpot", "cullface": "down"}
			}
		},
		{
			"from": [10, 0, 5],
			"to": [11, 5, 11],
			"faces": {
				"north": {"uv": [5, 11, 6, 16], "texture": "#flowerpot"},
				"east": {"uv": [5, 11, 11, 16], "texture": "#flowerpot"},
				"south": {"uv": [10, 11, 11, 16], "texture": "#flowerpot"},
				"west": {"uv": [5, 11, 11, 16], "texture": "#flowerpot"},
				"up": {"uv": [10, 5, 11, 11], "texture": "#flowerpot"},
				"down": {"uv": [10, 5, 11, 11], "texture": "#flowerpot", "cullface": "down"}
			}
		},
		{
			"from": [6, 0, 5],
			"to": [10, 5, 6],
			"faces": {
				"north": {"uv": [6, 11, 10, 16], "texture": "#flowerpot"},
				"south": {"uv": [6, 11, 10, 16], "texture": "#flowerpot"},
				"up": {"uv": [6, 5, 10, 6], "texture": "#flowerpot"},
				"down": {"uv": [6, 12, 10, 13], "texture": "#flowerpot", "cullface": "down"}
			}
		},
		{
			"from": [6, 0, 10],
			"to": [10, 5, 11],
			"faces": {
				"north": {"uv": [6, 12, 10, 16], "texture": "#flowerpot"},
				"south": {"uv": [6, 11, 10, 16], "texture": "#flowerpot"},
				"up": {"uv": [6, 12, 10, 13], "texture": "#flowerpot"},
				"down": {"uv": [6, 5, 10, 6], "texture": "#flowerpot", "cullface": "down"}
			}
		},
		{
			"from": [6, 0, 6],
			"to": [10, 4, 10],
			"faces": {
				"up": {"uv": [6, 6, 10, 10], "texture": "#dirt"},
				"down": {"uv": [6, 12, 10, 16], "texture": "#flowerpot", "cullface": "down"}
			}
		},
		{
			"from": [4, 4, 11],
			"to": [12, 6, 12],
			"faces": {
				"north": {"uv": [0, 3, 8, 5], "texture": "#flowerpot"},
				"east": {"uv": [0, 3, 1, 5], "texture": "#flowerpot"},
				"south": {"uv": [0, 3, 8, 5], "texture": "#flowerpot"},
				"west": {"uv": [7, 3, 8, 5], "texture": "#flowerpot"},
				"up": {"uv": [0, 0, 8, 1], "texture": "#flowerpot"},
				"down": {"uv": [0, 0, 8, 1], "texture": "#flowerpot"}
			}
		},
		{
			"from": [4, 4, 5],
			"to": [5, 6, 11],
			"faces": {
				"north": {"uv": [0, 0, 1, 2], "texture": "#missing"},
				"east": {"uv": [1, 3, 7, 5], "texture": "#flowerpot"},
				"south": {"uv": [0, 0, 1, 2], "texture": "#missing"},
				"west": {"uv": [1, 3, 7, 5], "texture": "#flowerpot"},
				"up": {"uv": [0, 0, 6, 1], "rotation": 90, "texture": "#flowerpot"},
				"down": {"uv": [0, 0, 6, 1], "rotation": 270, "texture": "#flowerpot"}
			}
		},
		{
			"from": [11, 4, 5],
			"to": [12, 6, 11],
			"faces": {
				"north": {"uv": [0, 0, 1, 2], "texture": "#missing"},
				"east": {"uv": [1, 3, 7, 5], "texture": "#flowerpot"},
				"south": {"uv": [0, 0, 1, 2], "texture": "#missing"},
				"west": {"uv": [1, 3, 7, 5], "texture": "#flowerpot"},
				"up": {"uv": [0, 0, 6, 1], "rotation": 90, "texture": "#flowerpot"},
				"down": {"uv": [0, 0, 6, 1], "rotation": 270, "texture": "#flowerpot"}
			}
		},
		{
			"from": [4, 4, 4],
			"to": [12, 6, 5],
			"faces": {
				"north": {"uv": [0, 3, 8, 5], "texture": "#flowerpot"},
				"east": {"uv": [7, 3, 8, 5], "texture": "#flowerpot"},
				"south": {"uv": [0, 3, 8, 5], "texture": "#flowerpot"},
				"west": {"uv": [0, 3, 1, 5], "texture": "#flowerpot"},
				"up": {"uv": [0, 0, 8, 1], "rotation": 180, "texture": "#flowerpot"},
				"down": {"uv": [0, 0, 8, 1], "texture": "#flowerpot"}
			}
		},
		{
			"from": [8, 4, 2.6],
			"to": [8, 16, 13.4],
			"rotation": {"angle": 45, "axis": "y", "origin": [8, 8, 8], "rescale": true},
			"faces": {
				"east": {"uv": [0, 0, 16, 16], "texture": "#2"},
				"west": {"uv": [0, 0, 16, 16], "texture": "#2"}
			}
		},
		{
			"from": [2.6, 4, 8],
			"to": [13.4, 16, 8],
			"rotation": {"angle": 45, "axis": "y", "origin": [8, 8, 8], "rescale": true},
			"faces": {
				"north": {"uv": [0, 0, 16, 16], "texture": "#2"},
				"south": {"uv": [0, 0, 16, 16], "texture": "#2"}
			}
		}
	],
	"display": {
		"thirdperson_righthand": {
			"rotation": [75, 45, 0],
			"translation": [0, 2, 2.5],
			"scale": [0.375, 0.375, 0.375]
		},
		"thirdperson_lefthand": {
			"rotation": [75, 45, 0],
			"translation": [0, 2, 2.5],
			"scale": [0.375, 0.375, 0.375]
		},
		"firstperson_righthand": {
			"rotation": [0, 45, 0],
			"scale": [0.4, 0.4, 0.4]
		},
		"firstperson_lefthand": {
			"rotation": [0, 225, 0],
			"scale": [0.4, 0.4, 0.4]
		},
		"ground": {
			"translation": [0, 3, 0],
			"scale": [0.25, 0.25, 0.25]
		},
		"gui": {
			"rotation": [30, 225, 0],
			"scale": [0.625, 0.625, 0.625]
		},
		"fixed": {
			"scale": [0.5, 0.5, 0.5]
		}
	}
}