{
	"credit": "Made with Blockbench",
	"parent": "block/block",
	"ambientocclusion": false,
	"texture_size": [32, 32],
	"textures": {
		"3": "block/cactus_side",
		"particle": "block/cactus_side",
		"side": "block/cactus",
		"bottom": "block/cactus_bottom",
		"top": "block/cactus_top",
		"1_3": "block/cactus_flower"
	},
	"elements": [
		{
			"name": "cactus",
			"from": [1, 0, 0.5],
			"to": [1, 16, 15.5],
			"rotation": {"angle": 0, "axis": "y", "origin": [8, 8, 8]},
			"faces": {
				"east": {"uv": [15.5, 0, 0.5, 16], "texture": "#3"},
				"west": {"uv": [0.5, 0, 15.5, 16], "texture": "#3"}
			}
		},
		{
			"name": "cactus",
			"from": [0.5, 0, 1],
			"to": [15.5, 16, 1],
			"rotation": {"angle": 0, "axis": "y", "origin": [8, 8, 8]},
			"faces": {
				"north": {"uv": [0.5, 0, 15.5, 16], "texture": "#3"},
				"south": {"uv": [15.5, 0, 0.5, 16], "texture": "#3"}
			}
		},
		{
			"name": "cactus",
			"from": [0.5, 0, 15],
			"to": [15.5, 16, 15],
			"rotation": {"angle": 0, "axis": "y", "origin": [8, 8, 8]},
			"faces": {
				"north": {"uv": [15.5, 0, 0.5, 16], "texture": "#3"},
				"south": {"uv": [0.5, 0, 15.5, 16], "texture": "#3"}
			}
		},
		{
			"name": "cactus",
			"from": [1, 0, 1],
			"to": [15, 16, 15],
			"rotation": {"angle": 0, "axis": "y", "origin": [8, 8, 8]},
			"faces": {
				"up": {"uv": [1, 1, 15, 15], "texture": "#top", "cullface": "up"},
				"down": {"uv": [1, 1, 15, 15], "texture": "#bottom", "cullface": "down"}
			}
		},
		{
			"name": "cactus",
			"from": [15, 0, 0.5],
			"to": [15, 16, 15.5],
			"rotation": {"angle": 0, "axis": "y", "origin": [8, 8, 8]},
			"faces": {
				"east": {"uv": [0.5, 0, 15.5, 16], "texture": "#3"},
				"west": {"uv": [15.5, 0, 0.5, 16], "texture": "#3"}
			}
		},
		{
			"name": "small_cactus1",
			"from": [16.4, 6, 6],
			"to": [22.4, 6, 12],
			"rotation": {"angle": 0, "axis": "y", "origin": [19.5, 14, 9]},
			"faces": {
				"up": {"uv": [3.5, 6, 9.5, 0], "texture": "#side"},
				"down": {"uv": [3.5, 0, 9.5, 6], "texture": "#side"}
			}
		},
		{
			"name": "small_cactus1",
			"from": [16.9, 6, 6],
			"to": [16.9, 22, 12],
			"rotation": {"angle": 0, "axis": "y", "origin": [19.5, 14, 9]},
			"faces": {
				"east": {"uv": [16, 0, 10, 16], "texture": "#side"},
				"west": {"uv": [10, 0, 16, 16], "texture": "#side"}
			}
		},
		{
			"name": "small_cactus1",
			"from": [21.9, 6, 6],
			"to": [21.9, 22, 12],
			"rotation": {"angle": 0, "axis": "y", "origin": [19.5, 14, 9]},
			"faces": {
				"east": {"uv": [10, 0, 16, 16], "texture": "#side"},
				"west": {"uv": [16, 0, 10, 16], "texture": "#side"}
			}
		},
		{
			"name": "small_cactus1",
			"from": [16.4, 6, 6.5],
			"to": [22.4, 22, 6.5],
			"rotation": {"angle": 0, "axis": "y", "origin": [19.5, 14, 9]},
			"faces": {
				"north": {"uv": [10, 0, 16, 16], "texture": "#side"},
				"south": {"uv": [16, 0, 10, 16], "texture": "#side"}
			}
		},
		{
			"name": "small_cactus1",
			"from": [16.4, 6, 11.5],
			"to": [22.4, 22, 11.5],
			"rotation": {"angle": 0, "axis": "y", "origin": [19.5, 14, 9]},
			"faces": {
				"north": {"uv": [16, 0, 10, 16], "texture": "#side"},
				"south": {"uv": [10, 0, 16, 16], "texture": "#side"}
			}
		},
		{
			"name": "small_cactus1",
			"from": [16.4, 22, 6],
			"to": [22.4, 22, 12],
			"rotation": {"angle": 0, "axis": "y", "origin": [19.5, 14, 9]},
			"faces": {
				"up": {"uv": [3.5, 0, 9.5, 6], "texture": "#side"},
				"down": {"uv": [3.5, 6, 9.5, 0], "texture": "#side"}
			}
		},
		{
			"name": "small_cactus2",
			"from": [18.4, 16, 4],
			"to": [24.4, 16, 10],
			"rotation": {"angle": 0, "axis": "y", "origin": [21.5, 24, 7]},
			"faces": {
				"up": {"uv": [3.5, 6, 9.5, 0], "texture": "#side"},
				"down": {"uv": [3.5, 0, 9.5, 6], "texture": "#side"}
			}
		},
		{
			"name": "small_cactus2",
			"from": [18.4, 16, 9.5],
			"to": [24.4, 32, 9.5],
			"rotation": {"angle": 0, "axis": "y", "origin": [21.5, 24, 7]},
			"faces": {
				"north": {"uv": [16, 0, 10, 16], "texture": "#side"},
				"south": {"uv": [10, 0, 16, 16], "texture": "#side"}
			}
		},
		{
			"name": "small_cactus2",
			"from": [18.4, 16, 4.5],
			"to": [24.4, 32, 4.5],
			"rotation": {"angle": 0, "axis": "y", "origin": [21.5, 24, 7]},
			"faces": {
				"north": {"uv": [10, 0, 16, 16], "texture": "#side"},
				"south": {"uv": [16, 0, 10, 16], "texture": "#side"}
			}
		},
		{
			"name": "small_cactus2",
			"from": [18.9, 16, 4],
			"to": [18.9, 32, 10],
			"rotation": {"angle": 0, "axis": "y", "origin": [21.5, 24, 7]},
			"faces": {
				"east": {"uv": [16, 0, 10, 16], "texture": "#side"},
				"west": {"uv": [10, 0, 16, 16], "texture": "#side"}
			}
		},
		{
			"name": "small_cactus2",
			"from": [23.9, 16, 4],
			"to": [23.9, 32, 10],
			"rotation": {"angle": 0, "axis": "y", "origin": [21.5, 24, 7]},
			"faces": {
				"east": {"uv": [10, 0, 16, 16], "texture": "#side"},
				"west": {"uv": [16, 0, 10, 16], "texture": "#side"}
			}
		},
		{
			"name": "small_cactus2",
			"from": [18.4, 32, 4],
			"to": [24.4, 32, 10],
			"rotation": {"angle": 0, "axis": "y", "origin": [21.5, 24, 7]},
			"faces": {
				"up": {"uv": [3.5, 0, 9.5, 6], "texture": "#side"},
				"down": {"uv": [3.5, 6, 9.5, 0], "texture": "#side"}
			}
		},
		{
			"name": "small_cactus3",
			"from": [14.4, 1, 5],
			"to": [20.4, 1, 11],
			"rotation": {"angle": 0, "axis": "y", "origin": [21.25, 16, 7.5]},
			"faces": {
				"up": {"uv": [3.5, 6, 9.5, 0], "texture": "#side"},
				"down": {"uv": [3.5, 0, 9.5, 6], "texture": "#side"}
			}
		},
		{
			"name": "small_cactus3",
			"from": [14.4, 1, 5.5],
			"to": [20.4, 13, 5.5],
			"rotation": {"angle": 0, "axis": "y", "origin": [21.25, 16, 7.5]},
			"faces": {
				"north": {"uv": [10, 0, 16, 12], "texture": "#side"},
				"south": {"uv": [16, 0, 10, 12], "texture": "#side"}
			}
		},
		{
			"name": "small_cactus3",
			"from": [14.4, 1, 10.5],
			"to": [20.4, 13, 10.5],
			"rotation": {"angle": 0, "axis": "y", "origin": [21.25, 16, 7.5]},
			"faces": {
				"north": {"uv": [16, 0, 10, 12], "texture": "#side"},
				"south": {"uv": [10, 0, 16, 12], "texture": "#side"}
			}
		},
		{
			"name": "small_cactus3",
			"from": [19.9, 1, 5],
			"to": [19.9, 13, 11],
			"rotation": {"angle": 0, "axis": "y", "origin": [21.25, 16, 7.5]},
			"faces": {
				"east": {"uv": [10, 0, 16, 12], "texture": "#side"},
				"west": {"uv": [16, 0, 10, 12], "texture": "#side"}
			}
		},
		{
			"name": "small_cactus3",
			"from": [14.4, 13, 5],
			"to": [20.4, 13, 11],
			"rotation": {"angle": 0, "axis": "y", "origin": [21.25, 16, 7.5]},
			"faces": {
				"up": {"uv": [3.5, 0, 9.5, 6], "texture": "#side"},
				"down": {"uv": [3.5, 6, 9.5, 0], "texture": "#side"}
			}
		},
		{
			"name": "flower1",
			"from": [3, 16, 3],
			"to": [7, 16.5, 7],
			"faces": {
				"north": {"uv": [8, 0.5, 12, 1], "texture": "#1_3"},
				"east": {"uv": [11.5, 0.5, 12, 4.5], "rotation": 90, "texture": "#1_3"},
				"south": {"uv": [8, 4, 12, 4.5], "texture": "#1_3"},
				"west": {"uv": [8, 0.5, 8.5, 4.5], "rotation": 90, "texture": "#1_3"},
				"up": {"uv": [0, 5, 4, 9], "texture": "#1_3"}
			}
		},
		{
			"name": "flower1",
			"from": [4, 16.5, 4],
			"to": [6, 17, 6],
			"faces": {
				"north": {"uv": [3, 6, 1, 6.5], "texture": "#1_3"},
				"east": {"uv": [2.5, 6, 3, 8], "rotation": 90, "texture": "#1_3"},
				"south": {"uv": [1, 7.5, 3, 8], "texture": "#1_3"},
				"west": {"uv": [1, 8, 1.5, 6], "rotation": 90, "texture": "#1_3"},
				"up": {"uv": [1, 6, 3, 8], "texture": "#1_3"}
			}
		},
		{
			"name": "flower2",
			"from": [9, 16, 9],
			"to": [12, 16.5, 12],
			"faces": {
				"north": {"uv": [12.5, 1.5, 15.5, 2], "texture": "#1_3"},
				"east": {"uv": [15, 1.5, 15.5, 4.5], "rotation": 90, "texture": "#1_3"},
				"south": {"uv": [12.5, 4, 15.5, 4.5], "texture": "#1_3"},
				"west": {"uv": [12.5, 1.5, 13, 4.5], "rotation": 90, "texture": "#1_3"},
				"up": {"uv": [4.5, 6, 7.5, 9], "texture": "#1_3"}
			}
		},
		{
			"name": "flower2",
			"from": [10, 16.5, 10],
			"to": [11, 17, 11],
			"faces": {
				"north": {"uv": [6.5, 7, 5.5, 7.5], "texture": "#1_3"},
				"east": {"uv": [6, 7, 6.5, 8], "rotation": 90, "texture": "#1_3"},
				"south": {"uv": [5.5, 7.5, 6.5, 8], "texture": "#1_3"},
				"west": {"uv": [5.5, 8, 6, 7], "rotation": 90, "texture": "#1_3"},
				"up": {"uv": [5.5, 7, 6.5, 8], "texture": "#1_3"}
			}
		}
	],
	"groups": [
		{
			"name": "cactus",
			"origin": [8, 8, 8],
			"color": 0,
			"children": [0, 1, 2, 3, 4]
		},
		{
			"name": "small_cactus1",
			"origin": [17.5, 12, 8],
			"color": 0,
			"children": [5, 6, 7, 8, 9, 10]
		},
		{
			"name": "small_cactus2",
			"origin": [17.5, 12, 8],
			"color": 0,
			"children": [11, 12, 13, 14, 15, 16]
		},
		{
			"name": "small_cactus3",
			"origin": [17.5, 12, 8],
			"color": 0,
			"children": [17, 18, 19, 20, 21]
		},
		{
			"name": "flower1",
			"origin": [0, 0, 0],
			"color": 0,
			"children": [22, 23]
		},
		{
			"name": "flower2",
			"origin": [0, 0, 0],
			"color": 0,
			"children": [24, 25]
		}
	]
}