{
	"credit": "Made with Blockbench",
	"texture_size": [64, 64],
	"textures": {
		"0": "block/fence/dark_oak",
		"particle": "block/break/gate/dark_oak"
	},
	"elements": [
		{
			"from": [15, 0, 6],
			"to": [16, 14, 10],
			"faces": {
				"north": {"uv": [15.5, 0, 16, 7], "texture": "#0"},
				"east": {"uv": [12.75, 0, 14.75, 7], "texture": "#0"},
				"south": {"uv": [15, 0, 15.5, 7], "texture": "#0"},
				"west": {"uv": [12.75, 0, 14.75, 7], "texture": "#0"},
				"up": {"uv": [12.75, 7.75, 14.75, 7.25], "rotation": 90, "texture": "#0"},
				"down": {"uv": [12.75, 7.75, 14.75, 7.25], "rotation": 90, "texture": "#0"}
			}
		},
		{
			"from": [0, 0, 6],
			"to": [1, 14, 10],
			"faces": {
				"north": {"uv": [15, 0, 15.5, 7], "texture": "#0"},
				"east": {"uv": [12.75, 0, 14.75, 7], "texture": "#0"},
				"south": {"uv": [15.5, 0, 16, 7], "texture": "#0"},
				"west": {"uv": [12.75, 0, 14.75, 7], "texture": "#0"},
				"up": {"uv": [12.75, 8.25, 14.75, 7.75], "rotation": 90, "texture": "#0"},
				"down": {"uv": [12.75, 8.25, 14.75, 7.75], "rotation": 90, "texture": "#0"}
			}
		},
		{
			"from": [0.5, 1.5, 12.5],
			"to": [3.5, 14.5, 14],
			"rotation": {"angle": 0, "axis": "y", "origin": [2, 13, 8]},
			"faces": {
				"north": {"uv": [4.25, 0, 5.75, 6.5], "texture": "#0"},
				"east": {"uv": [3.5, 0, 4.25, 6.5], "texture": "#0"},
				"south": {"uv": [6.5, 0, 8, 6.5], "texture": "#0"},
				"west": {"uv": [5.75, 0, 6.5, 6.5], "texture": "#0"},
				"up": {"uv": [6.5, 6.5, 8, 7.25], "rotation": 180, "texture": "#0"},
				"down": {"uv": [5, 6.5, 6.5, 7.25], "texture": "#0"}
			}
		},
		{
			"from": [12.5, 1.5, 12.5],
			"to": [15.5, 14.5, 14],
			"rotation": {"angle": 0, "axis": "y", "origin": [14, 13, 8]},
			"faces": {
				"north": {"uv": [1.25, 0, 2.75, 6.5], "texture": "#0"},
				"east": {"uv": [0.5, 0, 1.25, 6.5], "texture": "#0"},
				"south": {"uv": [3.5, 0, 5, 6.5], "texture": "#0"},
				"west": {"uv": [2.75, 0, 3.5, 6.5], "texture": "#0"},
				"up": {"uv": [6.5, 7.25, 8, 8], "texture": "#0"},
				"down": {"uv": [5, 7.25, 6.5, 8], "rotation": 180, "texture": "#0"}
			}
		},
		{
			"from": [13, 11, 7],
			"to": [15, 13, 12.5],
			"rotation": {"angle": 0, "axis": "y", "origin": [14, 13, 8]},
			"faces": {
				"north": {"uv": [10, 11, 9, 12], "texture": "#0"},
				"east": {"uv": [13, 11, 10.25, 12], "texture": "#0"},
				"west": {"uv": [10.25, 11, 13, 12], "texture": "#0"},
				"up": {"uv": [13.25, 9.75, 16, 10.75], "rotation": 270, "texture": "#0"},
				"down": {"uv": [16, 8.5, 13.25, 9.5], "rotation": 90, "texture": "#0"}
			}
		},
		{
			"from": [13, 7, 7],
			"to": [15, 9, 12.5],
			"rotation": {"angle": 0, "axis": "y", "origin": [14, 13, 8]},
			"faces": {
				"north": {"uv": [10, 13, 9, 14], "texture": "#0"},
				"east": {"uv": [13, 13, 10.25, 14], "texture": "#0"},
				"west": {"uv": [10.25, 13, 13, 14], "texture": "#0"},
				"up": {"uv": [13.25, 9.75, 16, 10.75], "rotation": 270, "texture": "#0"},
				"down": {"uv": [16, 9.75, 13.25, 10.75], "rotation": 90, "texture": "#0"}
			}
		},
		{
			"from": [13, 9, 7],
			"to": [15, 11, 8],
			"rotation": {"angle": 0, "axis": "y", "origin": [14, 13, 8]},
			"faces": {
				"north": {"uv": [10, 12, 9, 13], "texture": "#0"},
				"east": {"uv": [10.75, 12, 10.25, 13], "texture": "#0"},
				"south": {"uv": [8.75, 11, 7.75, 12], "texture": "#0"},
				"west": {"uv": [10.25, 12, 10.75, 13], "texture": "#0"}
			}
		},
		{
			"from": [13, 5, 7],
			"to": [15, 7, 8],
			"rotation": {"angle": 0, "axis": "y", "origin": [14, 13, 8]},
			"faces": {
				"north": {"uv": [10, 14, 9, 15], "texture": "#0"},
				"east": {"uv": [10.75, 14, 10.25, 15], "texture": "#0"},
				"south": {"uv": [8.75, 11, 7.75, 12], "texture": "#0"},
				"west": {"uv": [10.25, 14, 10.75, 15], "texture": "#0"}
			}
		},
		{
			"from": [13, 3, 7],
			"to": [15, 5, 12.5],
			"rotation": {"angle": 0, "axis": "y", "origin": [14, 13, 8]},
			"faces": {
				"north": {"uv": [10, 15, 9, 16], "texture": "#0"},
				"east": {"uv": [13, 15, 10.25, 16], "texture": "#0"},
				"west": {"uv": [10.25, 15, 13, 16], "texture": "#0"},
				"up": {"uv": [16, 8.5, 13.25, 9.5], "rotation": 270, "texture": "#0"},
				"down": {"uv": [16, 9.75, 13.25, 10.75], "rotation": 90, "texture": "#0"}
			}
		},
		{
			"from": [1, 11, 7],
			"to": [3, 13, 12.5],
			"rotation": {"angle": 0, "axis": "y", "origin": [2, 13, 8]},
			"faces": {
				"north": {"uv": [10, 11, 9, 12], "texture": "#0"},
				"east": {"uv": [13.25, 11, 16, 12], "texture": "#0"},
				"west": {"uv": [16, 11, 13.25, 12], "texture": "#0"},
				"up": {"uv": [13.25, 9.75, 16, 10.75], "rotation": 90, "texture": "#0"},
				"down": {"uv": [13.25, 8.5, 16, 9.5], "rotation": 270, "texture": "#0"}
			}
		},
		{
			"from": [1, 7, 7],
			"to": [3, 9, 12.5],
			"rotation": {"angle": 0, "axis": "y", "origin": [2, 13, 8]},
			"faces": {
				"north": {"uv": [10, 13, 9, 14], "texture": "#0"},
				"east": {"uv": [13.25, 13, 16, 14], "texture": "#0"},
				"west": {"uv": [16, 13, 13.25, 14], "texture": "#0"},
				"up": {"uv": [13.25, 9.75, 16, 10.75], "rotation": 90, "texture": "#0"},
				"down": {"uv": [16, 9.75, 13.25, 10.75], "rotation": 270, "texture": "#0"}
			}
		},
		{
			"from": [1, 9, 7],
			"to": [3, 11, 8],
			"rotation": {"angle": 0, "axis": "y", "origin": [2, 13, 8]},
			"faces": {
				"north": {"uv": [10, 12, 9, 13], "texture": "#0"},
				"east": {"uv": [15.5, 12, 16, 13], "texture": "#0"},
				"south": {"uv": [8.75, 11, 7.75, 12], "texture": "#0"},
				"west": {"uv": [16, 12, 15.5, 13], "texture": "#0"}
			}
		},
		{
			"from": [1, 5, 7],
			"to": [3, 7, 8],
			"rotation": {"angle": 0, "axis": "y", "origin": [2, 13, 8]},
			"faces": {
				"north": {"uv": [10, 14, 9, 15], "texture": "#0"},
				"east": {"uv": [15.5, 14, 16, 15], "texture": "#0"},
				"south": {"uv": [8.75, 11, 7.75, 12], "texture": "#0"},
				"west": {"uv": [16, 14, 15.5, 15], "texture": "#0"}
			}
		},
		{
			"from": [1, 3, 7],
			"to": [3, 5, 12.5],
			"rotation": {"angle": 0, "axis": "y", "origin": [2, 13, 8]},
			"faces": {
				"north": {"uv": [10, 15, 9, 16], "texture": "#0"},
				"east": {"uv": [13.25, 15, 16, 16], "texture": "#0"},
				"west": {"uv": [16, 15, 13.25, 16], "texture": "#0"},
				"up": {"uv": [13.25, 8.5, 16, 9.5], "rotation": 90, "texture": "#0"},
				"down": {"uv": [16, 9.75, 13.25, 10.75], "rotation": 270, "texture": "#0"}
			}
		}
	],
	"display": {
		"thirdperson_righthand": {
			"rotation": [75, 45, 0],
			"translation": [0, 2, 0],
			"scale": [0.375, 0.375, 0.375]
		},
		"thirdperson_lefthand": {
			"rotation": [75, 45, 0],
			"translation": [0, 2, 0],
			"scale": [0.375, 0.375, 0.375]
		},
		"firstperson_righthand": {
			"rotation": [0, 45, 0],
			"scale": [0.4, 0.4, 0.4]
		},
		"firstperson_lefthand": {
			"rotation": [0, 225, 0],
			"scale": [0.4, 0.4, 0.4]
		},
		"ground": {
			"rotation": [90, 0, 0],
			"translation": [0, 1, 0],
			"scale": [0.25, 0.25, 0.25]
		},
		"gui": {
			"rotation": [30, 225, 0],
			"scale": [0.75, 0.75, 0.75]
		},
		"fixed": {
			"scale": [0.5, 0.5, 0.5]
		}
	}
}