{
	"credit": "Made with Blockbench",
	"parent": "block/slab",
	"textures": {
		"all": "block/cake/1",
		"particle": "block/break/cake"
	},
	"elements": [
		{
			"name": "cake",
			"from": [1.5, 0, 1.5],
			"to": [14.5, 8, 14.5],
			"faces": {
				"north": {"uv": [12.625, 3.625, 15.875, 5.625], "texture": "#all"},
				"east": {"uv": [12.625, 3.625, 15.875, 5.625], "texture": "#all"},
				"south": {"uv": [12.625, 3.625, 15.875, 5.625], "texture": "#all"},
				"west": {"uv": [12.625, 3.625, 15.875, 5.625], "texture": "#all"},
				"up": {"uv": [12.625, 0.125, 15.875, 3.375], "texture": "#all"},
				"down": {"uv": [12.75, 5.75, 16, 9], "texture": "#all"}
			}
		},
		{
			"name": "cream",
			"from": [1, 5.5, 14.5],
			"to": [15, 8, 15],
			"rotation": {"angle": 0, "axis": "y", "origin": [8, 0, 8]},
			"faces": {
				"east": {"uv": [12.5, 3.625, 12.625, 4.25], "texture": "#all"},
				"south": {"uv": [12.5, 3.625, 16, 4.25], "texture": "#all"},
				"west": {"uv": [15.875, 3.625, 16, 4.25], "texture": "#all"},
				"up": {"uv": [12.5, 3.375, 16, 3.5], "texture": "#all"},
				"down": {"uv": [12.5, 4.125, 16, 4.25], "texture": "#all"}
			}
		},
		{
			"name": "cream",
			"from": [4.5, 5, 14.5],
			"to": [7, 5.5, 15],
			"rotation": {"angle": 0, "axis": "y", "origin": [8, 0, 8]},
			"faces": {
				"east": {"uv": [13.875, 4.25, 14, 4.375], "texture": "#all"},
				"south": {"uv": [13.375, 4.25, 14, 4.375], "texture": "#all"},
				"west": {"uv": [13.375, 4.25, 13.5, 4.375], "texture": "#all"},
				"down": {"uv": [13.375, 4.25, 14, 4.375], "texture": "#all"}
			}
		},
		{
			"name": "cream",
			"from": [5, 4.5, 14.5],
			"to": [6.5, 5, 15],
			"rotation": {"angle": 0, "axis": "y", "origin": [8, 0, 8]},
			"faces": {
				"east": {"uv": [13.875, 4.5, 13.75, 4.375], "texture": "#all"},
				"south": {"uv": [13.5, 4.375, 13.875, 4.5], "texture": "#all"},
				"west": {"uv": [13.625, 4.5, 13.5, 4.375], "texture": "#all"},
				"down": {"uv": [13.5, 4.375, 13.875, 4.5], "texture": "#all"}
			}
		},
		{
			"name": "cream",
			"from": [1, 4.5, 14.5],
			"to": [2, 5, 15],
			"rotation": {"angle": 0, "axis": "y", "origin": [8, 0, 8]},
			"faces": {
				"east": {"uv": [12.75, 4.5, 12.625, 4.375], "texture": "#all"},
				"south": {"uv": [12.5, 4.375, 12.75, 4.5], "texture": "#all"},
				"west": {"uv": [16, 4.5, 15.875, 4.375], "texture": "#all"},
				"down": {"uv": [12.5, 4.375, 12.75, 4.5], "texture": "#all"}
			}
		},
		{
			"name": "cream",
			"from": [1, 5, 14.5],
			"to": [2.5, 5.5, 15],
			"rotation": {"angle": 0, "axis": "y", "origin": [8, 0, 8]},
			"faces": {
				"east": {"uv": [12.75, 4.25, 12.875, 4.375], "texture": "#all"},
				"south": {"uv": [12.5, 4.25, 12.875, 4.375], "texture": "#all"},
				"west": {"uv": [16, 4.25, 15.875, 4.375], "texture": "#all"},
				"down": {"uv": [12.5, 4.25, 12.875, 4.375], "texture": "#all"}
			}
		},
		{
			"name": "cream",
			"from": [9, 5, 14.5],
			"to": [11.5, 5.5, 15],
			"rotation": {"angle": 0, "axis": "y", "origin": [8, 0, 8]},
			"faces": {
				"east": {"uv": [15, 4.25, 15.125, 4.375], "texture": "#all"},
				"south": {"uv": [14.5, 4.25, 15.125, 4.375], "texture": "#all"},
				"west": {"uv": [14.5, 4.25, 14.625, 4.375], "texture": "#all"},
				"down": {"uv": [14.5, 4.25, 15.125, 4.375], "texture": "#all"}
			}
		},
		{
			"name": "cream",
			"from": [9.5, 4.5, 14.5],
			"to": [11, 5, 15],
			"rotation": {"angle": 0, "axis": "y", "origin": [8, 0, 8]},
			"faces": {
				"east": {"uv": [15, 4.5, 14.875, 4.375], "texture": "#all"},
				"south": {"uv": [14.625, 4.375, 15, 4.5], "texture": "#all"},
				"west": {"uv": [14.75, 4.5, 14.625, 4.375], "texture": "#all"},
				"down": {"uv": [14.625, 4.375, 15, 4.5], "texture": "#all"}
			}
		},
		{
			"name": "cream",
			"from": [13.5, 5, 14.5],
			"to": [15, 5.5, 15],
			"rotation": {"angle": 0, "axis": "y", "origin": [8, 0, 8]},
			"faces": {
				"east": {"uv": [12.5, 4.25, 12.625, 4.375], "texture": "#all"},
				"south": {"uv": [15.625, 4.25, 16, 4.375], "texture": "#all"},
				"west": {"uv": [15.625, 4.25, 15.75, 4.375], "texture": "#all"},
				"down": {"uv": [15.625, 4.25, 16, 4.375], "texture": "#all"}
			}
		},
		{
			"name": "cream",
			"from": [14, 4.5, 14.5],
			"to": [15, 5, 15],
			"rotation": {"angle": 0, "axis": "y", "origin": [8, 0, 8]},
			"faces": {
				"east": {"uv": [12.625, 4.5, 12.5, 4.375], "texture": "#all"},
				"south": {"uv": [15.75, 4.375, 16, 4.5], "texture": "#all"},
				"west": {"uv": [15.875, 4.5, 15.75, 4.375], "texture": "#all"},
				"down": {"uv": [15.75, 4.375, 16, 4.5], "texture": "#all"}
			}
		},
		{
			"name": "cream",
			"from": [1, 5.5, 1],
			"to": [15, 8, 1.5],
			"rotation": {"angle": 0, "axis": "y", "origin": [8, 0, 8]},
			"faces": {
				"north": {"uv": [12.5, 3.625, 16, 4.25], "texture": "#all"},
				"east": {"uv": [15.875, 3.625, 16, 4.25], "texture": "#all"},
				"west": {"uv": [12.5, 3.625, 12.625, 4.25], "texture": "#all"},
				"up": {"uv": [12.5, 0, 16, 0.125], "texture": "#all"},
				"down": {"uv": [12.5, 4.125, 16, 4.25], "rotation": 180, "texture": "#all"}
			}
		},
		{
			"name": "cream",
			"from": [9, 5, 1],
			"to": [11.5, 5.5, 1.5],
			"rotation": {"angle": 0, "axis": "y", "origin": [8, 0, 8]},
			"faces": {
				"north": {"uv": [13.375, 4.25, 14, 4.375], "texture": "#all"},
				"east": {"uv": [13.375, 4.25, 13.5, 4.375], "texture": "#all"},
				"west": {"uv": [13.875, 4.25, 14, 4.375], "texture": "#all"},
				"down": {"uv": [13.375, 4.25, 14, 4.375], "rotation": 180, "texture": "#all"}
			}
		},
		{
			"name": "cream",
			"from": [9.5, 4.5, 1],
			"to": [11, 5, 1.5],
			"rotation": {"angle": 0, "axis": "y", "origin": [8, 0, 8]},
			"faces": {
				"north": {"uv": [13.5, 4.375, 13.875, 4.5], "texture": "#all"},
				"east": {"uv": [13.625, 4.5, 13.5, 4.375], "texture": "#all"},
				"west": {"uv": [13.875, 4.5, 13.75, 4.375], "texture": "#all"},
				"down": {"uv": [13.5, 4.375, 13.875, 4.5], "rotation": 180, "texture": "#all"}
			}
		},
		{
			"name": "cream",
			"from": [14, 4.5, 1],
			"to": [15, 5, 1.5],
			"rotation": {"angle": 0, "axis": "y", "origin": [8, 0, 8]},
			"faces": {
				"north": {"uv": [12.5, 4.375, 12.75, 4.5], "texture": "#all"},
				"east": {"uv": [16, 4.5, 15.875, 4.375], "texture": "#all"},
				"west": {"uv": [12.75, 4.5, 12.625, 4.375], "texture": "#all"},
				"down": {"uv": [12.5, 4.375, 12.75, 4.5], "rotation": 180, "texture": "#all"}
			}
		},
		{
			"name": "cream",
			"from": [13.5, 5, 1],
			"to": [15, 5.5, 1.5],
			"rotation": {"angle": 0, "axis": "y", "origin": [8, 0, 8]},
			"faces": {
				"north": {"uv": [12.5, 4.25, 12.875, 4.375], "texture": "#all"},
				"east": {"uv": [16, 4.25, 15.875, 4.375], "texture": "#all"},
				"west": {"uv": [12.75, 4.25, 12.875, 4.375], "texture": "#all"},
				"down": {"uv": [12.5, 4.25, 12.875, 4.375], "rotation": 180, "texture": "#all"}
			}
		},
		{
			"name": "cream",
			"from": [4.5, 5, 1],
			"to": [7, 5.5, 1.5],
			"rotation": {"angle": 0, "axis": "y", "origin": [8, 0, 8]},
			"faces": {
				"north": {"uv": [14.5, 4.25, 15.125, 4.375], "texture": "#all"},
				"east": {"uv": [14.5, 4.25, 14.625, 4.375], "texture": "#all"},
				"west": {"uv": [15, 4.25, 15.125, 4.375], "texture": "#all"},
				"down": {"uv": [14.5, 4.25, 15.125, 4.375], "rotation": 180, "texture": "#all"}
			}
		},
		{
			"name": "cream",
			"from": [5, 4.5, 1],
			"to": [6.5, 5, 1.5],
			"rotation": {"angle": 0, "axis": "y", "origin": [8, 0, 8]},
			"faces": {
				"north": {"uv": [14.625, 4.375, 15, 4.5], "texture": "#all"},
				"east": {"uv": [14.75, 4.5, 14.625, 4.375], "texture": "#all"},
				"west": {"uv": [15, 4.5, 14.875, 4.375], "texture": "#all"},
				"down": {"uv": [14.625, 4.375, 15, 4.5], "rotation": 180, "texture": "#all"}
			}
		},
		{
			"name": "cream",
			"from": [1, 5, 1],
			"to": [2.5, 5.5, 1.5],
			"rotation": {"angle": 0, "axis": "y", "origin": [8, 0, 8]},
			"faces": {
				"north": {"uv": [15.625, 4.25, 16, 4.375], "texture": "#all"},
				"east": {"uv": [15.625, 4.25, 15.75, 4.375], "texture": "#all"},
				"west": {"uv": [12.5, 4.25, 12.625, 4.375], "texture": "#all"},
				"down": {"uv": [15.625, 4.25, 16, 4.375], "rotation": 180, "texture": "#all"}
			}
		},
		{
			"name": "cream",
			"from": [1, 4.5, 1],
			"to": [2, 5, 1.5],
			"rotation": {"angle": 0, "axis": "y", "origin": [8, 0, 8]},
			"faces": {
				"north": {"uv": [15.75, 4.375, 16, 4.5], "texture": "#all"},
				"east": {"uv": [15.875, 4.5, 15.75, 4.375], "texture": "#all"},
				"west": {"uv": [12.625, 4.5, 12.5, 4.375], "texture": "#all"},
				"down": {"uv": [15.75, 4.375, 16, 4.5], "rotation": 180, "texture": "#all"}
			}
		},
		{
			"name": "cream",
			"from": [14.5, 5.5, 1.5],
			"to": [15, 8, 14.5],
			"rotation": {"angle": 0, "axis": "y", "origin": [8, 0, 8]},
			"faces": {
				"east": {"uv": [12.625, 3.625, 15.875, 4.25], "texture": "#all"},
				"up": {"uv": [15.875, 0.125, 16, 3.375], "texture": "#all"},
				"down": {"uv": [12.625, 4.125, 15.875, 4.25], "rotation": 90, "texture": "#all"}
			}
		},
		{
			"name": "cream",
			"from": [14.5, 5, 9],
			"to": [15, 5.5, 11.5],
			"rotation": {"angle": 0, "axis": "y", "origin": [8, 0, 8]},
			"faces": {
				"north": {"uv": [13.875, 4.25, 14, 4.375], "texture": "#all"},
				"east": {"uv": [13.375, 4.25, 14, 4.375], "texture": "#all"},
				"south": {"uv": [13.375, 4.25, 13.5, 4.375], "texture": "#all"},
				"down": {"uv": [13.375, 4.25, 14, 4.375], "rotation": 90, "texture": "#all"}
			}
		},
		{
			"name": "cream",
			"from": [14.5, 5, 13.5],
			"to": [15, 5.5, 14.5],
			"rotation": {"angle": 0, "axis": "y", "origin": [8, 0, 8]},
			"faces": {
				"north": {"uv": [12.75, 4.25, 12.875, 4.375], "texture": "#all"},
				"east": {"uv": [12.625, 4.25, 12.875, 4.375], "texture": "#all"},
				"down": {"uv": [12.625, 4.25, 12.875, 4.375], "rotation": 90, "texture": "#all"}
			}
		},
		{
			"name": "cream",
			"from": [14.5, 4.5, 14],
			"to": [15, 5, 14.5],
			"rotation": {"angle": 0, "axis": "y", "origin": [8, 0, 8]},
			"faces": {
				"north": {"uv": [12.625, 4.375, 12.75, 4.5], "texture": "#all"},
				"east": {"uv": [12.625, 4.375, 12.75, 4.5], "texture": "#all"},
				"down": {"uv": [12.625, 4.375, 12.75, 4.5], "texture": "#all"}
			}
		},
		{
			"name": "cream",
			"from": [14.5, 4.5, 9.5],
			"to": [15, 5, 11],
			"rotation": {"angle": 0, "axis": "y", "origin": [8, 0, 8]},
			"faces": {
				"north": {"uv": [13.75, 4.375, 13.875, 4.5], "texture": "#all"},
				"east": {"uv": [13.5, 4.375, 13.875, 4.5], "texture": "#all"},
				"south": {"uv": [13.5, 4.375, 13.625, 4.5], "texture": "#all"},
				"down": {"uv": [13.5, 4.375, 13.875, 4.5], "rotation": 90, "texture": "#all"}
			}
		},
		{
			"name": "cream",
			"from": [14.5, 4.5, 5],
			"to": [15, 5, 6.5],
			"rotation": {"angle": 0, "axis": "y", "origin": [8, 0, 8]},
			"faces": {
				"north": {"uv": [14.875, 4.375, 15, 4.5], "texture": "#all"},
				"east": {"uv": [14.625, 4.375, 15, 4.5], "texture": "#all"},
				"south": {"uv": [14.625, 4.375, 14.75, 4.5], "texture": "#all"},
				"down": {"uv": [14.625, 4.375, 15, 4.5], "rotation": 90, "texture": "#all"}
			}
		},
		{
			"name": "cream",
			"from": [14.5, 4.5, 1.5],
			"to": [15, 5, 2],
			"rotation": {"angle": 0, "axis": "y", "origin": [8, 0, 8]},
			"faces": {
				"east": {"uv": [15.75, 4.375, 15.875, 4.5], "texture": "#all"},
				"south": {"uv": [15.75, 4.375, 15.875, 4.5], "texture": "#all"},
				"down": {"uv": [15.75, 4.375, 15.875, 4.5], "texture": "#all"}
			}
		},
		{
			"name": "cream",
			"from": [14.5, 5, 4.5],
			"to": [15, 5.5, 7],
			"rotation": {"angle": 0, "axis": "y", "origin": [8, 0, 8]},
			"faces": {
				"north": {"uv": [15, 4.25, 15.125, 4.375], "texture": "#all"},
				"east": {"uv": [14.5, 4.25, 15.125, 4.375], "texture": "#all"},
				"south": {"uv": [14.5, 4.25, 14.625, 4.375], "texture": "#all"},
				"down": {"uv": [14.5, 4.25, 15.125, 4.375], "rotation": 90, "texture": "#all"}
			}
		},
		{
			"name": "cream",
			"from": [14.5, 5, 1.5],
			"to": [15, 5.5, 2.5],
			"rotation": {"angle": 0, "axis": "y", "origin": [8, 0, 8]},
			"faces": {
				"east": {"uv": [15.625, 4.25, 15.875, 4.375], "texture": "#all"},
				"south": {"uv": [15.625, 4.25, 15.75, 4.375], "texture": "#all"},
				"down": {"uv": [15.625, 4.25, 15.875, 4.375], "rotation": 90, "texture": "#all"}
			}
		},
		{
			"name": "cream",
			"from": [1, 5.5, 1.5],
			"to": [1.5, 8, 14.5],
			"rotation": {"angle": 0, "axis": "y", "origin": [8, 0, 8]},
			"faces": {
				"west": {"uv": [12.625, 3.625, 15.875, 4.25], "texture": "#all"},
				"up": {"uv": [12.5, 0.125, 12.625, 3.375], "texture": "#all"},
				"down": {"uv": [12.625, 4.125, 15.875, 4.25], "rotation": 270, "texture": "#all"}
			}
		},
		{
			"name": "cream",
			"from": [1, 5, 4.5],
			"to": [1.5, 5.5, 7],
			"rotation": {"angle": 0, "axis": "y", "origin": [8, 0, 8]},
			"faces": {
				"north": {"uv": [13.375, 4.25, 13.5, 4.375], "texture": "#all"},
				"south": {"uv": [13.875, 4.25, 14, 4.375], "texture": "#all"},
				"west": {"uv": [13.375, 4.25, 14, 4.375], "texture": "#all"},
				"down": {"uv": [13.375, 4.25, 14, 4.375], "rotation": 270, "texture": "#all"}
			}
		},
		{
			"name": "cream",
			"from": [1, 5, 1.5],
			"to": [1.5, 5.5, 2.5],
			"rotation": {"angle": 0, "axis": "y", "origin": [8, 0, 8]},
			"faces": {
				"south": {"uv": [12.75, 4.25, 12.875, 4.375], "texture": "#all"},
				"west": {"uv": [12.625, 4.25, 12.875, 4.375], "texture": "#all"},
				"down": {"uv": [12.625, 4.25, 12.875, 4.375], "rotation": 270, "texture": "#all"}
			}
		},
		{
			"name": "cream",
			"from": [1, 4.5, 1.5],
			"to": [1.5, 5, 2],
			"rotation": {"angle": 0, "axis": "y", "origin": [8, 0, 8]},
			"faces": {
				"south": {"uv": [12.625, 4.375, 12.75, 4.5], "texture": "#all"},
				"west": {"uv": [12.625, 4.375, 12.75, 4.5], "texture": "#all"},
				"down": {"uv": [12.625, 4.375, 12.75, 4.5], "rotation": 180, "texture": "#all"}
			}
		},
		{
			"name": "cream",
			"from": [1, 4.5, 5],
			"to": [1.5, 5, 6.5],
			"rotation": {"angle": 0, "axis": "y", "origin": [8, 0, 8]},
			"faces": {
				"north": {"uv": [13.5, 4.375, 13.625, 4.5], "texture": "#all"},
				"south": {"uv": [13.75, 4.375, 13.875, 4.5], "texture": "#all"},
				"west": {"uv": [13.5, 4.375, 13.875, 4.5], "texture": "#all"},
				"down": {"uv": [13.5, 4.375, 13.875, 4.5], "rotation": 270, "texture": "#all"}
			}
		},
		{
			"name": "cream",
			"from": [1, 4.5, 9.5],
			"to": [1.5, 5, 11],
			"rotation": {"angle": 0, "axis": "y", "origin": [8, 0, 8]},
			"faces": {
				"north": {"uv": [14.625, 4.375, 14.75, 4.5], "texture": "#all"},
				"south": {"uv": [14.875, 4.375, 15, 4.5], "texture": "#all"},
				"west": {"uv": [14.625, 4.375, 15, 4.5], "texture": "#all"},
				"down": {"uv": [14.625, 4.375, 15, 4.5], "rotation": 270, "texture": "#all"}
			}
		},
		{
			"name": "cream",
			"from": [1, 4.5, 14],
			"to": [1.5, 5, 14.5],
			"rotation": {"angle": 0, "axis": "y", "origin": [8, 0, 8]},
			"faces": {
				"north": {"uv": [15.75, 4.375, 15.875, 4.5], "texture": "#all"},
				"west": {"uv": [15.75, 4.375, 15.875, 4.5], "texture": "#all"},
				"down": {"uv": [15.75, 4.375, 15.875, 4.5], "rotation": 180, "texture": "#all"}
			}
		},
		{
			"name": "cream",
			"from": [1, 5, 9],
			"to": [1.5, 5.5, 11.5],
			"rotation": {"angle": 0, "axis": "y", "origin": [8, 0, 8]},
			"faces": {
				"north": {"uv": [14.5, 4.25, 14.625, 4.375], "texture": "#all"},
				"south": {"uv": [15, 4.25, 15.125, 4.375], "texture": "#all"},
				"west": {"uv": [14.5, 4.25, 15.125, 4.375], "texture": "#all"},
				"down": {"uv": [14.5, 4.25, 15.125, 4.375], "rotation": 270, "texture": "#all"}
			}
		},
		{
			"name": "cream",
			"from": [1, 5, 13.5],
			"to": [1.5, 5.5, 14.5],
			"rotation": {"angle": 0, "axis": "y", "origin": [8, 0, 8]},
			"faces": {
				"north": {"uv": [15.625, 4.25, 15.75, 4.375], "texture": "#all"},
				"west": {"uv": [15.625, 4.25, 15.875, 4.375], "texture": "#all"},
				"down": {"uv": [15.625, 4.25, 15.875, 4.375], "rotation": 270, "texture": "#all"}
			}
		},
		{
			"from": [7, 9.5, 7],
			"to": [9, 10, 9],
			"rotation": {"angle": 0, "axis": "y", "origin": [4, 8, 12]},
			"faces": {
				"north": {"uv": [11.125, 1.375, 10.625, 1.5], "texture": "#all"},
				"east": {"uv": [11, 1.375, 11.125, 1.875], "rotation": 90, "texture": "#all"},
				"south": {"uv": [10.625, 1.75, 11.125, 1.875], "texture": "#all"},
				"west": {"uv": [10.625, 1.875, 10.75, 1.375], "rotation": 90, "texture": "#all"},
				"up": {"uv": [10.625, 1.375, 11.125, 1.875], "texture": "#all"}
			}
		},
		{
			"from": [4.5, 8.5, 3.5],
			"to": [5.5, 9, 4.5],
			"rotation": {"angle": 0, "axis": "y", "origin": [4, 8, 12]},
			"faces": {
				"north": {"uv": [10.25, 0.5, 10, 0.625], "texture": "#all"},
				"east": {"uv": [10.125, 0.5, 10.25, 0.75], "rotation": 90, "texture": "#all"},
				"south": {"uv": [10, 0.625, 10.25, 0.75], "texture": "#all"},
				"west": {"uv": [10, 0.75, 10.125, 0.5], "rotation": 90, "texture": "#all"},
				"up": {"uv": [10, 0.5, 10.25, 0.75], "texture": "#all"}
			}
		},
		{
			"from": [10.5, 8, 2],
			"to": [11.5, 8.5, 3],
			"rotation": {"angle": 0, "axis": "y", "origin": [4, 8, 12]},
			"faces": {
				"north": {"uv": [11.75, 0.125, 11.5, 0.25], "texture": "#all"},
				"east": {"uv": [11.625, 0.125, 11.75, 0.375], "rotation": 90, "texture": "#all"},
				"south": {"uv": [11.5, 0.25, 11.75, 0.375], "texture": "#all"},
				"west": {"uv": [11.5, 0.375, 11.625, 0.125], "rotation": 90, "texture": "#all"},
				"up": {"uv": [11.5, 0.125, 11.75, 0.375], "texture": "#all"}
			}
		},
		{
			"from": [11, 8, 5],
			"to": [12, 8.5, 6],
			"rotation": {"angle": 0, "axis": "y", "origin": [4, 8, 12]},
			"faces": {
				"north": {"uv": [11.875, 0.875, 11.625, 1], "texture": "#all"},
				"east": {"uv": [11.75, 0.875, 11.875, 1.125], "rotation": 90, "texture": "#all"},
				"south": {"uv": [11.625, 1, 11.875, 1.125], "texture": "#all"},
				"west": {"uv": [11.625, 1.125, 11.75, 0.875], "rotation": 90, "texture": "#all"},
				"up": {"uv": [11.625, 0.875, 11.875, 1.125], "texture": "#all"}
			}
		},
		{
			"from": [13, 8, 9],
			"to": [14, 8.5, 10],
			"rotation": {"angle": 0, "axis": "y", "origin": [4, 8, 12]},
			"faces": {
				"north": {"uv": [12.375, 1.875, 12.125, 2], "texture": "#all"},
				"east": {"uv": [12.25, 1.875, 12.375, 2.125], "rotation": 90, "texture": "#all"},
				"south": {"uv": [12.125, 2, 12.375, 2.125], "texture": "#all"},
				"west": {"uv": [12.125, 2.125, 12.25, 1.875], "rotation": 90, "texture": "#all"},
				"up": {"uv": [12.125, 1.875, 12.375, 2.125], "texture": "#all"}
			}
		},
		{
			"from": [10, 8, 12],
			"to": [11, 8.5, 13],
			"rotation": {"angle": 0, "axis": "y", "origin": [4, 8, 12]},
			"faces": {
				"north": {"uv": [11.625, 2.625, 11.375, 2.75], "texture": "#all"},
				"east": {"uv": [11.5, 2.625, 11.625, 2.875], "rotation": 90, "texture": "#all"},
				"south": {"uv": [11.375, 2.75, 11.625, 2.875], "texture": "#all"},
				"west": {"uv": [11.375, 2.875, 11.5, 2.625], "rotation": 90, "texture": "#all"},
				"up": {"uv": [11.375, 2.625, 11.625, 2.875], "texture": "#all"}
			}
		},
		{
			"from": [2, 8, 7],
			"to": [3, 8.5, 8],
			"rotation": {"angle": 0, "axis": "y", "origin": [4, 8, 12]},
			"faces": {
				"north": {"uv": [9.625, 1.375, 9.375, 1.5], "texture": "#all"},
				"east": {"uv": [9.5, 1.375, 9.625, 1.625], "rotation": 90, "texture": "#all"},
				"south": {"uv": [9.375, 1.5, 9.625, 1.625], "texture": "#all"},
				"west": {"uv": [9.375, 1.625, 9.5, 1.375], "rotation": 90, "texture": "#all"},
				"up": {"uv": [9.375, 1.375, 9.625, 1.625], "texture": "#all"}
			}
		},
		{
			"from": [4.5, 8, 3],
			"to": [5.5, 8.5, 5],
			"rotation": {"angle": 0, "axis": "y", "origin": [4, 8, 12]},
			"faces": {
				"north": {"uv": [10.25, 0.375, 10, 0.5], "texture": "#all"},
				"east": {"uv": [10.125, 0.375, 10.25, 0.875], "rotation": 90, "texture": "#all"},
				"south": {"uv": [10, 0.75, 10.25, 0.875], "texture": "#all"},
				"west": {"uv": [10, 0.875, 10.125, 0.375], "rotation": 90, "texture": "#all"},
				"up": {"uv": [10, 0.375, 10.25, 0.875], "texture": "#all"}
			}
		},
		{
			"from": [4, 8, 3.5],
			"to": [6, 8.5, 4.5],
			"rotation": {"angle": 0, "axis": "y", "origin": [4, 8, 12]},
			"faces": {
				"north": {"uv": [10.375, 0.5, 9.875, 0.625], "texture": "#all"},
				"east": {"uv": [10.25, 0.5, 10.375, 0.75], "rotation": 90, "texture": "#all"},
				"south": {"uv": [9.875, 0.625, 10.375, 0.75], "texture": "#all"},
				"west": {"uv": [9.875, 0.75, 10, 0.5], "rotation": 90, "texture": "#all"},
				"up": {"uv": [9.875, 0.5, 10.375, 0.75], "texture": "#all"}
			}
		},
		{
			"from": [3.5, 8.5, 11.5],
			"to": [4.5, 9, 12.5],
			"rotation": {"angle": 0, "axis": "y", "origin": [4, 8, 12]},
			"faces": {
				"north": {"uv": [10, 2.5, 9.75, 2.625], "texture": "#all"},
				"east": {"uv": [9.875, 2.5, 10, 2.75], "rotation": 90, "texture": "#all"},
				"south": {"uv": [9.75, 2.625, 10, 2.75], "texture": "#all"},
				"west": {"uv": [9.75, 2.75, 9.875, 2.5], "rotation": 90, "texture": "#all"},
				"up": {"uv": [9.75, 2.5, 10, 2.75], "texture": "#all"}
			}
		},
		{
			"from": [3, 8, 11.5],
			"to": [5, 8.5, 12.5],
			"rotation": {"angle": 0, "axis": "y", "origin": [4, 8, 12]},
			"faces": {
				"north": {"uv": [10.125, 2.5, 9.625, 2.625], "texture": "#all"},
				"east": {"uv": [10, 2.5, 10.125, 2.75], "rotation": 90, "texture": "#all"},
				"south": {"uv": [9.625, 2.625, 10.125, 2.75], "texture": "#all"},
				"west": {"uv": [9.625, 2.75, 9.75, 2.5], "rotation": 90, "texture": "#all"},
				"up": {"uv": [9.625, 2.5, 10.125, 2.75], "texture": "#all"}
			}
		},
		{
			"from": [3.5, 8, 11],
			"to": [4.5, 8.5, 13],
			"rotation": {"angle": 0, "axis": "y", "origin": [4, 8, 12]},
			"faces": {
				"north": {"uv": [10, 2.375, 9.75, 2.5], "texture": "#all"},
				"east": {"uv": [9.875, 2.375, 10, 2.875], "rotation": 90, "texture": "#all"},
				"south": {"uv": [9.75, 2.75, 10, 2.875], "texture": "#all"},
				"west": {"uv": [9.75, 2.875, 9.875, 2.375], "rotation": 90, "texture": "#all"},
				"up": {"uv": [9.75, 2.375, 10, 2.875], "texture": "#all"}
			}
		},
		{
			"from": [6.5, 8, 6.5],
			"to": [9.5, 9.5, 9.5],
			"rotation": {"angle": 0, "axis": "y", "origin": [4, 8, 12]},
			"faces": {
				"north": {"uv": [11.25, 1.25, 10.5, 1.625], "texture": "#all"},
				"east": {"uv": [11.25, 1.25, 10.875, 2], "rotation": 90, "texture": "#all"},
				"south": {"uv": [10.5, 2, 11.25, 1.625], "texture": "#all"},
				"west": {"uv": [10.5, 2, 10.875, 1.25], "rotation": 90, "texture": "#all"},
				"up": {"uv": [10.5, 1.25, 11.25, 2], "texture": "#all"}
			}
		},
		{
			"from": [9.5, 8, 7],
			"to": [10, 9, 9],
			"rotation": {"angle": 0, "axis": "y", "origin": [4, 8, 12]},
			"faces": {
				"north": {"uv": [11.375, 1.375, 11.25, 1.5], "texture": "#all"},
				"east": {"uv": [11.25, 1.375, 11.375, 1.875], "rotation": 90, "texture": "#all"},
				"south": {"uv": [11.25, 1.75, 11.375, 1.875], "texture": "#all"},
				"up": {"uv": [11.25, 1.375, 11.375, 1.875], "texture": "#all"}
			}
		},
		{
			"from": [6, 8, 7],
			"to": [6.5, 9, 9],
			"rotation": {"angle": 0, "axis": "y", "origin": [4, 8, 12]},
			"faces": {
				"north": {"uv": [10.5, 1.375, 10.375, 1.5], "texture": "#all"},
				"south": {"uv": [10.375, 1.75, 10.5, 1.875], "texture": "#all"},
				"west": {"uv": [10.375, 1.375, 10.5, 1.875], "rotation": 90, "texture": "#all"},
				"up": {"uv": [10.375, 1.375, 10.5, 1.875], "texture": "#all"}
			}
		},
		{
			"from": [7, 8, 9.5],
			"to": [9, 9, 10],
			"rotation": {"angle": 0, "axis": "y", "origin": [4, 8, 12]},
			"faces": {
				"east": {"uv": [11, 2, 11.125, 2.125], "rotation": 90, "texture": "#all"},
				"south": {"uv": [10.625, 2, 11.125, 2.125], "texture": "#all"},
				"west": {"uv": [10.625, 2.125, 10.75, 2], "rotation": 90, "texture": "#all"},
				"up": {"uv": [10.625, 2, 11.125, 2.125], "texture": "#all"}
			}
		},
		{
			"from": [7, 8, 6],
			"to": [9, 9, 6.5],
			"rotation": {"angle": 0, "axis": "y", "origin": [4, 8, 12]},
			"faces": {
				"north": {"uv": [10.625, 1.125, 11.125, 1.25], "texture": "#all"},
				"east": {"uv": [11, 1.125, 11.125, 1.25], "rotation": 90, "texture": "#all"},
				"west": {"uv": [10.625, 1.25, 10.75, 1.125], "rotation": 90, "texture": "#all"},
				"up": {"uv": [10.625, 1.125, 11.125, 1.25], "texture": "#all"}
			}
		}
	],
	"groups": [
		0,
		{
			"name": "cream south",
			"origin": [8, 8, 8],
			"color": 0,
			"nbt": "{}",
			"armAnimationEnabled": false,
			"children": [1, 2, 3, 4, 5, 6, 7, 8, 9]
		},
		{
			"name": "cream north",
			"origin": [8, 8, 8],
			"color": 0,
			"nbt": "{}",
			"armAnimationEnabled": false,
			"children": [10, 11, 12, 13, 14, 15, 16, 17, 18]
		},
		{
			"name": "cream east",
			"origin": [8, 8, 8],
			"color": 0,
			"nbt": "{}",
			"armAnimationEnabled": false,
			"children": [19, 20, 21, 22, 23, 24, 25, 26, 27]
		},
		{
			"name": "cream west",
			"origin": [8, 8, 8],
			"color": 0,
			"nbt": "{}",
			"armAnimationEnabled": false,
			"children": [28, 29, 30, 31, 32, 33, 34, 35, 36]
		},
		{
			"name": "cherry",
			"origin": [8, 8, 8],
			"color": 0,
			"nbt": "{}",
			"armAnimationEnabled": false,
			"children": [37, 38, 39, 40, 41, 42, 43, 44, 45, 46, 47, 48, 49, 50, 51, 52, 53]
		}
	]
}