{"variants":

{"facing=east,open=false":
{"y":90,"model":"block/gate/gate/bamboo90"},

"facing=east,open=true":
{"y":90,"model":"block/gate/gate_open_inverted/bamboo90"},


"facing=north,open=false":
{"model":"block/gate/gate/bamboo"},

"facing=north,open=true":
{"model":"block/gate/gate_open_inverted/bamboo"},

"facing=south,open=false":
{"model":"block/gate/gate/bamboo"},

"facing=south,open=true":
{"model":"block/gate/gate_open/bamboo"},

"facing=west,open=false":
{"y":90,"model":"block/gate/gate/bamboo90"},

"facing=west,open=true":
{"y":90,"model":"block/gate/gate_open/bamboo90"}}}