{"variants":

{"facing=east,open=false":
{"y":90,"model":"block/gate/gate/crimson"},

"facing=east,open=true":
{"y":90,"model":"block/gate/gate_open_inverted/crimson"},


"facing=north,open=false":
{"model":"block/gate/gate/crimson"},

"facing=north,open=true":
{"model":"block/gate/gate_open_inverted/crimson"},

"facing=south,open=false":
{"model":"block/gate/gate/crimson"},

"facing=south,open=true":
{"model":"block/gate/gate_open/crimson"},

"facing=west,open=false":
{"y":90,"model":"block/gate/gate/crimson"},

"facing=west,open=true":
{"y":90,"model":"block/gate/gate_open/crimson"}}}