{"variants":

{"facing=east,open=false":
{"y":90,"model":"block/gate/gate/jungle"},

"facing=east,open=true":
{"y":90,"model":"block/gate/gate_open_inverted/jungle"},


"facing=north,open=false":
{"model":"block/gate/gate/jungle"},

"facing=north,open=true":
{"model":"block/gate/gate_open_inverted/jungle"},

"facing=south,open=false":
{"model":"block/gate/gate/jungle"},

"facing=south,open=true":
{"model":"block/gate/gate_open/jungle"},

"facing=west,open=false":
{"y":90,"model":"block/gate/gate/jungle"},

"facing=west,open=true":
{"y":90,"model":"block/gate/gate_open/jungle"}}}