{"variants":

{"facing=east,open=false":
{"y":90,"model":"block/gate/gate/warped"},

"facing=east,open=true":
{"y":90,"model":"block/gate/gate_open_inverted/warped"},


"facing=north,open=false":
{"model":"block/gate/gate/warped"},

"facing=north,open=true":
{"model":"block/gate/gate_open_inverted/warped"},

"facing=south,open=false":
{"model":"block/gate/gate/warped"},

"facing=south,open=true":
{"model":"block/gate/gate_open/warped"},

"facing=west,open=false":
{"y":90,"model":"block/gate/gate/warped"},

"facing=west,open=true":
{"y":90,"model":"block/gate/gate_open/warped"}}}