{
	"credit": "Made in Blockbench by Pomik108",
	"parent": "block/block",
	"textures": {
		"bushy2": "block/acacia_leaves_bushy2",
		"side": "block/acacia_leaves_side",
		"side2": "block/acacia_leaves_side1",
		"bushy": "block/acacia_leaves_bushy",
		"particle": "block/acacia_leaves",
		"cube": "block/acacia_leaves"
	},
	"elements": [
		{
			"from": [0, 0, 0],
			"to": [16, 16, 16],
			"faces": {
				"north": {"uv": [0, 0, 16, 16], "texture": "#cube", "cullface": "north", "tintindex": 0},
				"east": {"uv": [0, 0, 16, 16], "texture": "#cube", "cullface": "east", "tintindex": 0},
				"south": {"uv": [0, 0, 16, 16], "texture": "#cube", "cullface": "south", "tintindex": 0},
				"west": {"uv": [0, 0, 16, 16], "texture": "#cube", "cullface": "west", "tintindex": 0},
				"up": {"uv": [0, 0, 16, 16], "texture": "#cube", "cullface": "up", "tintindex": 0},
				"down": {"uv": [16, 16, 0, 0], "texture": "#cube", "cullface": "down", "tintindex": 0}
			}
		},
		{
			"from": [12.40625, -6, -8.09375],
			"to": [12.40625, 22, 23.90625],
			"shade": false,
			"rotation": {"angle": 22.5, "axis": "y", "origin": [8, 8, 7.90625]},
			"faces": {
				"north": {"uv": [0, 0, 0, 0], "texture": "#bushy", "tintindex": 0},
				"east": {"uv": [0, 0, 16, 16], "texture": "#bushy", "tintindex": 0},
				"south": {"uv": [0, 0, 0, 0], "texture": "#bushy", "tintindex": 0},
				"west": {"uv": [0, 0, 16, 16], "texture": "#bushy", "tintindex": 0},
				"up": {"uv": [0, 0, 0, 0], "rotation": 180, "texture": "#bushy", "tintindex": 0},
				"down": {"uv": [0, 0, 0, 0], "rotation": 180, "texture": "#bushy", "tintindex": 0}
			}
		},
		{
			"from": [-7.90625, -6, 2.90625],
			"to": [24.09375, 22, 2.90625],
			"shade": false,
			"rotation": {"angle": 22.5, "axis": "y", "origin": [8, 8, 7.90625]},
			"faces": {
				"north": {"uv": [0, 0, 16, 16], "texture": "#bushy2", "tintindex": 0},
				"east": {"uv": [0, 0, 0, 0], "texture": "#bushy2", "tintindex": 0},
				"south": {"uv": [0, 0, 16, 16], "texture": "#bushy2", "tintindex": 0},
				"west": {"uv": [0, 0, 0, 0], "texture": "#bushy2", "tintindex": 0},
				"up": {"uv": [0, 0, 0, 0], "rotation": 270, "texture": "#bushy2", "tintindex": 0},
				"down": {"uv": [0, 0, 0, 0], "rotation": 90, "texture": "#bushy2", "tintindex": 0}
			}
		},
		{
			"from": [-7.90625, -6, 12.90625],
			"to": [24.09375, 22, 12.90625],
			"shade": false,
			"rotation": {"angle": 22.5, "axis": "y", "origin": [8, 8, 7.90625]},
			"faces": {
				"north": {"uv": [0, 0, 16, 16], "texture": "#bushy", "tintindex": 0},
				"east": {"uv": [0, 0, 0, 0], "texture": "#bushy", "tintindex": 0},
				"south": {"uv": [0, 0, 16, 16], "texture": "#bushy", "tintindex": 0},
				"west": {"uv": [0, 0, 0, 0], "texture": "#bushy", "tintindex": 0},
				"up": {"uv": [0, 0, 0, 0], "rotation": 270, "texture": "#bushy", "tintindex": 0},
				"down": {"uv": [0, 0, 0, 0], "rotation": 90, "texture": "#bushy", "tintindex": 0}
			}
		},
		{
			"from": [3.40625, -6, -8.09375],
			"to": [3.40625, 22, 23.90625],
			"shade": false,
			"rotation": {"angle": 22.5, "axis": "y", "origin": [8, 8, 7.90625]},
			"faces": {
				"north": {"uv": [0, 0, 0, 0], "texture": "#bushy2", "tintindex": 0},
				"east": {"uv": [0, 0, 16, 16], "texture": "#bushy2", "tintindex": 0},
				"south": {"uv": [0, 0, 0, 0], "texture": "#bushy2", "tintindex": 0},
				"west": {"uv": [0, 0, 16, 16], "texture": "#bushy2", "tintindex": 0},
				"up": {"uv": [0, 0, 0, 0], "rotation": 180, "texture": "#bushy2", "tintindex": 0},
				"down": {"uv": [0, 0, 0, 0], "rotation": 180, "texture": "#bushy2", "tintindex": 0}
			}
		},
		{
			"from": [15.32418, 7.88819, 0.27776],
			"to": [31.32418, 7.88819, 16.27776],
			"rotation": {"angle": -22.5, "axis": "z", "origin": [8.22224, 6.45718, 8.5]},
			"faces": {
				"north": {"uv": [0, 0, 16, 0], "texture": "#side2", "tintindex": 0, "cullface": "east"},
				"east": {"uv": [0, 0, 16, 0], "texture": "#side2", "tintindex": 0, "cullface": "east"},
				"south": {"uv": [0, 0, 16, 0], "texture": "#side2", "tintindex": 0, "cullface": "east"},
				"west": {"uv": [0, 0, 16, 0], "texture": "#side2", "tintindex": 0, "cullface": "east"},
				"up": {"uv": [0, 0, 15.832, 15.832], "rotation": 270, "texture": "#side2", "tintindex": 0, "cullface": "east"},
				"down": {"uv": [0, 0, 15.832, 15.832], "rotation": 270, "texture": "#side2", "tintindex": 0, "cullface": "east"}
			}
		},
		{
			"from": [11.88003, 16.20311, 0.27776],
			"to": [27.88003, 16.20311, 16.27776],
			"rotation": {"angle": -22.5, "axis": "z", "origin": [8.22224, 6.45718, 8.5]},
			"faces": {
				"north": {"uv": [0, 0, 16, 0], "texture": "#side", "tintindex": 0, "cullface": "east"},
				"east": {"uv": [0, 0, 16, 0], "texture": "#side", "tintindex": 0, "cullface": "east"},
				"south": {"uv": [0, 0, 16, 0], "texture": "#side", "tintindex": 0, "cullface": "east"},
				"west": {"uv": [0, 0, 16, 0], "texture": "#side", "tintindex": 0, "cullface": "east"},
				"up": {"uv": [0, 0, 15.832, 15.832], "rotation": 270, "texture": "#side", "tintindex": 0, "cullface": "east"},
				"down": {"uv": [0, 0, 15.832, 15.832], "rotation": 270, "texture": "#side", "tintindex": 0, "cullface": "east"}
			}
		},
		{
			"from": [0.72224, 7.7819, -14.34533],
			"to": [16.72224, 7.7819, 1.65467],
			"rotation": {"angle": -22.5, "axis": "x", "origin": [8.22224, 6.45718, 8.5]},
			"faces": {
				"north": {"uv": [0, 0, 16, 0], "texture": "#side", "tintindex": 0, "cullface": "north"},
				"east": {"uv": [0, 0, 16, 0], "texture": "#side", "tintindex": 0, "cullface": "north"},
				"south": {"uv": [0, 0, 16, 0], "texture": "#side", "tintindex": 0, "cullface": "north"},
				"west": {"uv": [0, 0, 16, 0], "texture": "#side", "tintindex": 0, "cullface": "north"},
				"up": {"uv": [0, 0, 15.832, 15.832], "rotation": 180, "texture": "#side", "tintindex": 0, "cullface": "north"},
				"down": {"uv": [0, 0, 15.832, 15.832], "texture": "#side", "tintindex": 0, "cullface": "north"}
			}
		},
		{
			"from": [0.72224, 16.09682, -10.90117],
			"to": [16.72224, 16.09682, 5.09883],
			"rotation": {"angle": -22.5, "axis": "x", "origin": [8.22224, 6.45718, 8.5]},
			"faces": {
				"north": {"uv": [0, 0, 16, 0], "texture": "#side2", "tintindex": 0, "cullface": "north"},
				"east": {"uv": [0, 0, 16, 0], "texture": "#side2", "tintindex": 0, "cullface": "north"},
				"south": {"uv": [0, 0, 16, 0], "texture": "#side2", "tintindex": 0, "cullface": "north"},
				"west": {"uv": [0, 0, 16, 0], "texture": "#side2", "tintindex": 0, "cullface": "north"},
				"up": {"uv": [0, 0, 15.832, 15.832], "rotation": 180, "texture": "#side2", "tintindex": 0, "cullface": "north"},
				"down": {"uv": [0, 0, 15.832, 15.832], "texture": "#side2", "tintindex": 0, "cullface": "north"}
			}
		},
		{
			"from": [-12.35943, 16.58579, 0.27776],
			"to": [3.64057, 16.58579, 16.27776],
			"rotation": {"angle": 22.5, "axis": "z", "origin": [8.22224, 6.45718, 8.5]},
			"faces": {
				"north": {"uv": [0, 0, 16, 0], "texture": "#side", "tintindex": 0, "cullface": "west"},
				"east": {"uv": [0, 0, 16, 0], "texture": "#side", "tintindex": 0, "cullface": "west"},
				"south": {"uv": [0, 0, 16, 0], "texture": "#side", "tintindex": 0, "cullface": "west"},
				"west": {"uv": [0, 0, 16, 0], "texture": "#side", "tintindex": 0, "cullface": "west"},
				"up": {"uv": [0, 0, 15.832, 15.832], "rotation": 90, "texture": "#side", "tintindex": 0, "cullface": "west"},
				"down": {"uv": [0, 0, 15.832, 15.832], "rotation": 90, "texture": "#side", "tintindex": 0, "cullface": "west"}
			}
		},
		{
			"from": [-15.27776, 8.27088, 0.27776],
			"to": [0.72224, 8.27088, 16.27776],
			"rotation": {"angle": 22.5, "axis": "z", "origin": [8.22224, 6.45718, 8.5]},
			"faces": {
				"north": {"uv": [0, 0, 16, 0], "texture": "#side2", "tintindex": 0, "cullface": "west"},
				"east": {"uv": [0, 0, 16, 0], "texture": "#side2", "tintindex": 0, "cullface": "west"},
				"south": {"uv": [0, 0, 16, 0], "texture": "#side2", "tintindex": 0, "cullface": "west"},
				"west": {"uv": [0, 0, 16, 0], "texture": "#side2", "tintindex": 0, "cullface": "west"},
				"up": {"uv": [0, 0, 15.832, 15.832], "rotation": 90, "texture": "#side2", "tintindex": 0, "cullface": "west"},
				"down": {"uv": [0, 0, 15.832, 15.832], "rotation": 90, "texture": "#side2", "tintindex": 0, "cullface": "west"}
			}
		},
		{
			"from": [0.72224, 7.6118, 14.93468],
			"to": [16.72224, 7.6118, 30.93468],
			"rotation": {"angle": 22.5, "axis": "x", "origin": [8.22224, 6.45718, 8.5]},
			"faces": {
				"north": {"uv": [0, 0, 16, 0], "texture": "#side", "tintindex": 0, "cullface": "south"},
				"east": {"uv": [0, 0, 16, 0], "texture": "#side", "tintindex": 0, "cullface": "south"},
				"south": {"uv": [0, 0, 16, 0], "texture": "#side", "tintindex": 0, "cullface": "south"},
				"west": {"uv": [0, 0, 16, 0], "texture": "#side", "tintindex": 0, "cullface": "south"},
				"up": {"uv": [0, 0, 15.832, 15.832], "texture": "#side", "tintindex": 0, "cullface": "south"},
				"down": {"uv": [0, 0, 15.832, 15.832], "rotation": 180, "texture": "#side", "tintindex": 0, "cullface": "south"}
			}
		},
		{
			"from": [0.72224, 16.29063, 13.2642],
			"to": [16.72224, 16.29063, 29.2642],
			"rotation": {"angle": 22.5, "axis": "x", "origin": [8.22224, 6.45718, 8.5]},
			"faces": {
				"north": {"uv": [0, 0, 16, 0], "texture": "#side2", "tintindex": 0, "cullface": "south"},
				"east": {"uv": [0, 0, 16, 0], "texture": "#side2", "tintindex": 0, "cullface": "south"},
				"south": {"uv": [0, 0, 16, 0], "texture": "#side2", "tintindex": 0, "cullface": "south"},
				"west": {"uv": [0, 0, 16, 0], "texture": "#side2", "tintindex": 0, "cullface": "south"},
				"up": {"uv": [0, 0, 15.832, 15.832], "texture": "#side2", "tintindex": 0, "cullface": "south"},
				"down": {"uv": [0, 0, 15.832, 15.832], "rotation": 180, "texture": "#side2", "tintindex": 0, "cullface": "south"}
			}
		}
	],
	"groups": [0,
		{
			"name": "main bushy part",
			"origin": [8, 8, 8.15625],
			"children": [1, 2, 3, 4]
		},
		{
			"name": "sides",
			"origin": [8, 10.94975, 21.73654],
			"children": [5, 6, 7, 8, 9, 10, 11, 12]
		}
	]
}