{
	"credit": "Made in Blockbench by Pomik108",
	"parent": "block/block",
	"textures": {
		"bushy": "block/jungle_leaves_bushy",
		"particle": "block/jungle_leaves_bushy2",
		"bushy2": "block/jungle_leaves_bushy2",
		"cube": "block/jungle_leaves",
		"side": "block/jungle_leaves_side",
		"side1": "block/jungle_leaves_side1"
	},
	"elements": [
		{
			"from": [0, 0, 0],
			"to": [16, 16, 16],
			"faces": {
				"north": {"uv": [0, 0, 16, 16], "texture": "#cube", "cullface": "north", "tintindex": 0},
				"east": {"uv": [0, 0, 16, 16], "texture": "#cube", "cullface": "east", "tintindex": 0},
				"south": {"uv": [0, 0, 16, 16], "texture": "#cube", "cullface": "south", "tintindex": 0},
				"west": {"uv": [0, 0, 16, 16], "texture": "#cube", "cullface": "west", "tintindex": 0},
				"up": {"uv": [0, 0, 16, 16], "texture": "#cube", "cullface": "up", "tintindex": 0},
				"down": {"uv": [16, 16, 0, 0], "texture": "#cube", "cullface": "down", "tintindex": 0}
			}
		},
		{
			"from": [-8.18741, -6, 8.07066],
			"to": [23.81259, 22, 8.07066],
			"shade": false,
			"rotation": {"angle": 22.5, "axis": "y", "origin": [7.85342, 8, 7.89509]},
			"faces": {
				"north": {"uv": [0, 0, 16, 16], "texture": "#bushy", "tintindex": 0},
				"south": {"uv": [0, 0, 16, 16], "texture": "#bushy", "tintindex": 0}
			}
		},
		{
			"from": [7.89425, -6, -8.28048],
			"to": [7.89425, 22, 23.71952],
			"shade": false,
			"rotation": {"angle": 22.5, "axis": "y", "origin": [7.85342, 8, 7.89509]},
			"faces": {
				"north": {"uv": [0, 0, 0, 0], "texture": "#bushy2", "tintindex": 0},
				"east": {"uv": [0, 0, 16, 16], "texture": "#bushy2", "tintindex": 0},
				"south": {"uv": [0, 0, 0, 0], "texture": "#bushy2", "tintindex": 0},
				"west": {"uv": [0, 0, 16, 16], "texture": "#bushy2", "tintindex": 0},
				"up": {"uv": [0, 0, 0, 0], "texture": "#bushy2", "tintindex": 0},
				"down": {"uv": [0, 0, 0, 0], "texture": "#bushy2", "tintindex": 0}
			}
		},
		{
			"from": [-3, -5, 0],
			"to": [-3, 11, 16],
			"rotation": {"angle": -22.5, "axis": "z", "origin": [5, 3, 8]},
			"faces": {
				"north": {"uv": [0, 0, 0, 16], "texture": "#side", "tintindex": 0, "cullface": "west"},
				"east": {"uv": [0, 0, 16, 16], "texture": "#side", "tintindex": 0, "cullface": "west"},
				"south": {"uv": [0, 0, 0, 16], "texture": "#side", "tintindex": 0, "cullface": "west"},
				"west": {"uv": [0, 0, 16, 16], "texture": "#side", "tintindex": 0, "cullface": "west"},
				"up": {"uv": [0, 0, 0, 16], "texture": "#side", "tintindex": 0, "cullface": "west"},
				"down": {"uv": [0, 0, 0, 16], "texture": "#side", "tintindex": 0, "cullface": "west"}
			}
		},
		{
			"from": [19, -5, 0],
			"to": [19, 11, 16],
			"rotation": {"angle": 22.5, "axis": "z", "origin": [11, 3, 8]},
			"faces": {
				"north": {"uv": [0, 0, 0, 16], "texture": "#side", "tintindex": 0, "cullface": "east"},
				"east": {"uv": [0, 0, 16, 16], "texture": "#side", "tintindex": 0, "cullface": "east"},
				"south": {"uv": [0, 0, 0, 16], "texture": "#side", "tintindex": 0, "cullface": "east"},
				"west": {"uv": [0, 0, 16, 16], "texture": "#side", "tintindex": 0, "cullface": "east"},
				"up": {"uv": [0, 0, 0, 16], "texture": "#side", "tintindex": 0, "cullface": "east"},
				"down": {"uv": [0, 0, 0, 16], "texture": "#side", "tintindex": 0, "cullface": "east"}
			}
		},
		{
			"from": [-0.5, -5, 19],
			"to": [15.5, 11, 19],
			"rotation": {"angle": -22.5, "axis": "x", "origin": [7.5, 3, 11]},
			"faces": {
				"north": {"uv": [0, 0, 16, 16], "texture": "#side1", "tintindex": 0, "cullface": "south"},
				"east": {"uv": [0, 0, 0, 16], "texture": "#side1", "tintindex": 0, "cullface": "south"},
				"south": {"uv": [0, 0, 16, 16], "texture": "#side1", "tintindex": 0, "cullface": "south"},
				"west": {"uv": [0, 0, 0, 16], "texture": "#side1", "tintindex": 0, "cullface": "south"},
				"up": {"uv": [0, 0, 0, 16], "rotation": 90, "texture": "#side1", "tintindex": 0, "cullface": "south"},
				"down": {"uv": [0, 0, 0, 16], "rotation": 270, "texture": "#side1", "tintindex": 0, "cullface": "south"}
			}
		},
		{
			"from": [-0.5, -5, -3],
			"to": [15.5, 11, -3],
			"rotation": {"angle": 22.5, "axis": "x", "origin": [7.5, 3, 5]},
			"faces": {
				"north": {"uv": [0, 0, 16, 16], "texture": "#side1", "tintindex": 0, "cullface": "north"},
				"east": {"uv": [0, 0, 0, 16], "texture": "#side1", "tintindex": 0, "cullface": "north"},
				"south": {"uv": [0, 0, 16, 16], "texture": "#side1", "tintindex": 0, "cullface": "north"},
				"west": {"uv": [0, 0, 0, 16], "texture": "#side1", "tintindex": 0, "cullface": "north"},
				"up": {"uv": [0, 0, 0, 16], "rotation": 90, "texture": "#side1", "tintindex": 0, "cullface": "north"},
				"down": {"uv": [0, 0, 0, 16], "rotation": 270, "texture": "#side1", "tintindex": 0, "cullface": "north"}
			}
		}
	],
	"groups": [0,
		{
			"name": "main bushy part",
			"origin": [14.125, -8, -6.8125],
			"children": [1, 2]
		},
		{
			"name": "sides",
			"origin": [8, 8, 8],
			"children": [3, 4, 5, 6]
		}
	]
}