{
	"credit": "Made with Blockbench",
	"textures": {
		"2": "block/fence/acacia",
		"particle": "block/break/gate/acacia"
	},
	"elements": [
		{
			"name": "Center post",
			"from": [14, 0, 6],
			"to": [16, 16, 10],
			"faces": {
				"north": {"uv": [7, 0, 8, 8], "texture": "#2"},
				"east": {"uv": [2, 0, 4, 8], "texture": "#2"},
				"south": {"uv": [4, 0, 5, 8], "texture": "#2"},
				"west": {"uv": [5, 0, 7, 8], "texture": "#2"},
				"up": {"uv": [1, 0, 2, 2], "texture": "#2"},
				"down": {"uv": [1, 2, 2, 4], "texture": "#2"}
			}
		},
		{
			"name": "door",
			"from": [13, 1, 7.5],
			"to": [14, 15, 13],
			"rotation": {"angle": 0, "axis": "y", "origin": [13.5, 15, 8]},
			"faces": {
				"north": {"uv": [15.5, 8, 16, 15], "texture": "#2"},
				"east": {"uv": [13.25, 0, 16, 7], "texture": "#2"},
				"south": {"uv": [15.5, 8, 16, 15], "texture": "#2"},
				"west": {"uv": [13.25, 0, 16, 7], "texture": "#2"},
				"up": {"uv": [13.25, 7.25, 16, 7.75], "rotation": 270, "texture": "#2"},
				"down": {"uv": [13.25, 7.25, 16, 7.75], "rotation": 90, "texture": "#2"}
			}
		},
		{
			"name": "door",
			"from": [2, 1, 7.5],
			"to": [3, 15, 13],
			"rotation": {"angle": 0, "axis": "y", "origin": [2.5, 15, 8]},
			"faces": {
				"north": {"uv": [16, 8, 15.5, 15], "texture": "#2"},
				"east": {"uv": [16, 0, 13.25, 7], "texture": "#2"},
				"south": {"uv": [16, 8, 15.5, 15], "texture": "#2"},
				"west": {"uv": [16, 0, 13.25, 7], "texture": "#2"},
				"up": {"uv": [16, 7.25, 13.25, 7.75], "rotation": 90, "texture": "#2"},
				"down": {"uv": [16, 7.25, 13.25, 7.75], "rotation": 270, "texture": "#2"}
			}
		},
		{
			"name": "Center post",
			"from": [0, 0, 6],
			"to": [2, 16, 10],
			"rotation": {"angle": 0, "axis": "y", "origin": [16, 0, 0]},
			"faces": {
				"north": {"uv": [0, 0, 1, 8], "texture": "#2"},
				"east": {"uv": [4, 0, 6, 8], "texture": "#2"},
				"south": {"uv": [3, 0, 4, 8], "texture": "#2"},
				"west": {"uv": [1, 0, 3, 8], "texture": "#2"},
				"up": {"uv": [6, 0, 7, 2], "texture": "#2"},
				"down": {"uv": [6, 2, 7, 4], "texture": "#2"}
			}
		}
	],
	"display": {
		"thirdperson_righthand": {
			"rotation": [75, 45, 0],
			"translation": [0, 2, 0],
			"scale": [0.375, 0.375, 0.375]
		},
		"thirdperson_lefthand": {
			"rotation": [75, 45, 0],
			"translation": [0, 2, 0],
			"scale": [0.375, 0.375, 0.375]
		},
		"firstperson_righthand": {
			"rotation": [0, 45, 0],
			"scale": [0.4, 0.4, 0.4]
		},
		"firstperson_lefthand": {
			"rotation": [0, 225, 0],
			"scale": [0.4, 0.4, 0.4]
		},
		"ground": {
			"rotation": [90, 0, 0],
			"translation": [0, 1, 0],
			"scale": [0.25, 0.25, 0.25]
		},
		"gui": {
			"rotation": [30, 225, 0],
			"scale": [0.75, 0.75, 0.75]
		},
		"fixed": {
			"scale": [0.5, 0.5, 0.5]
		}
	}
}