{
	"credit": "Made with Blockbench",
	"texture_size": [64, 64],
	"textures": {
		"0": "block/fence/cherry",
		"particle": "block/break/gate/cherry"
	},
	"elements": [
		{
			"from": [14, 2.5, 6.5],
			"to": [16, 15.5, 9.5],
			"rotation": {"angle": 0, "axis": "y", "origin": [16, 0, 16]},
			"faces": {
				"north": {"uv": [0, 0, 1, 6.5], "texture": "#0"},
				"east": {"uv": [3.5, 0, 5, 6.5], "texture": "#0"},
				"south": {"uv": [2.5, 0, 3.5, 6.5], "texture": "#0"},
				"west": {"uv": [1, 0, 2.5, 6.5], "texture": "#0"},
				"up": {"uv": [5, 0, 5.75, 1.5], "texture": "#0"},
				"down": {"uv": [5, 1.5, 5.75, 3], "texture": "#0"}
			}
		},
		{
			"from": [0, 2.5, 6.5],
			"to": [2, 15.5, 9.5],
			"rotation": {"angle": 0, "axis": "y", "origin": [0.75, 8, 8]},
			"faces": {
				"north": {"uv": [4.75, 1.5, 5.75, 8], "texture": "#0"},
				"east": {"uv": [3.25, 1.5, 4.75, 8], "texture": "#0"},
				"south": {"uv": [2.25, 1.5, 3.25, 8], "texture": "#0"},
				"west": {"uv": [5.75, 1.5, 7.25, 8], "texture": "#0"},
				"up": {"uv": [7.25, 1.5, 8, 3], "rotation": 180, "texture": "#0"},
				"down": {"uv": [7.25, 3, 8, 4.5], "rotation": 180, "texture": "#0"}
			}
		},
		{
			"from": [11.5, 5, 11],
			"to": [14.5, 15, 13],
			"rotation": {"angle": 0, "axis": "y", "origin": [13, 14.5, 8]},
			"faces": {
				"north": {"uv": [3.5, 0, 5, 5], "texture": "#0"},
				"east": {"uv": [2.5, 0, 3.5, 5], "texture": "#0"},
				"south": {"uv": [1, 0, 2.5, 5], "texture": "#0"},
				"west": {"uv": [0, 0, 1, 5], "texture": "#0"},
				"up": {"uv": [5, 0, 6, 1.5], "rotation": 270, "texture": "#0"},
				"down": {"uv": [5, 1.5, 6, 3], "rotation": 90, "texture": "#0"}
			}
		},
		{
			"from": [1.5, 5, 11],
			"to": [4.5, 15, 13],
			"rotation": {"angle": 0, "axis": "y", "origin": [3, 14.5, 8]},
			"faces": {
				"north": {"uv": [5.5, 3, 7, 8], "texture": "#0"},
				"east": {"uv": [4.5, 3, 5.5, 8], "texture": "#0"},
				"south": {"uv": [3, 3, 4.5, 8], "texture": "#0"},
				"west": {"uv": [2, 3, 3, 8], "texture": "#0"},
				"up": {"uv": [7, 3, 8, 4.5], "rotation": 270, "texture": "#0"},
				"down": {"uv": [7, 4.5, 8, 6], "rotation": 90, "texture": "#0"}
			}
		},
		{
			"from": [12, 10.5, 7],
			"to": [14, 14.5, 11],
			"rotation": {"angle": 0, "axis": "y", "origin": [13, 14.5, 8]},
			"faces": {
				"north": {"uv": [6.25, 8.25, 7.25, 10.25], "texture": "#0"},
				"east": {"uv": [2, 8.25, 0, 10.25], "texture": "#0"},
				"west": {"uv": [0, 8.25, 2, 10.25], "texture": "#0"},
				"up": {"uv": [0, 10.5, 2, 11.5], "rotation": 90, "texture": "#0"},
				"down": {"uv": [2, 10.5, 0, 11.5], "rotation": 90, "texture": "#0"}
			}
		},
		{
			"from": [12.5, 5.5, 7],
			"to": [13.5, 8.5, 11],
			"rotation": {"angle": 0, "axis": "y", "origin": [13, 14.5, 8]},
			"faces": {
				"north": {"uv": [6.25, 11.75, 6.75, 13.25], "texture": "#0"},
				"east": {"uv": [4, 11.75, 6, 13.25], "texture": "#0"},
				"west": {"uv": [6.25, 8.25, 7.25, 10.25], "texture": "#0"},
				"up": {"uv": [6, 13.5, 4, 14], "rotation": 90, "texture": "#0"},
				"down": {"uv": [4, 13.5, 6, 14], "rotation": 90, "texture": "#0"}
			}
		},
		{
			"from": [2, 10.5, 7],
			"to": [4, 14.5, 11],
			"rotation": {"angle": 0, "axis": "y", "origin": [3, 14.5, 8]},
			"faces": {
				"north": {"uv": [6.25, 8.25, 7.25, 10.25], "texture": "#0"},
				"east": {"uv": [4, 8.25, 6, 10.25], "texture": "#0"},
				"west": {"uv": [6, 8.25, 4, 10.25], "texture": "#0"},
				"up": {"uv": [4, 10.5, 6, 11.5], "rotation": 270, "texture": "#0"},
				"down": {"uv": [6, 10.5, 4, 11.5], "rotation": 270, "texture": "#0"}
			}
		},
		{
			"from": [2.5, 5.5, 7],
			"to": [3.5, 8.5, 11],
			"rotation": {"angle": 0, "axis": "y", "origin": [3, 14.5, 8]},
			"faces": {
				"north": {"uv": [6.25, 11.75, 6.75, 13.25], "texture": "#0"},
				"east": {"uv": [2, 11.75, 0, 13.25], "texture": "#0"},
				"west": {"uv": [0, 11.75, 2, 13.25], "texture": "#0"},
				"up": {"uv": [2, 13.5, 0, 14], "rotation": 270, "texture": "#0"},
				"down": {"uv": [0, 13.5, 2, 14], "rotation": 270, "texture": "#0"}
			}
		}
	],
	"display": {
		"thirdperson_righthand": {
			"rotation": [75, 45, 0],
			"translation": [0, 2, 0],
			"scale": [0.375, 0.375, 0.375]
		},
		"thirdperson_lefthand": {
			"rotation": [75, 45, 0],
			"translation": [0, 2, 0],
			"scale": [0.375, 0.375, 0.375]
		},
		"firstperson_righthand": {
			"rotation": [0, 45, 0],
			"scale": [0.4, 0.4, 0.4]
		},
		"firstperson_lefthand": {
			"rotation": [0, 225, 0],
			"scale": [0.4, 0.4, 0.4]
		},
		"ground": {
			"rotation": [90, 0, 0],
			"translation": [0, 1, 0],
			"scale": [0.25, 0.25, 0.25]
		},
		"gui": {
			"rotation": [30, 225, 0],
			"scale": [0.625, 0.625, 0.625]
		},
		"fixed": {
			"scale": [0.5, 0.5, 0.5]
		}
	},
	"groups": [
		0,
		1,
		2,
		3,
		{
			"name": "cherry",
			"origin": [8, 8, 8],
			"color": 0,
			"children": [4, 5]
		},
		{
			"name": "cherry",
			"origin": [8, 8, 8],
			"color": 0,
			"children": [6, 7]
		}
	]
}