{
	"credit": "Made with Blockbench",
	"parent": "block/thin_block",
	"textures": {
		"0": "block/acacia_pressure_plate",
		"1": "block/acacia_log",
		"3": "block/acacia_pressure_plate_bottom",
		"particle": "block/break/acacia_pressure_plate"
	},
	"elements": [
		{
			"from": [1, 0, 1],
			"to": [3, 1, 15],
			"faces": {
				"north": {"uv": [3, 1, 1, 2], "texture": "#0"},
				"east": {"uv": [3, 1, 2, 15], "rotation": 90, "texture": "#0"},
				"south": {"uv": [1, 15, 3, 14], "texture": "#0"},
				"west": {"uv": [1, 15, 2, 1], "rotation": 90, "texture": "#0"},
				"up": {"uv": [1, 1, 3, 15], "texture": "#0"},
				"down": {"uv": [15, 15, 13, 1], "texture": "#3"}
			}
		},
		{
			"from": [13, 0, 1],
			"to": [15, 1, 15],
			"faces": {
				"north": {"uv": [15, 1, 13, 2], "texture": "#0"},
				"east": {"uv": [15, 1, 14, 15], "rotation": 90, "texture": "#0"},
				"south": {"uv": [13, 15, 15, 14], "texture": "#0"},
				"west": {"uv": [13, 15, 14, 1], "rotation": 90, "texture": "#0"},
				"up": {"uv": [13, 1, 15, 15], "texture": "#0"},
				"down": {"uv": [3, 15, 1, 1], "texture": "#3"}
			}
		},
		{
			"from": [3, 0, 13],
			"to": [13, 1, 15],
			"faces": {
				"north": {"uv": [13, 13, 3, 14], "texture": "#0"},
				"south": {"uv": [3, 15, 13, 14], "texture": "#0"},
				"up": {"uv": [3, 13, 13, 15], "texture": "#0"},
				"down": {"uv": [13, 15, 3, 13], "texture": "#3"}
			}
		},
		{
			"from": [3, 0, 1],
			"to": [13, 1, 3],
			"faces": {
				"north": {"uv": [13, 1, 3, 2], "texture": "#0"},
				"south": {"uv": [3, 3, 13, 2], "texture": "#0"},
				"up": {"uv": [3, 1, 13, 3], "texture": "#0"},
				"down": {"uv": [13, 3, 3, 1], "texture": "#3"}
			}
		},
		{
			"from": [3, 0, 11],
			"to": [13, 0.25, 13],
			"rotation": {"angle": 0, "axis": "y", "origin": [0, 0, 16]},
			"faces": {
				"up": {"uv": [3, 5, 13, 3], "texture": "#1"},
				"down": {"uv": [13, 13, 3, 11], "texture": "#3"}
			}
		},
		{
			"from": [3, 0, 3],
			"to": [13, 0.25, 5],
			"rotation": {"angle": 0, "axis": "y", "origin": [0, 0, 16]},
			"faces": {
				"up": {"uv": [3, 13, 13, 11], "texture": "#1"},
				"down": {"uv": [13, 5, 3, 3], "texture": "#3"}
			}
		},
		{
			"from": [3, 0, 5],
			"to": [5, 0.25, 11],
			"rotation": {"angle": 0, "axis": "y", "origin": [0, 0, 16]},
			"faces": {
				"up": {"uv": [3, 11, 5, 5], "texture": "#1"},
				"down": {"uv": [13, 11, 11, 5], "texture": "#3"}
			}
		},
		{
			"from": [11, 0, 5],
			"to": [13, 0.25, 11],
			"rotation": {"angle": 0, "axis": "y", "origin": [0, 0, 16]},
			"faces": {
				"up": {"uv": [11, 11, 13, 5], "texture": "#1"},
				"down": {"uv": [5, 11, 3, 5], "texture": "#3"}
			}
		},
		{
			"from": [5, 0, 5],
			"to": [11, 1, 11],
			"rotation": {"angle": 0, "axis": "y", "origin": [16, 0, 16]},
			"faces": {
				"north": {"uv": [11, 5, 5, 6], "texture": "#0"},
				"east": {"uv": [11, 5, 10, 11], "rotation": 90, "texture": "#0"},
				"south": {"uv": [5, 11, 11, 10], "texture": "#0"},
				"west": {"uv": [5, 11, 6, 5], "rotation": 90, "texture": "#0"},
				"up": {"uv": [5, 5, 11, 11], "texture": "#0"},
				"down": {"uv": [11, 11, 5, 5], "texture": "#3"}
			}
		}
	]
}