{
	"credit": "Made with Blockbench",
	"textures": {
		"0": "block/acacia_button",
		"1": "block/acacia_log"
	},
	"elements": [
		{
			"from": [5, 8.5, 6],
			"to": [11, 10, 10],
			"faces": {
				"north": {"uv": [8, 1.5, 2, 0], "texture": "#0"},
				"east": {"uv": [8.5, 2, 10, 6], "rotation": 90, "texture": "#0"},
				"south": {"uv": [8, 6.5, 2, 8], "texture": "#0"},
				"west": {"uv": [1.5, 6, 0, 2], "rotation": 90, "texture": "#0"},
				"up": {"uv": [2, 2, 8, 6], "texture": "#0"}
			}
		},
		{
			"from": [4, 8, 5],
			"to": [12, 8.5, 11],
			"faces": {
				"north": {"uv": [4, 11, 12, 11.5], "texture": "#1"},
				"east": {"uv": [3.5, 5, 4, 11], "rotation": 90, "texture": "#1"},
				"south": {"uv": [4, 4.5, 12, 5], "texture": "#1"},
				"west": {"uv": [12, 5, 12.5, 11], "rotation": 90, "texture": "#1"},
				"up": {"uv": [4, 5, 12, 11], "texture": "#1"},
				"down": {"uv": [4, 5, 12, 11], "texture": "#1"}
			}
		}
	],
	"display": {
		"thirdperson_righthand": {
			"rotation": [75, 45, 0],
			"translation": [0, 1.5, 0],
			"scale": [0.375, 0.375, 0.375]
		},
		"thirdperson_lefthand": {
			"rotation": [75, 45, 0],
			"translation": [0, 1.5, 0],
			"scale": [0.375, 0.375, 0.375]
		},
		"firstperson_righthand": {
			"rotation": [0, 45, 0],
			"scale": [0.4, 0.4, 0.4]
		},
		"firstperson_lefthand": {
			"rotation": [0, 225, 0],
			"scale": [0.4, 0.4, 0.4]
		},
		"ground": {
			"translation": [0, 3, 0],
			"scale": [0.25, 0.25, 0.25]
		},
		"gui": {
			"rotation": [30, 225, 0],
			"scale": [0.625, 0.625, 0.625]
		},
		"fixed": {
			"scale": [0.5, 0.5, 0.5]
		}
	}
}