{
	"credit": "Made with Blockbench",
	"textures": {
		"0": "block/bamboo_button",
		"1": "block/bamboo_planks",
		"particle": "block/break/bamboo_button"
	},
	"elements": [
		{
			"from": [5, 0.5, 6],
			"to": [11, 1, 10],
			"faces": {
				"north": {"uv": [8, 1.5, 2, 1], "texture": "#0"},
				"east": {"uv": [8.5, 2, 9, 6], "rotation": 90, "texture": "#0"},
				"south": {"uv": [8, 6.5, 2, 7], "texture": "#0"},
				"west": {"uv": [1.5, 6, 1, 2], "rotation": 90, "texture": "#0"},
				"up": {"uv": [2, 2, 8, 6], "texture": "#0"}
			}
		},
		{
			"from": [4, 0, 5],
			"to": [12, 0.5, 11],
			"faces": {
				"north": {"uv": [12, 11, 4, 11.5], "texture": "#1"},
				"east": {"uv": [3.5, 5, 4, 11], "rotation": 90, "texture": "#1"},
				"south": {"uv": [4, 4.5, 12, 5], "texture": "#1"},
				"west": {"uv": [12, 5, 12.5, 11], "rotation": 90, "texture": "#1"},
				"up": {"uv": [4, 5, 12, 11], "texture": "#1"},
				"down": {"uv": [4, 5, 12, 11], "texture": "#1"}
			}
		}
	]
}