{
	"credit": "Made with Blockbench",
	"parent": "block/block",
	"texture_size": [64, 64],
	"elements": [
		{
			"name": "lit",
			"from": [5, 0, 0],
			"to": [11, 1, 16],
			"faces": {
				"north": {"uv": [0, 3.5, 3, 4], "texture": "#3"},
				"south": {"uv": [5, 3.5, 8, 4], "texture": "#3"},
				"up": {"uv": [0, 0, 8, 3], "rotation": 90, "texture": "#3"},
				"down": {"uv": [8, 4, 16, 7], "rotation": 90, "texture": "#3", "cullface": "down"}
			}
		},
		{
			"name": "fire",
			"from": [0.8, 1, 8],
			"to": [15.2, 17, 8],
			"shade": false,
			"rotation": {"angle": 45, "axis": "y", "origin": [8, 8, 8], "rescale": true},
			"faces": {
				"north": {"uv": [0, 0, 16, 16], "texture": "#4"},
				"south": {"uv": [0, 0, 16, 16], "texture": "#4"}
			}
		},
		{
			"name": "fire",
			"from": [8, 1, 0.8],
			"to": [8, 17, 15.2],
			"shade": false,
			"rotation": {"angle": 45, "axis": "y", "origin": [8, 8, 8], "rescale": true},
			"faces": {
				"east": {"uv": [0, 0, 16, 16], "texture": "#4"},
				"west": {"uv": [0, 0, 16, 16], "texture": "#4"}
			}
		},
		{
			"name": "log",
			"from": [0, 3, 1],
			"to": [16, 7, 5],
			"rotation": {"angle": 0, "axis": "y", "origin": [0, 0, 16]},
			"faces": {
				"north": {"uv": [8, 10, 0, 8], "texture": "#3"},
				"south": {"uv": [0, 4, 8, 6], "texture": "#3"},
				"down": {"uv": [8, 8, 0, 6], "texture": "#3"}
			}
		},
		{
			"name": "log",
			"from": [0.5, 3, 1],
			"to": [15.5, 7, 5],
			"rotation": {"angle": 0, "axis": "y", "origin": [0, 0, 16]},
			"faces": {
				"north": {"uv": [8.25, 2, 15.75, 4], "texture": "#6"},
				"east": {"uv": [0, 0, 0, 0], "texture": "#6"},
				"south": {"uv": [15.75, 8, 8.25, 6], "texture": "#6"},
				"west": {"uv": [0, 0, 0, 0], "texture": "#6"},
				"up": {"uv": [0.25, 0, 7.75, 2], "rotation": 180, "texture": "#6"},
				"down": {"uv": [15.75, 6, 8.25, 4], "texture": "#6"}
			}
		},
		{
			"name": "log",
			"from": [0.25, 3.5, 1.5],
			"to": [15.75, 6.5, 4.5],
			"rotation": {"angle": 0, "axis": "y", "origin": [0, 0, 16]},
			"faces": {
				"east": {"uv": [0.25, 8.25, 1.75, 9.75], "texture": "#6"},
				"west": {"uv": [0.25, 8.25, 1.75, 9.75], "texture": "#6"}
			}
		},
		{
			"name": "log",
			"from": [0, 3, 4.5],
			"to": [0.5, 6.5, 5],
			"rotation": {"angle": 0, "axis": "y", "origin": [0, 0, 16]},
			"faces": {
				"north": {"uv": [1.75, 8.25, 2, 10], "texture": "#6"},
				"east": {"uv": [0, 0, 0, 0], "texture": "#6"},
				"south": {"uv": [8.25, 8, 8, 6.25], "texture": "#6"},
				"west": {"uv": [1.75, 8.25, 2, 10], "texture": "#6"},
				"up": {"uv": [0, 0, 0, 0], "texture": "#6"},
				"down": {"uv": [15.75, 5.75, 16, 6], "rotation": 180, "texture": "#6"}
			}
		},
		{
			"name": "log",
			"from": [0, 6.5, 1.5],
			"to": [0.5, 7, 5],
			"rotation": {"angle": 0, "axis": "y", "origin": [0, 0, 16]},
			"faces": {
				"north": {"uv": [0, 0, 0, 0], "texture": "#6"},
				"east": {"uv": [0, 0, 0, 0], "texture": "#6"},
				"south": {"uv": [8.25, 6.25, 8, 6], "texture": "#6"},
				"west": {"uv": [0.25, 8, 1.75, 8.25], "texture": "#6"},
				"up": {"uv": [7.75, 0, 8, 1.75], "rotation": 180, "texture": "#6"},
				"down": {"uv": [1.75, 8, 0.25, 8.25], "rotation": 90, "texture": "#6"}
			}
		},
		{
			"name": "log",
			"from": [0, 3.5, 1],
			"to": [0.5, 7, 1.5],
			"rotation": {"angle": 0, "axis": "y", "origin": [0, 0, 16]},
			"faces": {
				"north": {"uv": [15.75, 2, 16, 3.75], "texture": "#6"},
				"east": {"uv": [0, 0, 0, 0], "texture": "#6"},
				"south": {"uv": [0, 8, 0.25, 9.75], "texture": "#6"},
				"west": {"uv": [0, 8, 0.25, 9.75], "texture": "#6"},
				"up": {"uv": [7.75, 1.75, 8, 2], "rotation": 180, "texture": "#6"},
				"down": {"uv": [0, 0, 0, 0], "texture": "#6"}
			}
		},
		{
			"name": "log",
			"from": [0, 3, 1],
			"to": [0.5, 3.5, 4.5],
			"rotation": {"angle": 0, "axis": "y", "origin": [0, 0, 16]},
			"faces": {
				"north": {"uv": [15.75, 3.75, 16, 4], "texture": "#6"},
				"east": {"uv": [0, 0, 0, 0], "texture": "#6"},
				"south": {"uv": [0, 0, 0, 0], "texture": "#6"},
				"west": {"uv": [0, 9.75, 1.75, 10], "texture": "#6"},
				"up": {"uv": [0, 9.75, 1.75, 10], "rotation": 90, "texture": "#6"},
				"down": {"uv": [15.75, 4, 16, 5.75], "rotation": 180, "texture": "#6"}
			}
		},
		{
			"name": "log",
			"from": [15.5, 3, 4.5],
			"to": [16, 6.5, 5],
			"rotation": {"angle": 0, "axis": "y", "origin": [16, 0, 16]},
			"faces": {
				"north": {"uv": [0.25, 8.25, 0, 10], "texture": "#6"},
				"east": {"uv": [0.25, 8.25, 0, 10], "texture": "#6"},
				"south": {"uv": [16, 8, 15.75, 6.25], "texture": "#6"},
				"west": {"uv": [0, 0, 0, 0], "texture": "#6"},
				"up": {"uv": [0, 0, 0, 0], "texture": "#6"},
				"down": {"uv": [8, 5.75, 8.25, 6], "rotation": 180, "texture": "#6"}
			}
		},
		{
			"name": "log",
			"from": [15.5, 6.5, 1.5],
			"to": [16, 7, 5],
			"rotation": {"angle": 0, "axis": "y", "origin": [16, 0, 16]},
			"faces": {
				"north": {"uv": [0, 0, 0, 0], "texture": "#6"},
				"east": {"uv": [0, 8, 1.75, 8.25], "texture": "#6"},
				"south": {"uv": [16, 6.25, 15.75, 6], "texture": "#6"},
				"west": {"uv": [0, 0, 0, 0], "texture": "#6"},
				"up": {"uv": [0, 0, 0.25, 1.75], "rotation": 180, "texture": "#6"},
				"down": {"uv": [0, 8.25, 1.75, 8], "rotation": 90, "texture": "#6"}
			}
		},
		{
			"name": "log",
			"from": [15.5, 3.5, 1],
			"to": [16, 7, 1.5],
			"rotation": {"angle": 0, "axis": "y", "origin": [16, 0, 16]},
			"faces": {
				"north": {"uv": [8, 2, 8.25, 3.75], "texture": "#6"},
				"east": {"uv": [2, 8, 1.75, 9.75], "texture": "#6"},
				"south": {"uv": [2, 8, 1.75, 9.75], "texture": "#6"},
				"west": {"uv": [0, 0, 0, 0], "texture": "#6"},
				"up": {"uv": [0, 1.75, 0.25, 2], "rotation": 180, "texture": "#6"},
				"down": {"uv": [0, 0, 0, 0], "texture": "#6"}
			}
		},
		{
			"name": "log",
			"from": [15.5, 3, 1],
			"to": [16, 3.5, 4.5],
			"rotation": {"angle": 0, "axis": "y", "origin": [16, 0, 16]},
			"faces": {
				"north": {"uv": [8, 3.75, 8.25, 4], "texture": "#6"},
				"east": {"uv": [2, 9.75, 0.25, 10], "texture": "#6"},
				"south": {"uv": [0, 0, 0, 0], "texture": "#6"},
				"west": {"uv": [0, 0, 0, 0], "texture": "#6"},
				"up": {"uv": [0.25, 10, 2, 9.75], "rotation": 90, "texture": "#6"},
				"down": {"uv": [8, 4, 8.25, 5.75], "rotation": 180, "texture": "#6"}
			}
		},
		{
			"name": "log",
			"from": [0, 3, 11],
			"to": [16, 7, 15],
			"rotation": {"angle": 0, "axis": "y", "origin": [7, 0, 9]},
			"faces": {
				"north": {"uv": [0, 4, 8, 6], "texture": "#3"},
				"south": {"uv": [8, 10, 0, 8], "texture": "#3"},
				"down": {"uv": [8, 8, 0, 6], "rotation": 180, "texture": "#3"}
			}
		},
		{
			"name": "log",
			"from": [0.5, 3, 11],
			"to": [15.5, 7, 15],
			"rotation": {"angle": 0, "axis": "y", "origin": [7, 0, 9]},
			"faces": {
				"north": {"uv": [15.75, 8, 8.25, 6], "texture": "#6"},
				"east": {"uv": [0, 0, 0, 0], "texture": "#6"},
				"south": {"uv": [8.25, 2, 15.75, 4], "texture": "#6"},
				"west": {"uv": [0, 0, 0, 0], "texture": "#6"},
				"up": {"uv": [0.25, 0, 7.75, 2], "texture": "#6"},
				"down": {"uv": [15.75, 6, 8.25, 4], "rotation": 180, "texture": "#6"}
			}
		},
		{
			"name": "log",
			"from": [0.25, 3.5, 11.5],
			"to": [15.75, 6.5, 14.5],
			"rotation": {"angle": 0, "axis": "y", "origin": [7, 0, 9]},
			"faces": {
				"east": {"uv": [0.25, 8.25, 1.75, 9.75], "texture": "#6"},
				"west": {"uv": [0.25, 8.25, 1.75, 9.75], "texture": "#6"}
			}
		},
		{
			"name": "log",
			"from": [15.5, 3, 11],
			"to": [16, 6.5, 11.5],
			"rotation": {"angle": 0, "axis": "y", "origin": [7, 0, 9]},
			"faces": {
				"north": {"uv": [8.25, 8, 8, 6.25], "texture": "#6"},
				"east": {"uv": [1.75, 8.25, 2, 10], "texture": "#6"},
				"south": {"uv": [1.75, 8.25, 2, 10], "texture": "#6"},
				"west": {"uv": [0, 0, 0, 0], "texture": "#6"},
				"up": {"uv": [0, 0, 0, 0], "rotation": 180, "texture": "#6"},
				"down": {"uv": [15.75, 5.75, 16, 6], "texture": "#6"}
			}
		},
		{
			"name": "log",
			"from": [15.5, 6.5, 11],
			"to": [16, 7, 14.5],
			"rotation": {"angle": 0, "axis": "y", "origin": [7, 0, 9]},
			"faces": {
				"north": {"uv": [8.25, 6.25, 8, 6], "texture": "#6"},
				"east": {"uv": [0.25, 8, 1.75, 8.25], "texture": "#6"},
				"south": {"uv": [0, 0, 0, 0], "texture": "#6"},
				"west": {"uv": [0, 0, 0, 0], "texture": "#6"},
				"up": {"uv": [7.75, 0, 8, 1.75], "texture": "#6"},
				"down": {"uv": [1.75, 8, 0.25, 8.25], "rotation": 270, "texture": "#6"}
			}
		},
		{
			"name": "log",
			"from": [15.5, 3.5, 14.5],
			"to": [16, 7, 15],
			"rotation": {"angle": 0, "axis": "y", "origin": [7, 0, 9]},
			"faces": {
				"north": {"uv": [0, 8, 0.25, 9.75], "texture": "#6"},
				"east": {"uv": [0, 8, 0.25, 9.75], "texture": "#6"},
				"south": {"uv": [15.75, 2, 16, 3.75], "texture": "#6"},
				"west": {"uv": [0, 0, 0, 0], "texture": "#6"},
				"up": {"uv": [7.75, 1.75, 8, 2], "texture": "#6"},
				"down": {"uv": [0, 0, 0, 0], "rotation": 180, "texture": "#6"}
			}
		},
		{
			"name": "log",
			"from": [15.5, 3, 11.5],
			"to": [16, 3.5, 15],
			"rotation": {"angle": 0, "axis": "y", "origin": [7, 0, 9]},
			"faces": {
				"north": {"uv": [0, 0, 0, 0], "texture": "#6"},
				"east": {"uv": [0, 9.75, 1.75, 10], "texture": "#6"},
				"south": {"uv": [15.75, 3.75, 16, 4], "texture": "#6"},
				"west": {"uv": [0, 0, 0, 0], "texture": "#6"},
				"up": {"uv": [0, 9.75, 1.75, 10], "rotation": 270, "texture": "#6"},
				"down": {"uv": [15.75, 4, 16, 5.75], "texture": "#6"}
			}
		},
		{
			"name": "log",
			"from": [0, 3, 11],
			"to": [0.5, 6.5, 11.5],
			"rotation": {"angle": 0, "axis": "y", "origin": [7, 0, 9]},
			"faces": {
				"north": {"uv": [16, 8, 15.75, 6.25], "texture": "#6"},
				"east": {"uv": [0, 0, 0, 0], "texture": "#6"},
				"south": {"uv": [0.25, 8.25, 0, 10], "texture": "#6"},
				"west": {"uv": [0.25, 8.25, 0, 10], "texture": "#6"},
				"up": {"uv": [0, 0, 0, 0], "rotation": 180, "texture": "#6"},
				"down": {"uv": [8, 5.75, 8.25, 6], "texture": "#6"}
			}
		},
		{
			"name": "log",
			"from": [0, 6.5, 11],
			"to": [0.5, 7, 14.5],
			"rotation": {"angle": 0, "axis": "y", "origin": [7, 0, 9]},
			"faces": {
				"north": {"uv": [16, 6.25, 15.75, 6], "texture": "#6"},
				"east": {"uv": [0, 0, 0, 0], "texture": "#6"},
				"south": {"uv": [0, 0, 0, 0], "texture": "#6"},
				"west": {"uv": [0, 8, 1.75, 8.25], "texture": "#6"},
				"up": {"uv": [0, 0, 0.25, 1.75], "texture": "#6"},
				"down": {"uv": [0, 8.25, 1.75, 8], "rotation": 270, "texture": "#6"}
			}
		},
		{
			"name": "log",
			"from": [0, 3.5, 14.5],
			"to": [0.5, 7, 15],
			"rotation": {"angle": 0, "axis": "y", "origin": [7, 0, 9]},
			"faces": {
				"north": {"uv": [2, 8, 1.75, 9.75], "texture": "#6"},
				"east": {"uv": [0, 0, 0, 0], "texture": "#6"},
				"south": {"uv": [8, 2, 8.25, 3.75], "texture": "#6"},
				"west": {"uv": [2, 8, 1.75, 9.75], "texture": "#6"},
				"up": {"uv": [0, 1.75, 0.25, 2], "texture": "#6"},
				"down": {"uv": [0, 0, 0, 0], "rotation": 180, "texture": "#6"}
			}
		},
		{
			"name": "log",
			"from": [0, 3, 11.5],
			"to": [0.5, 3.5, 15],
			"rotation": {"angle": 0, "axis": "y", "origin": [7, 0, 9]},
			"faces": {
				"north": {"uv": [0, 0, 0, 0], "texture": "#6"},
				"east": {"uv": [0, 0, 0, 0], "texture": "#6"},
				"south": {"uv": [8, 3.75, 8.25, 4], "texture": "#6"},
				"west": {"uv": [2, 9.75, 0.25, 10], "texture": "#6"},
				"up": {"uv": [0.25, 10, 2, 9.75], "rotation": 270, "texture": "#6"},
				"down": {"uv": [8, 4, 8.25, 5.75], "texture": "#6"}
			}
		},
		{
			"name": "log",
			"from": [11, 0, 0],
			"to": [15, 4, 16],
			"rotation": {"angle": 0, "axis": "y", "origin": [8, 0, 8]},
			"faces": {
				"west": {"uv": [16, 0, 8, 2], "texture": "#3"}
			}
		},
		{
			"name": "log",
			"from": [11, 0, 0.5],
			"to": [15, 4, 15.5],
			"rotation": {"angle": 0, "axis": "y", "origin": [8, 0, 8]},
			"faces": {
				"north": {"uv": [0, 0, 0, 0], "texture": "#6"},
				"east": {"uv": [0.25, 2, 7.75, 4], "texture": "#6"},
				"south": {"uv": [0, 0, 0, 0], "texture": "#6"},
				"west": {"uv": [15.75, 16, 8.25, 14], "texture": "#6"},
				"up": {"uv": [0.25, 0, 7.75, 2], "rotation": 270, "texture": "#6"},
				"down": {"uv": [7.75, 6, 0.25, 4], "rotation": 270, "texture": "#6"}
			}
		},
		{
			"name": "log",
			"from": [11.5, 0.5, 0.25],
			"to": [14.5, 3.5, 15.75],
			"rotation": {"angle": 0, "axis": "y", "origin": [8, 0, 8]},
			"faces": {
				"north": {"uv": [0.25, 8.25, 1.75, 9.75], "texture": "#6"},
				"south": {"uv": [0.25, 8.25, 1.75, 9.75], "texture": "#6"}
			}
		},
		{
			"name": "log",
			"from": [11, 0, 0],
			"to": [11.5, 3.5, 0.5],
			"rotation": {"angle": 0, "axis": "y", "origin": [8, 0, 8]},
			"faces": {
				"north": {"uv": [1.75, 8.25, 2, 10], "texture": "#6"},
				"east": {"uv": [1.75, 8.25, 2, 10], "texture": "#6"},
				"south": {"uv": [0, 0, 0, 0], "texture": "#6"},
				"west": {"uv": [8.25, 16, 8, 14.25], "texture": "#6"},
				"up": {"uv": [0, 0, 0, 0], "rotation": 90, "texture": "#6"},
				"down": {"uv": [7.75, 5.75, 8, 6], "rotation": 90, "texture": "#6"}
			}
		},
		{
			"name": "log",
			"from": [11, 3.5, 0],
			"to": [14.5, 4, 0.5],
			"rotation": {"angle": 0, "axis": "y", "origin": [8, 0, 8]},
			"faces": {
				"north": {"uv": [0.25, 8, 1.75, 8.25], "texture": "#6"},
				"east": {"uv": [0, 0, 0, 0], "texture": "#6"},
				"south": {"uv": [0, 0, 0, 0], "texture": "#6"},
				"west": {"uv": [8.25, 14.25, 8, 14], "texture": "#6"},
				"up": {"uv": [7.75, 0, 8, 1.75], "rotation": 270, "texture": "#6"},
				"down": {"uv": [1.75, 8, 0.25, 8.25], "texture": "#6"}
			}
		},
		{
			"name": "log",
			"from": [14.5, 0.5, 0],
			"to": [15, 4, 0.5],
			"rotation": {"angle": 0, "axis": "y", "origin": [8, 0, 8]},
			"faces": {
				"north": {"uv": [0, 8, 0.25, 9.75], "texture": "#6"},
				"east": {"uv": [7.75, 2, 8, 3.75], "texture": "#6"},
				"south": {"uv": [0, 0, 0, 0], "texture": "#6"},
				"west": {"uv": [0, 8, 0.25, 9.75], "texture": "#6"},
				"up": {"uv": [7.75, 1.75, 8, 2], "rotation": 270, "texture": "#6"},
				"down": {"uv": [0, 0, 0, 0], "rotation": 270, "texture": "#6"}
			}
		},
		{
			"name": "log",
			"from": [11.5, 0, 0],
			"to": [15, 0.5, 0.5],
			"rotation": {"angle": 0, "axis": "y", "origin": [8, 0, 8]},
			"faces": {
				"north": {"uv": [0, 9.75, 1.75, 10], "texture": "#6"},
				"east": {"uv": [7.75, 3.75, 8, 4], "texture": "#6"},
				"south": {"uv": [0, 0, 0, 0], "texture": "#6"},
				"west": {"uv": [0, 0, 0, 0], "texture": "#6"},
				"up": {"uv": [0, 9.75, 1.75, 10], "rotation": 180, "texture": "#6"},
				"down": {"uv": [7.75, 4, 8, 5.75], "rotation": 90, "texture": "#6"}
			}
		},
		{
			"name": "log",
			"from": [11, 0, 15.5],
			"to": [11.5, 3.5, 16],
			"rotation": {"angle": 0, "axis": "y", "origin": [8, 0, 8]},
			"faces": {
				"north": {"uv": [0, 0, 0, 0], "texture": "#6"},
				"east": {"uv": [0.25, 8.25, 0, 10], "texture": "#6"},
				"south": {"uv": [0.25, 8.25, 0, 10], "texture": "#6"},
				"west": {"uv": [16, 16, 15.75, 14.25], "texture": "#6"},
				"up": {"uv": [0, 0, 0, 0], "rotation": 90, "texture": "#6"},
				"down": {"uv": [0, 5.75, 0.25, 6], "rotation": 90, "texture": "#6"}
			}
		},
		{
			"name": "log",
			"from": [11, 3.5, 15.5],
			"to": [14.5, 4, 16],
			"rotation": {"angle": 0, "axis": "y", "origin": [8, 0, 8]},
			"faces": {
				"north": {"uv": [0, 0, 0, 0], "texture": "#6"},
				"east": {"uv": [0, 0, 0, 0], "texture": "#6"},
				"south": {"uv": [0, 8, 1.75, 8.25], "texture": "#6"},
				"west": {"uv": [16, 14.25, 15.75, 14], "texture": "#6"},
				"up": {"uv": [0, 0, 0.25, 1.75], "rotation": 270, "texture": "#6"},
				"down": {"uv": [0, 8.25, 1.75, 8], "texture": "#6"}
			}
		},
		{
			"name": "log",
			"from": [14.5, 0.5, 15.5],
			"to": [15, 4, 16],
			"rotation": {"angle": 0, "axis": "y", "origin": [8, 0, 8]},
			"faces": {
				"north": {"uv": [0, 0, 0, 0], "texture": "#6"},
				"east": {"uv": [0, 2, 0.25, 3.75], "texture": "#6"},
				"south": {"uv": [2, 8, 1.75, 9.75], "texture": "#6"},
				"west": {"uv": [2, 8, 1.75, 9.75], "texture": "#6"},
				"up": {"uv": [0, 1.75, 0.25, 2], "rotation": 270, "texture": "#6"},
				"down": {"uv": [0, 0, 0, 0], "rotation": 270, "texture": "#6"}
			}
		},
		{
			"name": "log",
			"from": [11.5, 0, 15.5],
			"to": [15, 0.5, 16],
			"rotation": {"angle": 0, "axis": "y", "origin": [8, 0, 8]},
			"faces": {
				"north": {"uv": [0, 0, 0, 0], "texture": "#6"},
				"east": {"uv": [0, 3.75, 0.25, 4], "texture": "#6"},
				"south": {"uv": [2, 9.75, 0.25, 10], "texture": "#6"},
				"west": {"uv": [0, 0, 0, 0], "texture": "#6"},
				"up": {"uv": [0.25, 10, 2, 9.75], "rotation": 180, "texture": "#6"},
				"down": {"uv": [0, 4, 0.25, 5.75], "rotation": 90, "texture": "#6"}
			}
		},
		{
			"name": "log",
			"from": [1, 0, 0],
			"to": [5, 4, 16],
			"rotation": {"angle": 0, "axis": "y", "origin": [8, 0, 8]},
			"faces": {
				"east": {"uv": [16, 0, 8, 2], "texture": "#3"}
			}
		},
		{
			"name": "log",
			"from": [1, 0, 0.5],
			"to": [5, 4, 15.5],
			"rotation": {"angle": 0, "axis": "y", "origin": [8, 0, 8]},
			"faces": {
				"north": {"uv": [0, 0, 0, 0], "texture": "#6"},
				"east": {"uv": [15.75, 16, 8.25, 14], "texture": "#6"},
				"south": {"uv": [0, 0, 0, 0], "texture": "#6"},
				"west": {"uv": [0.25, 2, 7.75, 4], "texture": "#6"},
				"up": {"uv": [0.25, 0, 7.75, 2], "rotation": 90, "texture": "#6"},
				"down": {"uv": [7.75, 6, 0.25, 4], "rotation": 90, "texture": "#6"}
			}
		},
		{
			"name": "log",
			"from": [1.5, 0.5, 0.25],
			"to": [4.5, 3.5, 15.75],
			"rotation": {"angle": 0, "axis": "y", "origin": [8, 0, 8]},
			"faces": {
				"north": {"uv": [0.25, 8.25, 1.75, 9.75], "texture": "#6"},
				"south": {"uv": [0.25, 8.25, 1.75, 9.75], "texture": "#6"}
			}
		},
		{
			"name": "log",
			"from": [4.5, 0, 15.5],
			"to": [5, 3.5, 16],
			"rotation": {"angle": 0, "axis": "y", "origin": [8, 0, 8]},
			"faces": {
				"north": {"uv": [0, 0, 0, 0], "texture": "#6"},
				"east": {"uv": [8.25, 16, 8, 14.25], "texture": "#6"},
				"south": {"uv": [1.75, 8.25, 2, 10], "texture": "#6"},
				"west": {"uv": [1.75, 8.25, 2, 10], "texture": "#6"},
				"up": {"uv": [0, 0, 0, 0], "rotation": 270, "texture": "#6"},
				"down": {"uv": [7.75, 5.75, 8, 6], "rotation": 270, "texture": "#6"}
			}
		},
		{
			"name": "log",
			"from": [1.5, 3.5, 15.5],
			"to": [5, 4, 16],
			"rotation": {"angle": 0, "axis": "y", "origin": [8, 0, 8]},
			"faces": {
				"north": {"uv": [0, 0, 0, 0], "texture": "#6"},
				"east": {"uv": [8.25, 14.25, 8, 14], "texture": "#6"},
				"south": {"uv": [0.25, 8, 1.75, 8.25], "texture": "#6"},
				"west": {"uv": [0, 0, 0, 0], "texture": "#6"},
				"up": {"uv": [7.75, 0, 8, 1.75], "rotation": 90, "texture": "#6"},
				"down": {"uv": [1.75, 8, 0.25, 8.25], "rotation": 180, "texture": "#6"}
			}
		},
		{
			"name": "log",
			"from": [1, 0.5, 15.5],
			"to": [1.5, 4, 16],
			"rotation": {"angle": 0, "axis": "y", "origin": [8, 0, 8]},
			"faces": {
				"north": {"uv": [0, 0, 0, 0], "texture": "#6"},
				"east": {"uv": [0, 8, 0.25, 9.75], "texture": "#6"},
				"south": {"uv": [0, 8, 0.25, 9.75], "texture": "#6"},
				"west": {"uv": [7.75, 2, 8, 3.75], "texture": "#6"},
				"up": {"uv": [7.75, 1.75, 8, 2], "rotation": 90, "texture": "#6"},
				"down": {"uv": [0, 0, 0, 0], "rotation": 90, "texture": "#6"}
			}
		},
		{
			"name": "log",
			"from": [1, 0, 15.5],
			"to": [4.5, 0.5, 16],
			"rotation": {"angle": 0, "axis": "y", "origin": [8, 0, 8]},
			"faces": {
				"north": {"uv": [0, 0, 0, 0], "texture": "#6"},
				"east": {"uv": [0, 0, 0, 0], "texture": "#6"},
				"south": {"uv": [0, 9.75, 1.75, 10], "texture": "#6"},
				"west": {"uv": [7.75, 3.75, 8, 4], "texture": "#6"},
				"up": {"uv": [0, 9.75, 1.75, 10], "texture": "#6"},
				"down": {"uv": [7.75, 4, 8, 5.75], "rotation": 270, "texture": "#6"}
			}
		},
		{
			"name": "log",
			"from": [4.5, 0, 0],
			"to": [5, 3.5, 0.5],
			"rotation": {"angle": 0, "axis": "y", "origin": [8, 0, 8]},
			"faces": {
				"north": {"uv": [0.25, 8.25, 0, 10], "texture": "#6"},
				"east": {"uv": [16, 16, 15.75, 14.25], "texture": "#6"},
				"south": {"uv": [0, 0, 0, 0], "texture": "#6"},
				"west": {"uv": [0.25, 8.25, 0, 10], "texture": "#6"},
				"up": {"uv": [0, 0, 0, 0], "rotation": 270, "texture": "#6"},
				"down": {"uv": [0, 5.75, 0.25, 6], "rotation": 270, "texture": "#6"}
			}
		},
		{
			"name": "log",
			"from": [1.5, 3.5, 0],
			"to": [5, 4, 0.5],
			"rotation": {"angle": 0, "axis": "y", "origin": [8, 0, 8]},
			"faces": {
				"north": {"uv": [0, 8, 1.75, 8.25], "texture": "#6"},
				"east": {"uv": [16, 14.25, 15.75, 14], "texture": "#6"},
				"south": {"uv": [0, 0, 0, 0], "texture": "#6"},
				"west": {"uv": [0, 0, 0, 0], "texture": "#6"},
				"up": {"uv": [0, 0, 0.25, 1.75], "rotation": 90, "texture": "#6"},
				"down": {"uv": [0, 8.25, 1.75, 8], "rotation": 180, "texture": "#6"}
			}
		},
		{
			"name": "log",
			"from": [1, 0.5, 0],
			"to": [1.5, 4, 0.5],
			"rotation": {"angle": 0, "axis": "y", "origin": [8, 0, 8]},
			"faces": {
				"north": {"uv": [2, 8, 1.75, 9.75], "texture": "#6"},
				"east": {"uv": [2, 8, 1.75, 9.75], "texture": "#6"},
				"south": {"uv": [0, 0, 0, 0], "texture": "#6"},
				"west": {"uv": [0, 2, 0.25, 3.75], "texture": "#6"},
				"up": {"uv": [0, 1.75, 0.25, 2], "rotation": 90, "texture": "#6"},
				"down": {"uv": [0, 0, 0, 0], "rotation": 90, "texture": "#6"}
			}
		},
		{
			"name": "log",
			"from": [1, 0, 0],
			"to": [4.5, 0.5, 0.5],
			"rotation": {"angle": 0, "axis": "y", "origin": [8, 0, 8]},
			"faces": {
				"north": {"uv": [2, 9.75, 0.25, 10], "texture": "#6"},
				"east": {"uv": [0, 0, 0, 0], "texture": "#6"},
				"south": {"uv": [0, 0, 0, 0], "texture": "#6"},
				"west": {"uv": [0, 3.75, 0.25, 4], "texture": "#6"},
				"up": {"uv": [0.25, 10, 2, 9.75], "texture": "#6"},
				"down": {"uv": [0, 4, 0.25, 5.75], "rotation": 270, "texture": "#6"}
			}
		},
		{
			"name": "log",
			"from": [0, 3.5, 1.5],
			"to": [16, 6.5, 4.5],
			"rotation": {"angle": 0, "axis": "y", "origin": [0, 0, 16]},
			"faces": {
				"east": {"uv": [0.25, 10.25, 1.75, 11.75], "texture": "#6"},
				"west": {"uv": [0.25, 10.25, 1.75, 11.75], "texture": "#6"}
			}
		},
		{
			"name": "log",
			"from": [0, 3.5, 11.5],
			"to": [16, 6.5, 14.5],
			"rotation": {"angle": 0, "axis": "y", "origin": [7, 0, 9]},
			"faces": {
				"east": {"uv": [0.25, 10.25, 1.75, 11.75], "texture": "#6"},
				"west": {"uv": [0.25, 10.25, 1.75, 11.75], "texture": "#6"}
			}
		},
		{
			"name": "log",
			"from": [11.5, 0.5, 0],
			"to": [14.5, 3.5, 16],
			"rotation": {"angle": 0, "axis": "y", "origin": [8, 0, 8]},
			"faces": {
				"north": {"uv": [0.25, 10.25, 1.75, 11.75], "texture": "#6"},
				"south": {"uv": [0.25, 10.25, 1.75, 11.75], "texture": "#6"}
			}
		},
		{
			"name": "log",
			"from": [1.5, 0.5, 0],
			"to": [4.5, 3.5, 16],
			"rotation": {"angle": 0, "axis": "y", "origin": [8, 0, 8]},
			"faces": {
				"north": {"uv": [0.25, 10.25, 1.75, 11.75], "texture": "#6"},
				"south": {"uv": [0.25, 10.25, 1.75, 11.75], "texture": "#6"}
			}
		}
	],
	"display": {
		"head": {
			"translation": [0, 10.5, 0]
		}
	},
	"groups": [
		0,
		1,
		2,
		{
			"name": "log1",
			"origin": [0, 0, 0],
			"color": 0,
			"nbt": "{}",
			"children": [3, 4, 5, 6, 7, 8, 9, 10, 11, 12, 13]
		},
		{
			"name": "log2",
			"origin": [0, 0, 0],
			"color": 0,
			"nbt": "{}",
			"children": [14, 15, 16, 17, 18, 19, 20, 21, 22, 23, 24]
		},
		{
			"name": "log3",
			"origin": [0, 0, 0],
			"color": 0,
			"nbt": "{}",
			"children": [25, 26, 27, 28, 29, 30, 31, 32, 33, 34, 35]
		},
		{
			"name": "log4",
			"origin": [0, 0, 0],
			"color": 0,
			"nbt": "{}",
			"children": [36, 37, 38, 39, 40, 41, 42, 43, 44, 45, 46]
		},
		47,
		48,
		49,
		50
	]
}