{
	"credit": "Made with Blockbench",
	"texture_size": [64, 64],
	"textures": {
		"0": "block/fence/bamboo",
		"particle": "block/break/fence/bamboo"
	},
	"elements": [
		{
			"name": "top bar",
			"from": [6.5, 12, 0],
			"to": [9.5, 15, 6],
			"rotation": {"angle": 0, "axis": "y", "origin": [0, 0, 16]},
			"faces": {
				"north": {"uv": [4.75, 8.25, 3.25, 9.75], "texture": "#0"},
				"east": {"uv": [9.5, 10, 6.5, 11.5], "texture": "#0"},
				"west": {"uv": [6.5, 15, 9.5, 13.5], "texture": "#0"},
				"up": {"uv": [6.5, 9.75, 9.5, 8.25], "rotation": 90, "texture": "#0"},
				"down": {"uv": [9.5, 11.75, 6.5, 13.25], "rotation": 90, "texture": "#0"}
			}
		},
		{
			"name": "lower bar",
			"from": [6.5, 6, 0],
			"to": [9.5, 9, 6],
			"rotation": {"angle": 0, "axis": "y", "origin": [0, 0, 16]},
			"faces": {
				"north": {"uv": [4.75, 8.25, 3.25, 9.75], "texture": "#0"},
				"east": {"uv": [9.5, 13.5, 6.5, 15], "texture": "#0"},
				"west": {"uv": [6.5, 11.5, 9.5, 10], "texture": "#0"},
				"up": {"uv": [6.5, 13.25, 9.5, 11.75], "rotation": 90, "texture": "#0"},
				"down": {"uv": [9.5, 8.25, 6.5, 9.75], "rotation": 90, "texture": "#0"}
			}
		},
		{
			"from": [8.05, 9, 4],
			"to": [8.15, 12, 4.5],
			"rotation": {"angle": 0, "axis": "y", "origin": [0, 0, 16]},
			"faces": {
				"north": {"uv": [5.25, 11.75, 5.5, 13.25], "texture": "#0"},
				"east": {"uv": [5.5, 11.75, 5.25, 13.25], "texture": "#0"},
				"south": {"uv": [5.25, 11.75, 5.5, 13.25], "texture": "#0"},
				"west": {"uv": [5.25, 11.75, 5.5, 13.25], "texture": "#0"}
			}
		},
		{
			"from": [8.05, 9, 3],
			"to": [8.15, 12, 3.5],
			"rotation": {"angle": 0, "axis": "y", "origin": [0, 0, 16]},
			"faces": {
				"north": {"uv": [4.75, 11.75, 5, 13.25], "texture": "#0"},
				"east": {"uv": [5, 11.75, 4.75, 13.25], "texture": "#0"},
				"south": {"uv": [4.75, 11.75, 5, 13.25], "texture": "#0"},
				"west": {"uv": [4.75, 11.75, 5, 13.25], "texture": "#0"}
			}
		},
		{
			"from": [8.05, 9, 2],
			"to": [8.15, 12, 2.5],
			"rotation": {"angle": 0, "axis": "y", "origin": [0, 0, 16]},
			"faces": {
				"north": {"uv": [4.25, 11.75, 4.5, 13.25], "texture": "#0"},
				"east": {"uv": [4.5, 11.75, 4.25, 13.25], "texture": "#0"},
				"south": {"uv": [4.25, 11.75, 4.5, 13.25], "texture": "#0"},
				"west": {"uv": [4.25, 11.75, 4.5, 13.25], "texture": "#0"}
			}
		},
		{
			"from": [8.05, 9, 1],
			"to": [8.15, 12, 1.5],
			"rotation": {"angle": 0, "axis": "y", "origin": [0, 0, 16]},
			"faces": {
				"north": {"uv": [3.75, 11.75, 4, 13.25], "texture": "#0"},
				"east": {"uv": [4, 11.75, 3.75, 13.25], "texture": "#0"},
				"south": {"uv": [3.75, 11.75, 4, 13.25], "texture": "#0"},
				"west": {"uv": [3.75, 11.75, 4, 13.25], "texture": "#0"}
			}
		},
		{
			"from": [8.05, 9, 0],
			"to": [8.15, 12, 0.5],
			"rotation": {"angle": 0, "axis": "y", "origin": [0, 0, 16]},
			"faces": {
				"north": {"uv": [3.25, 11.75, 3.5, 13.25], "texture": "#0"},
				"east": {"uv": [3.5, 11.75, 3.25, 13.25], "texture": "#0"},
				"south": {"uv": [3.25, 11.75, 3.5, 13.25], "texture": "#0"},
				"west": {"uv": [3.25, 11.75, 3.5, 13.25], "texture": "#0"}
			}
		},
		{
			"from": [8.05, 9, 5],
			"to": [8.15, 12, 6],
			"rotation": {"angle": 0, "axis": "y", "origin": [0, 0, 16]},
			"faces": {
				"north": {"uv": [5.75, 11.75, 6, 13.25], "texture": "#0"},
				"east": {"uv": [6.25, 11.75, 5.75, 13.25], "texture": "#0"},
				"west": {"uv": [5.75, 11.75, 6.25, 13.25], "texture": "#0"}
			}
		},
		{
			"from": [7.95, 11.5, 0],
			"to": [8.05, 12, 6],
			"rotation": {"angle": 0, "axis": "y", "origin": [0, 0, 16]},
			"faces": {
				"north": {"uv": [3.25, 11.75, 3.5, 12], "rotation": 90, "texture": "#0"},
				"east": {"uv": [6.25, 11.75, 3.25, 12], "texture": "#0"},
				"west": {"uv": [3.25, 11.75, 6.25, 12], "texture": "#0"},
				"down": {"uv": [6.25, 11.75, 3.25, 12], "rotation": 90, "texture": "#0"}
			}
		},
		{
			"from": [7.95, 10.5, 0],
			"to": [8.05, 11, 6],
			"rotation": {"angle": 0, "axis": "y", "origin": [0, 0, 16]},
			"faces": {
				"north": {"uv": [3.25, 12.25, 3.5, 12.5], "texture": "#0"},
				"east": {"uv": [6.25, 12.25, 3.25, 12.5], "texture": "#0"},
				"west": {"uv": [3.25, 12.25, 6.25, 12.5], "texture": "#0"},
				"up": {"uv": [3.25, 12.25, 6.25, 12.5], "rotation": 90, "texture": "#0"},
				"down": {"uv": [6.25, 12.25, 3.25, 12.5], "rotation": 90, "texture": "#0"}
			}
		},
		{
			"from": [7.95, 9, 0],
			"to": [8.05, 10, 6],
			"rotation": {"angle": 0, "axis": "y", "origin": [0, 0, 16]},
			"faces": {
				"north": {"uv": [3.5, 12.75, 3.25, 13.25], "texture": "#0"},
				"east": {"uv": [6.25, 12.75, 3.25, 13.25], "texture": "#0"},
				"west": {"uv": [3.25, 12.75, 6.25, 13.25], "texture": "#0"},
				"up": {"uv": [3.25, 12.75, 6.25, 13], "rotation": 90, "texture": "#0"}
			}
		}
	],
	"groups": [
		0,
		1,
		{
			"name": "string",
			"origin": [0, 0, 0],
			"color": 0,
			"children": [2, 3, 4, 5, 6, 7, 8, 9, 10]
		}
	]
}