{
	"credit": "Made with Blockbench",
	"texture_size": [64, 64],
	"textures": {
		"0": "block/fence/mangrove",
		"particle": "block/break/fence/mangrove"
	},
	"elements": [
		{
			"from": [7.75, 8.5, -1.5],
			"to": [8.75, 11.5, 6],
			"rotation": {"angle": -22.5, "axis": "x", "origin": [8, 11.5, 6]},
			"faces": {
				"north": {"uv": [8.25, 11, 7.75, 12.5], "texture": "#0"},
				"east": {"uv": [7.5, 11, 3.75, 12.5], "texture": "#0"},
				"west": {"uv": [3.75, 11, 7.5, 12.5], "texture": "#0"},
				"up": {"uv": [3.75, 12.75, 7.5, 13.25], "rotation": 90, "texture": "#0"},
				"down": {"uv": [3.75, 12.75, 7.5, 13.25], "rotation": 90, "texture": "#0"}
			}
		},
		{
			"from": [7.25, 11.5, 0],
			"to": [8.75, 14.5, 6],
			"rotation": {"angle": 0, "axis": "x", "origin": [8, 11.5, 6]},
			"faces": {
				"north": {"uv": [6.25, 8.25, 7, 9.75], "texture": "#0"},
				"east": {"uv": [6, 8.25, 3, 9.75], "texture": "#0"},
				"west": {"uv": [3, 8.25, 6, 9.75], "texture": "#0"},
				"up": {"uv": [3, 10, 6, 10.75], "rotation": 90, "texture": "#0"},
				"down": {"uv": [6, 10, 3, 10.75], "rotation": 90, "texture": "#0"}
			}
		},
		{
			"from": [7.25, 8.5, 1.5],
			"to": [8.25, 11.5, 9],
			"rotation": {"angle": 22.5, "axis": "x", "origin": [8, 11.5, -6]},
			"faces": {
				"north": {"uv": [8.25, 11, 7.75, 12.5], "texture": "#0"},
				"east": {"uv": [0, 11, 3.75, 12.5], "texture": "#0"},
				"west": {"uv": [3.75, 11, 0, 12.5], "texture": "#0"},
				"up": {"uv": [3.75, 12.75, 0, 13.25], "rotation": 90, "texture": "#0"},
				"down": {"uv": [3.75, 12.75, 0, 13.25], "rotation": 90, "texture": "#0"}
			}
		}
	]
}