{
	"credit": "Made with Blockbench",
	"texture_size": [64, 64],
	"textures": {
		"0": "block/fence/oak",
		"particle": "block/break/fence/oak"
	},
	"elements": [
		{
			"from": [7, 3, 0],
			"to": [9, 5, 6],
			"rotation": {"angle": 0, "axis": "y", "origin": [8, 8, 5]},
			"faces": {
				"north": {"uv": [6.25, 8.25, 7.25, 9.25], "texture": "#0"},
				"east": {"uv": [6, 8.25, 3, 9.25], "texture": "#0"},
				"west": {"uv": [3, 8.25, 6, 9.25], "texture": "#0"},
				"up": {"uv": [3, 9.25, 6, 8.25], "rotation": 90, "texture": "#0"},
				"down": {"uv": [6, 9.25, 3, 8.25], "rotation": 90, "texture": "#0"}
			}
		},
		{
			"from": [7, 11, 0],
			"to": [9, 13, 6],
			"rotation": {"angle": 0, "axis": "y", "origin": [8, 8, 5]},
			"faces": {
				"north": {"uv": [6.25, 8.25, 7.25, 9.25], "texture": "#0"},
				"east": {"uv": [0, 8.25, 3, 9.25], "texture": "#0"},
				"west": {"uv": [3, 8.25, 0, 9.25], "texture": "#0"},
				"up": {"uv": [3, 9.25, 0, 8.25], "rotation": 90, "texture": "#0"},
				"down": {"uv": [0, 9.25, 3, 8.25], "rotation": 90, "texture": "#0"}
			}
		},
		{
			"from": [7, 7, 5.5],
			"to": [9, 9, 6],
			"faces": {
				"north": {"uv": [7, 0, 8, 1], "texture": "#0"},
				"east": {"uv": [7, 0, 7.25, 1], "texture": "#0"},
				"west": {"uv": [7.75, 0, 8, 1], "texture": "#0"},
				"up": {"uv": [8, 0, 7, 0.25], "texture": "#0"},
				"down": {"uv": [8, 0.75, 7, 1], "texture": "#0"}
			}
		},
		{
			"from": [7.45, 7.5, -0.25],
			"to": [8.45, 8.5, 5.75],
			"rotation": {"angle": 45, "axis": "x", "origin": [8, 7.5, 5.5]},
			"faces": {
				"east": {"uv": [3, 10.5, 6, 11], "texture": "#0"},
				"west": {"uv": [3, 9.5, 6, 10], "texture": "#0"},
				"up": {"uv": [3, 10, 6, 10.5], "rotation": 90, "texture": "#0"},
				"down": {"uv": [3, 11, 6, 11.5], "rotation": 90, "texture": "#0"}
			}
		},
		{
			"from": [7.55, 2.75, 5.5],
			"to": [8.55, 8.75, 6.5],
			"rotation": {"angle": 45, "axis": "x", "origin": [8, 8.5, 5.5]},
			"faces": {
				"north": {"uv": [0, 11, 3, 11.5], "rotation": 90, "texture": "#0"},
				"east": {"uv": [0, 10.5, 3, 11], "rotation": 90, "texture": "#0"},
				"south": {"uv": [0, 10, 3, 10.5], "rotation": 90, "texture": "#0"},
				"west": {"uv": [0, 9.5, 3, 10], "rotation": 90, "texture": "#0"}
			}
		}
	]
}