{
	"credit": "Made with Blockbench",
	"texture_size": [64, 64],
	"textures": {
		"0": "block/fence/spruce",
		"particle": "block/break/fence/spruce"
	},
	"elements": [
		{
			"from": [7, 1, 3.5],
			"to": [9, 15, 5.5],
			"rotation": {"angle": 0, "axis": "y", "origin": [8, 0.5, 15.5]},
			"faces": {
				"north": {"uv": [16, 0, 15, 7], "texture": "#0"},
				"east": {"uv": [16, 0, 15, 7], "texture": "#0"},
				"south": {"uv": [16, 0, 15, 7], "texture": "#0"},
				"west": {"uv": [16, 0, 15, 7], "texture": "#0"},
				"up": {"uv": [15, 8.25, 16, 7.25], "texture": "#0"},
				"down": {"uv": [15, 8.25, 16, 7.25], "texture": "#0"}
			}
		},
		{
			"from": [7, 1, 0.5],
			"to": [9, 15, 2.5],
			"rotation": {"angle": 0, "axis": "y", "origin": [8, 0.5, 15.5]},
			"faces": {
				"north": {"uv": [16, 0, 15, 7], "texture": "#0"},
				"east": {"uv": [16, 0, 15, 7], "texture": "#0"},
				"south": {"uv": [16, 0, 15, 7], "texture": "#0"},
				"west": {"uv": [16, 0, 15, 7], "texture": "#0"},
				"up": {"uv": [15, 8.25, 16, 7.25], "texture": "#0"},
				"down": {"uv": [15, 8.25, 16, 7.25], "texture": "#0"}
			}
		},
		{
			"from": [7.5, 11.5, 0],
			"to": [8.5, 12.5, 6],
			"rotation": {"angle": 0, "axis": "y", "origin": [8, 0.5, 0.5]},
			"faces": {
				"north": {"uv": [5.5, 8.25, 6, 8.75], "texture": "#0"},
				"east": {"uv": [3, 9.25, 6, 9.75], "texture": "#0"},
				"west": {"uv": [3, 8.25, 6, 8.75], "texture": "#0"},
				"up": {"uv": [3, 9.75, 6, 10.25], "rotation": 90, "texture": "#0"},
				"down": {"uv": [3, 8.75, 6, 9.25], "rotation": 90, "texture": "#0"}
			}
		},
		{
			"from": [7.5, 7.5, 0],
			"to": [8.5, 8.5, 6],
			"rotation": {"angle": 0, "axis": "y", "origin": [8, 0.5, 0.5]},
			"faces": {
				"north": {"uv": [2.5, 8.25, 3, 8.75], "texture": "#0"},
				"east": {"uv": [0, 9.25, 3, 9.75], "texture": "#0"},
				"west": {"uv": [0, 8.25, 3, 8.75], "texture": "#0"},
				"up": {"uv": [0, 9.75, 3, 10.25], "rotation": 90, "texture": "#0"},
				"down": {"uv": [0, 8.75, 3, 9.25], "rotation": 90, "texture": "#0"}
			}
		},
		{
			"from": [7.5, 3.5, 0],
			"to": [8.5, 4.5, 6],
			"rotation": {"angle": 0, "axis": "y", "origin": [8, 0.5, 0.5]},
			"faces": {
				"north": {"uv": [5.5, 8.25, 6, 8.75], "texture": "#0"},
				"east": {"uv": [3, 9.25, 6, 9.75], "texture": "#0"},
				"west": {"uv": [3, 8.25, 6, 8.75], "texture": "#0"},
				"up": {"uv": [3, 9.75, 6, 10.25], "rotation": 90, "texture": "#0"},
				"down": {"uv": [3, 8.75, 6, 9.25], "rotation": 90, "texture": "#0"}
			}
		}
	]
}