{
  "variants": {
    "berries=false,age=0": { "model": "minecraft:block/cave_vines" },
    "berries=false,age=1": { "model": "minecraft:block/cave_vines" },
    "berries=false,age=2": { "model": "minecraft:block/cave_vines" },
    "berries=false,age=3": { "model": "minecraft:block/cave_vines" },
    "berries=false,age=4": { "model": "minecraft:block/cave_vines" },
    "berries=false,age=5": { "model": "minecraft:block/cave_vines" },
    "berries=false,age=6": { "model": "minecraft:block/cave_vines" },
    "berries=false,age=7": { "model": "minecraft:block/cave_vines" },
    "berries=false,age=8": { "model": "minecraft:block/cave_vines" },
    "berries=false,age=9": { "model": "minecraft:block/cave_vines" },
    "berries=false,age=10": { "model": "minecraft:block/cave_vines" },
    "berries=false,age=11": { "model": "minecraft:block/cave_vines" },
    "berries=false,age=12": { "model": "minecraft:block/cave_vines" },
    "berries=false,age=13": { "model": "minecraft:block/cave_vines" },
    "berries=false,age=14": { "model": "minecraft:block/cave_vines" },
    "berries=false,age=15": { "model": "minecraft:block/cave_vines" },
    "berries=false,age=16": { "model": "minecraft:block/cave_vines" },
    "berries=false,age=17": { "model": "minecraft:block/cave_vines" },
    "berries=false,age=18": { "model": "minecraft:block/cave_vines" },
    "berries=false,age=19": { "model": "minecraft:block/cave_vines" },
    "berries=false,age=20": { "model": "minecraft:block/cave_vines" },
    "berries=false,age=21": { "model": "minecraft:block/cave_vines" },
    "berries=false,age=22": { "model": "minecraft:block/cave_vines" },
    "berries=false,age=23": { "model": "minecraft:block/cave_vines" },	
    "berries=false,age=24": { "model": "minecraft:block/cave_vines" },	
    "berries=false,age=25": { "model": "minecraft:block/cave_vines_flowering" },
    "berries=true,age=0": { "model": "minecraft:block/cave_vines_lit" },
    "berries=true,age=1": { "model": "minecraft:block/cave_vines_lit" },
    "berries=true,age=2": { "model": "minecraft:block/cave_vines_lit" },
    "berries=true,age=3": { "model": "minecraft:block/cave_vines_lit" },
    "berries=true,age=4": { "model": "minecraft:block/cave_vines_lit" },
    "berries=true,age=5": { "model": "minecraft:block/cave_vines_lit" },
    "berries=true,age=6": { "model": "minecraft:block/cave_vines_lit" },
    "berries=true,age=7": { "model": "minecraft:block/cave_vines_lit" },
    "berries=true,age=8": { "model": "minecraft:block/cave_vines_lit" },
    "berries=true,age=9": { "model": "minecraft:block/cave_vines_lit" },
    "berries=true,age=10": { "model": "minecraft:block/cave_vines_lit" },
    "berries=true,age=11": { "model": "minecraft:block/cave_vines_lit" },
    "berries=true,age=12": { "model": "minecraft:block/cave_vines_lit" },
    "berries=true,age=13": { "model": "minecraft:block/cave_vines_lit" },
    "berries=true,age=14": { "model": "minecraft:block/cave_vines_lit" },
    "berries=true,age=15": { "model": "minecraft:block/cave_vines_lit" },
    "berries=true,age=16": { "model": "minecraft:block/cave_vines_lit" },
    "berries=true,age=17": { "model": "minecraft:block/cave_vines_lit" },
    "berries=true,age=18": { "model": "minecraft:block/cave_vines_lit" },
    "berries=true,age=19": { "model": "minecraft:block/cave_vines_lit" },
    "berries=true,age=20": { "model": "minecraft:block/cave_vines_lit" },
    "berries=true,age=21": { "model": "minecraft:block/cave_vines_lit" },
    "berries=true,age=22": { "model": "minecraft:block/cave_vines_lit" },
    "berries=true,age=23": { "model": "minecraft:block/cave_vines_lit" },
    "berries=true,age=24": { "model": "minecraft:block/cave_vines_lit" },
    "berries=true,age=25": { "model": "minecraft:block/cave_vines_lit_flowering" }	
  }
}