{
"variants":{
"":

[{"model":"minecraft:block/infested/stone/1"},
{"model":"minecraft:block/infested/stone/2"},
{"model":"minecraft:block/infested/stone/3"},
{"model":"minecraft:block/infested/stone/4"},
{"model":"minecraft:block/infested/stone/5"},

{"model":"minecraft:block/infested/stone_mirrored/1"},
{"model":"minecraft:block/infested/stone_mirrored/2"},
{"model":"minecraft:block/infested/stone_mirrored/3"},
{"model":"minecraft:block/infested/stone_mirrored/4"},
{"model":"minecraft:block/infested/stone_mirrored/5"},

{"model":"minecraft:block/infested/stone/1","y":180},
{"model":"minecraft:block/infested/stone/2","y":180},
{"model":"minecraft:block/infested/stone/3","y":180},
{"model":"minecraft:block/infested/stone/4","y":180},
{"model":"minecraft:block/infested/stone/5","y":180},

{"model":"minecraft:block/infested/stone_mirrored/1","y":180},
{"model":"minecraft:block/infested/stone_mirrored/2","y":180},
{"model":"minecraft:block/infested/stone_mirrored/3","y":180},
{"model":"minecraft:block/infested/stone_mirrored/4","y":180},
{"model":"minecraft:block/infested/stone_mirrored/5","y":180}]
}
}