{
	"credit": "Made with Blockbench",
	"parent": "block/block",
	"textures": {
		"4": "block/oak_log",
		"particle": "block/grass_block/dirt/3",
		"bottom": "block/grass_block/dirt/3",
		"top": "block/grass_block/grass/top/2",
		"side": "block/grass_block/grass/side/3",
		"overlay": "block/grass_block/grass/side/7"
	},
	"elements": [
		{
			"from": [0, 0, 0],
			"to": [16, 16, 16],
			"faces": {
				"north": {"uv": [0, 0, 16, 16], "texture": "#side", "cullface": "north"},
				"east": {"uv": [0, 0, 16, 16], "texture": "#side", "cullface": "east"},
				"south": {"uv": [0, 0, 16, 16], "texture": "#side", "cullface": "south"},
				"west": {"uv": [0, 0, 16, 16], "texture": "#side", "cullface": "west"},
				"up": {"uv": [0, 0, 16, 16], "texture": "#top", "cullface": "up", "tintindex": 0},
				"down": {"uv": [0, 0, 16, 16], "texture": "#bottom", "cullface": "down"}
			}
		},
		{
			"from": [0, 0, 0],
			"to": [16, 16, 16],
			"faces": {
				"north": {"uv": [0, 0, 16, 16], "texture": "#overlay", "cullface": "north", "tintindex": 0},
				"east": {"uv": [0, 0, 16, 16], "texture": "#overlay", "cullface": "east", "tintindex": 0},
				"south": {"uv": [0, 0, 16, 16], "texture": "#overlay", "cullface": "south", "tintindex": 0},
				"west": {"uv": [0, 0, 16, 16], "texture": "#overlay", "cullface": "west", "tintindex": 0}
			}
		},
		{
			"from": [3, 15.99, 4],
			"to": [4, 16.99, 10],
			"faces": {
				"north": {"uv": [1, 2.5, 2, 3.5], "texture": "#4"},
				"east": {"uv": [2, 0, 3, 6], "rotation": 90, "texture": "#4"},
				"south": {"uv": [0, 0, 1, 1], "texture": "#4"},
				"west": {"uv": [0, 0, 1, 6], "rotation": 90, "texture": "#4"},
				"up": {"uv": [1, 0, 2, 6], "texture": "#4"}
			}
		}
	]
}