{
	"credit": "Made with Blockbench",
	"texture_size": [64, 64],
	"elements": [
		{
			"name": "board",
			"from": [1, 0, 7],
			"to": [15, 10, 9],
			"faces": {
				"north": {"uv": [0.5, 3.5, 4, 6], "texture": "#sign"},
				"east": {"uv": [0, 3.5, 0.5, 6], "texture": "#sign"},
				"south": {"uv": [4.5, 3.5, 8, 6], "texture": "#sign"},
				"west": {"uv": [4, 3.5, 4.5, 6], "texture": "#sign"},
				"up": {"uv": [4, 3.5, 0.5, 3], "texture": "#sign"},
				"down": {"uv": [7.5, 3, 4, 3.5], "texture": "#sign"}
			}
		},
		{
			"name": "plank",
			"from": [0, 14, 6],
			"to": [16, 16, 10],
			"faces": {
				"north": {"uv": [1, 1, 5, 1.5], "texture": "#sign"},
				"east": {"uv": [0, 1, 1, 1.5], "texture": "#sign"},
				"south": {"uv": [6, 1, 10, 1.5], "texture": "#sign"},
				"west": {"uv": [5, 1, 6, 1.5], "texture": "#sign"},
				"up": {"uv": [5, 1, 1, 0], "texture": "#sign"},
				"down": {"uv": [9, 0, 5, 1], "texture": "#sign"}
			}
		},
		{
			"name": "chain_left1",
			"from": [11.5, 10, 8],
			"to": [14.5, 14, 8],
			"rotation": {"angle": -45, "axis": "y", "origin": [13, 13, 8]},
			"faces": {
				"north": {"uv": [0, 1.5, 0.75, 3], "texture": "#sign"},
				"south": {"uv": [0.75, 1.5, 0, 3], "texture": "#sign"}
			}
		},
		{
			"name": "chain_left2",
			"from": [13, 10, 6.5],
			"to": [13, 14, 9.5],
			"rotation": {"angle": -45, "axis": "y", "origin": [13, 13, 8]},
			"faces": {
				"east": {"uv": [1.5, 1.5, 2.25, 3], "texture": "#sign"},
				"west": {"uv": [2.25, 1.5, 1.5, 3], "texture": "#sign"}
			}
		},
		{
			"name": "chain_right1",
			"from": [1.5, 10, 8],
			"to": [4.5, 16, 8],
			"rotation": {"angle": -45, "axis": "y", "origin": [3, 13, 8]},
			"faces": {
				"north": {"uv": [0, 1.5, 0.75, 3], "texture": "#sign"},
				"south": {"uv": [0.75, 1.5, 0, 3], "texture": "#sign"}
			}
		},
		{
			"name": "chain_right2",
			"from": [3, 10, 6.5],
			"to": [3, 16, 9.5],
			"rotation": {"angle": -45, "axis": "y", "origin": [3, 13, 8]},
			"faces": {
				"east": {"uv": [1.5, 1.5, 2.25, 3], "texture": "#sign"},
				"west": {"uv": [2.25, 1.5, 1.5, 3], "texture": "#sign"}
			}
		}
	],
	"gui_light": "front",
	"display": {
		"thirdperson_righthand": {
			"translation": [0, 3, 1],
			"scale": [0.55, 0.55, 0.55]
		},
		"thirdperson_lefthand": {
			"translation": [0, 3, 1],
			"scale": [0.55, 0.55, 0.55]
		},
		"firstperson_righthand": {
			"rotation": [0, -90, 25],
			"translation": [1.13, 3.2, 1.13],
			"scale": [0.68, 0.68, 0.68]
		},
		"firstperson_lefthand": {
			"rotation": [0, -90, 25],
			"translation": [1.13, 3.2, 1.13],
			"scale": [0.68, 0.68, 0.68]
		},
		"ground": {
			"translation": [0, 2, 0],
			"scale": [0.5, 0.5, 0.5]
		},
		"gui": {
			"translation": [0, -0.75, 0],
			"scale": [0.7, 0.7, 0.7]
		},
		"head": {
			"rotation": [0, 180, 0],
			"translation": [0, 13, 7]
		},
		"fixed": {
			"rotation": [0, 180, 0]
		}
	}
}