{
	"credit": "Made with Blockbench",
	"textures": {
		"particle": "#sign"
	},
	"elements": [
		{
			"from": [7.5, 0, 7.5],
			"to": [8.5, 9.5, 8.5],
			"faces": {
				"north": {"uv": [0, 4, 0.5, 7.5], "texture": "#sign"},
				"east": {"uv": [1.5, 4, 2, 7.5], "texture": "#sign"},
				"south": {"uv": [0.5, 4, 1, 7.5], "texture": "#sign"},
				"west": {"uv": [1, 4, 1.5, 7.5], "texture": "#sign"},
				"down": {"uv": [1, 3.5, 1.5, 4], "texture": "#sign"}
			}
		},
		{
			"from": [0, 9.5, 7.5],
			"to": [16, 19, 8.5],
			"faces": {
				"north": {"uv": [0.5, 0.5, 6.5, 3.5], "texture": "#sign"},
				"east": {"uv": [6.5, 0.5, 7, 3.5], "texture": "#sign"},
				"south": {"uv": [7, 0.5, 13, 3.5], "texture": "#sign"},
				"west": {"uv": [0, 0.5, 0.5, 3.5], "texture": "#sign"},
				"up": {"uv": [0.5, 0, 6.5, 0.5], "texture": "#sign"},
				"down": {"uv": [6.5, 0, 12.5, 0.5], "texture": "#sign"}
			}
		}
	],
	"gui_light": "front",
	"display": {
		"thirdperson_righthand": {
			"translation": [0, 3, 1],
			"scale": [0.55, 0.55, 0.55]
		},
		"thirdperson_lefthand": {
			"translation": [0, 3, 1],
			"scale": [0.55, 0.55, 0.55]
		},
		"firstperson_righthand": {
			"rotation": [0, -90, 25],
			"translation": [1.13, 3.2, 1.13],
			"scale": [0.68, 0.68, 0.68]
		},
		"firstperson_lefthand": {
			"rotation": [0, -90, 25],
			"translation": [1.13, 3.2, 1.13],
			"scale": [0.68, 0.68, 0.68]
		},
		"ground": {
			"translation": [0, 2, 0],
			"scale": [0.5, 0.5, 0.5]
		},
		"gui": {
			"rotation": [0, -180, 0],
			"translation": [0, -1.25, 0],
			"scale": [0.7, 0.7, 0.7]
		},
		"head": {
			"rotation": [0, 180, 0],
			"translation": [0, 13, 7]
		},
		"fixed": {
			"rotation": [0, 180, 0],
			"translation": [0, -1.25, 0],
			"scale": [0.8, 0.8, 0.8]
		}
	}
}