{
	"credit": "Made with Blockbench",
	"parent": "minecraft:block/tinted_cross",
	"texture_size": [32, 32],
	"textures": {
		"cross": "block/large_fern",
		"particle": "block/break/large_fern_bottom"
	},
	"elements": [
		{
			"from": [6.5, 0, 8],
			"to": [9.5, 16, 8],
			"rotation": {"angle": -45, "axis": "y", "origin": [8, 2.5, 8]},
			"faces": {
				"north": {"uv": [16, 6.25, 14.5, 14.25], "texture": "#cross", "tintindex": 0},
				"south": {"uv": [14.5, 6.25, 16, 14.25], "texture": "#cross", "tintindex": 0}
			}
		},
		{
			"from": [8, 0, 6.5],
			"to": [8, 16, 9.5],
			"rotation": {"angle": -45, "axis": "y", "origin": [8, 2.5, 8]},
			"faces": {
				"east": {"uv": [16, 6.25, 14.5, 14.25], "texture": "#cross", "tintindex": 0},
				"west": {"uv": [14.5, 6.25, 16, 14.25], "texture": "#cross", "tintindex": 0}
			}
		},
		{
			"from": [6.5, 15.5, 5],
			"to": [9, 15.5, 8],
			"rotation": {"angle": 45, "axis": "x", "origin": [8, 15.5, 8]},
			"faces": {
				"up": {"uv": [1.25, 6.5, 0, 8], "texture": "#cross", "tintindex": 0},
				"down": {"uv": [0, 6.5, 1.25, 8], "rotation": 180, "texture": "#cross", "tintindex": 0}
			}
		},
		{
			"from": [8, 15.5, 6.5],
			"to": [11, 15.5, 9],
			"rotation": {"angle": 45, "axis": "z", "origin": [8, 15.5, 8]},
			"faces": {
				"up": {"uv": [1.25, 6.5, 0, 8], "rotation": 90, "texture": "#cross", "tintindex": 0},
				"down": {"uv": [0, 6.5, 1.25, 8], "rotation": 90, "texture": "#cross", "tintindex": 0}
			}
		},
		{
			"from": [5.5, 2.5, 8],
			"to": [9.5, 2.5, 15.5],
			"rotation": {"angle": -45, "axis": "x", "origin": [8, 2.5, 8]},
			"faces": {
				"up": {"uv": [3.25, 6.25, 1.25, 10], "rotation": 180, "texture": "#cross", "tintindex": 0},
				"down": {"uv": [1.25, 6.25, 3.25, 10], "texture": "#cross", "tintindex": 0}
			}
		},
		{
			"from": [2.5, 12.5, 3.75],
			"to": [8.5, 12.5, 9.25],
			"rotation": {"angle": -45, "axis": "z", "origin": [8, 12.5, 8]},
			"faces": {
				"up": {"uv": [6.75, 0, 4, 3], "rotation": 270, "texture": "#cross", "tintindex": 0},
				"down": {"uv": [4, 0, 6.75, 3], "rotation": 270, "texture": "#cross", "tintindex": 0}
			}
		},
		{
			"from": [7.5, 12.5, 6.75],
			"to": [13.5, 12.5, 12.25],
			"rotation": {"angle": 45, "axis": "z", "origin": [8, 12.5, 8]},
			"faces": {
				"up": {"uv": [6.75, 0, 4, 3], "rotation": 90, "texture": "#cross", "tintindex": 0},
				"down": {"uv": [4, 0, 6.75, 3], "rotation": 90, "texture": "#cross", "tintindex": 0}
			}
		},
		{
			"from": [3.75, 12.5, 7.5],
			"to": [9.25, 12.5, 13.5],
			"rotation": {"angle": -45, "axis": "x", "origin": [8, 12.5, 8]},
			"faces": {
				"up": {"uv": [6.75, 0, 4, 3], "rotation": 180, "texture": "#cross", "tintindex": 0},
				"down": {"uv": [4, 0, 6.75, 3], "texture": "#cross", "tintindex": 0}
			}
		},
		{
			"from": [6.75, 12.5, 2.5],
			"to": [12.25, 12.5, 8.5],
			"rotation": {"angle": 45, "axis": "x", "origin": [8, 12.5, 8]},
			"faces": {
				"up": {"uv": [6.75, 0, 4, 3], "texture": "#cross", "tintindex": 0},
				"down": {"uv": [4, 0, 6.75, 3], "rotation": 180, "texture": "#cross", "tintindex": 0}
			}
		},
		{
			"from": [6.5, 2.5, 0.5],
			"to": [10.5, 2.5, 8],
			"rotation": {"angle": 45, "axis": "x", "origin": [8, 2.5, 8]},
			"faces": {
				"up": {"uv": [3.25, 6.25, 1.25, 10], "texture": "#cross", "tintindex": 0},
				"down": {"uv": [1.25, 6.25, 3.25, 10], "rotation": 180, "texture": "#cross", "tintindex": 0}
			}
		},
		{
			"from": [0.5, 2.5, 5.5],
			"to": [8, 2.5, 9.5],
			"rotation": {"angle": -45, "axis": "z", "origin": [8, 2.5, 8]},
			"faces": {
				"up": {"uv": [3.25, 6.25, 1.25, 10], "rotation": 270, "texture": "#cross", "tintindex": 0},
				"down": {"uv": [1.25, 6.25, 3.25, 10], "rotation": 270, "texture": "#cross", "tintindex": 0}
			}
		},
		{
			"from": [7.5, 0.5, 2.5],
			"to": [14.5, 0.5, 8],
			"rotation": {"angle": 45, "axis": "x", "origin": [8, 0.5, 8]},
			"faces": {
				"up": {"uv": [3.5, 3.5, 0, 6.25], "texture": "#cross", "tintindex": 0},
				"down": {"uv": [0, 3.5, 3.5, 6.25], "rotation": 180, "texture": "#cross", "tintindex": 0}
			}
		},
		{
			"from": [8, 0.5, 7.5],
			"to": [13.5, 0.5, 14.5],
			"rotation": {"angle": 45, "axis": "z", "origin": [8, 0.5, 8]},
			"faces": {
				"up": {"uv": [3.5, 3.5, 0, 6.25], "rotation": 90, "texture": "#cross", "tintindex": 0},
				"down": {"uv": [0, 3.5, 3.5, 6.25], "rotation": 90, "texture": "#cross", "tintindex": 0}
			}
		},
		{
			"from": [2.5, 0.5, 1.5],
			"to": [8, 0.5, 8.5],
			"rotation": {"angle": -45, "axis": "z", "origin": [8, 0.5, 8]},
			"faces": {
				"up": {"uv": [3.5, 3.5, 0, 6.25], "rotation": 270, "texture": "#cross", "tintindex": 0},
				"down": {"uv": [0, 3.5, 3.5, 6.25], "rotation": 270, "texture": "#cross", "tintindex": 0}
			}
		},
		{
			"from": [1.5, 0.5, 8],
			"to": [8.5, 0.5, 13.5],
			"rotation": {"angle": -45, "axis": "x", "origin": [8, 0.5, 8]},
			"faces": {
				"up": {"uv": [3.5, 3.5, 0, 6.25], "rotation": 180, "texture": "#cross", "tintindex": 0},
				"down": {"uv": [0, 3.5, 3.5, 6.25], "texture": "#cross", "tintindex": 0}
			}
		},
		{
			"from": [7.5, 7.5, 2.5],
			"to": [14.5, 7.5, 8],
			"rotation": {"angle": 45, "axis": "x", "origin": [8, 7.5, 8]},
			"faces": {
				"up": {"uv": [3.5, 3.5, 0, 6.25], "texture": "#cross", "tintindex": 0},
				"down": {"uv": [0, 3.5, 3.5, 6.25], "rotation": 180, "texture": "#cross", "tintindex": 0}
			}
		},
		{
			"from": [1.5, 7.5, 8],
			"to": [8.5, 7.5, 13.5],
			"rotation": {"angle": -45, "axis": "x", "origin": [8, 7.5, 8]},
			"faces": {
				"up": {"uv": [3.5, 3.5, 0, 6.25], "rotation": 180, "texture": "#cross", "tintindex": 0},
				"down": {"uv": [0, 3.5, 3.5, 6.25], "texture": "#cross", "tintindex": 0}
			}
		},
		{
			"from": [8, 2.5, 6.5],
			"to": [15.5, 2.5, 10.5],
			"rotation": {"angle": 45, "axis": "z", "origin": [8, 2.5, 8]},
			"faces": {
				"up": {"uv": [3.25, 6.25, 1.25, 10], "rotation": 90, "texture": "#cross", "tintindex": 0},
				"down": {"uv": [1.25, 6.25, 3.25, 10], "rotation": 90, "texture": "#cross", "tintindex": 0}
			}
		},
		{
			"from": [0.5, 9.5, 5.5],
			"to": [8, 9.5, 9.5],
			"rotation": {"angle": -45, "axis": "z", "origin": [8, 9.5, 8]},
			"faces": {
				"up": {"uv": [3.25, 6.25, 1.25, 10], "rotation": 270, "texture": "#cross", "tintindex": 0},
				"down": {"uv": [1.25, 6.25, 3.25, 10], "rotation": 270, "texture": "#cross", "tintindex": 0}
			}
		},
		{
			"from": [6.5, 9.5, 0.5],
			"to": [10.5, 9.5, 8],
			"rotation": {"angle": 45, "axis": "x", "origin": [8, 9.5, 8]},
			"faces": {
				"up": {"uv": [3.25, 6.25, 1.25, 10], "texture": "#cross", "tintindex": 0},
				"down": {"uv": [1.25, 6.25, 3.25, 10], "rotation": 180, "texture": "#cross", "tintindex": 0}
			}
		},
		{
			"from": [8, 9.5, 6.5],
			"to": [15.5, 9.5, 10.5],
			"rotation": {"angle": 45, "axis": "z", "origin": [8, 9.5, 8]},
			"faces": {
				"up": {"uv": [3.25, 6.25, 1.25, 10], "rotation": 90, "texture": "#cross", "tintindex": 0},
				"down": {"uv": [1.25, 6.25, 3.25, 10], "rotation": 90, "texture": "#cross", "tintindex": 0}
			}
		},
		{
			"from": [5.5, 9.5, 8],
			"to": [9.5, 9.5, 15.5],
			"rotation": {"angle": -45, "axis": "x", "origin": [8, 9.5, 8]},
			"faces": {
				"up": {"uv": [3.25, 6.25, 1.25, 10], "rotation": 180, "texture": "#cross", "tintindex": 0},
				"down": {"uv": [1.25, 6.25, 3.25, 10], "texture": "#cross", "tintindex": 0}
			}
		},
		{
			"from": [8, 5.5, 7],
			"to": [15, 5.5, 15],
			"rotation": {"angle": 45, "axis": "z", "origin": [8, 5.5, 8]},
			"faces": {
				"up": {"uv": [4, 0, 0, 3.5], "rotation": 90, "texture": "#cross", "tintindex": 0},
				"down": {"uv": [0, 0, 4, 3.5], "rotation": 90, "texture": "#cross", "tintindex": 0}
			}
		},
		{
			"from": [1, 5.5, 8],
			"to": [9, 5.5, 15],
			"rotation": {"angle": -45, "axis": "x", "origin": [8, 5.5, 8]},
			"faces": {
				"up": {"uv": [4, 0, 0, 3.5], "rotation": 180, "texture": "#cross", "tintindex": 0},
				"down": {"uv": [0, 0, 4, 3.5], "texture": "#cross", "tintindex": 0}
			}
		},
		{
			"from": [7, 5.5, 1],
			"to": [15, 5.5, 8],
			"rotation": {"angle": 45, "axis": "x", "origin": [8, 5.5, 8]},
			"faces": {
				"up": {"uv": [4, 0, 0, 3.5], "texture": "#cross", "tintindex": 0},
				"down": {"uv": [0, 0, 4, 3.5], "rotation": 180, "texture": "#cross", "tintindex": 0}
			}
		},
		{
			"from": [1, 5.5, 1],
			"to": [8, 5.5, 9],
			"rotation": {"angle": -45, "axis": "z", "origin": [8, 5.5, 8]},
			"faces": {
				"up": {"uv": [4, 0, 0, 3.5], "rotation": 270, "texture": "#cross", "tintindex": 0},
				"down": {"uv": [0, 0, 4, 3.5], "rotation": 270, "texture": "#cross", "tintindex": 0}
			}
		},
		{
			"from": [7, 15.5, 8],
			"to": [9.5, 15.5, 11],
			"rotation": {"angle": -45, "axis": "x", "origin": [8, 15.5, 8]},
			"faces": {
				"up": {"uv": [1.25, 6.5, 0, 8], "rotation": 180, "texture": "#cross", "tintindex": 0},
				"down": {"uv": [0, 6.5, 1.25, 8], "texture": "#cross", "tintindex": 0}
			}
		},
		{
			"from": [5, 15.5, 7],
			"to": [8, 15.5, 9.5],
			"rotation": {"angle": -45, "axis": "z", "origin": [8, 15.5, 8]},
			"faces": {
				"up": {"uv": [1.25, 6.5, 0, 8], "rotation": 270, "texture": "#cross", "tintindex": 0},
				"down": {"uv": [0, 6.5, 1.25, 8], "rotation": 270, "texture": "#cross", "tintindex": 0}
			}
		},
		{
			"from": [5, 8, 7],
			"to": [8, 8, 9.5],
			"rotation": {"angle": -45, "axis": "z", "origin": [8, 8, 8]},
			"faces": {
				"up": {"uv": [1.25, 6.5, 0, 8], "rotation": 270, "texture": "#cross", "tintindex": 0},
				"down": {"uv": [0, 6.5, 1.25, 8], "rotation": 270, "texture": "#cross", "tintindex": 0}
			}
		},
		{
			"from": [8, 8, 6.5],
			"to": [11, 8, 9],
			"rotation": {"angle": 45, "axis": "z", "origin": [8, 8, 8]},
			"faces": {
				"up": {"uv": [1.25, 6.5, 0, 8], "rotation": 90, "texture": "#cross", "tintindex": 0},
				"down": {"uv": [0, 6.5, 1.25, 8], "rotation": 90, "texture": "#cross", "tintindex": 0}
			}
		}
	],
	"display": {
		"thirdperson_righthand": {
			"rotation": [75, 45, 0],
			"translation": [0, 2.5, 0],
			"scale": [0.375, 0.375, 0.375]
		},
		"thirdperson_lefthand": {
			"rotation": [75, 45, 0],
			"translation": [0, 2.5, 0],
			"scale": [0.375, 0.375, 0.375]
		},
		"firstperson_righthand": {
			"rotation": [0, 45, 0],
			"scale": [0.4, 0.4, 0.4]
		},
		"firstperson_lefthand": {
			"rotation": [0, 225, 0],
			"scale": [0.4, 0.4, 0.4]
		},
		"ground": {
			"translation": [0, 3, 0],
			"scale": [0.25, 0.25, 0.25]
		},
		"gui": {
			"rotation": [30, 225, 0],
			"scale": [0.625, 0.625, 0.625]
		},
		"fixed": {
			"scale": [0.5, 0.5, 0.5]
		}
	}
}