{
	"credit": "Made with Blockbench",
	"textures": {
		"0": "block/acacia_planks",
		"1": "block/acacia_log",
		"particle": "block/acacia_planks"
	},
	"elements": [
		{
			"from": [5, 0, 6],
			"to": [11, 2, 10],
			"faces": {
				"north": {"uv": [11, 4, 5, 6], "texture": "#0"},
				"east": {"uv": [11, 6, 13, 10], "rotation": 90, "texture": "#0"},
				"south": {"uv": [11, 10, 5, 12], "texture": "#0"},
				"west": {"uv": [3, 10, 5, 6], "rotation": 90, "texture": "#0"},
				"up": {"uv": [5, 6, 11, 10], "texture": "#0"}
			}
		},
		{
			"from": [4, 0, 5],
			"to": [12, 0.5, 11],
			"faces": {
				"north": {"uv": [4, 11, 12, 11.5], "texture": "#1"},
				"east": {"uv": [3.5, 5, 4, 11], "rotation": 90, "texture": "#1"},
				"south": {"uv": [4, 4.5, 12, 5], "texture": "#1"},
				"west": {"uv": [12, 5, 12.5, 11], "rotation": 90, "texture": "#1"},
				"up": {"uv": [4, 5, 12, 11], "texture": "#1"},
				"down": {"uv": [4, 5, 12, 11], "texture": "#1"}
			}
		}
	]
}