{
	"credit": "Made with Blockbench",
	"parent": "block/block",
	"ambientocclusion": false,
	"textures": {
		"bottom": "block/cactus_bottom",
		"top": "block/cactus_top",
		"particle": "block/cactus_top_age_15",
		"side": "block/cactus_side",
		"flower": "block/cactus_top_age_15"
	},
	"elements": [
		{
			"from": [0, 0, 0],
			"to": [16, 16, 16],
			"faces": {
				"up": {"uv": [0, 0, 16, 16], "texture": "#top", "cullface": "up"},
				"down": {"uv": [0, 0, 16, 16], "texture": "#bottom", "cullface": "down"}
			}
		},
		{
			"from": [0, 0, 1],
			"to": [16, 16, 15],
			"faces": {
				"north": {"uv": [0, 0, 16, 16], "texture": "#side"},
				"south": {"uv": [0, 0, 16, 16], "texture": "#side"}
			}
		},
		{
			"from": [1, 0, 0],
			"to": [15, 16, 16],
			"faces": {
				"east": {"uv": [0, 0, 16, 16], "texture": "#side"},
				"west": {"uv": [0, 0, 16, 16], "texture": "#side"}
			}
		},
		{
			"from": [8, 16.05, 0],
			"to": [15, 16.05, 16],
			"shade": false,
			"rotation": {"angle": 22.5, "axis": "z", "origin": [8, 15.75, 0]},
			"faces": {
				"up": {"uv": [16, 16, 0, 9], "rotation": 270, "texture": "#flower", "cullface": "up"},
				"down": {"uv": [16, 9, 0, 16], "rotation": 90, "texture": "#flower"}
			}
		},
		{
			"from": [1, 16.05, 0],
			"to": [8, 16.05, 16],
			"shade": false,
			"rotation": {"angle": -22.5, "axis": "z", "origin": [8, 15.75, 0]},
			"faces": {
				"up": {"uv": [16, 16, 0, 9], "rotation": 90, "texture": "#flower", "cullface": "up"},
				"down": {"uv": [16, 9, 0, 16], "rotation": 270, "texture": "#flower"}
			}
		},
		{
			"from": [0, 16.05, 8],
			"to": [16, 16.05, 15],
			"shade": false,
			"rotation": {"angle": -22.5, "axis": "x", "origin": [0, 15.75, 8]},
			"faces": {
				"up": {"uv": [16, 16, 0, 9], "texture": "#flower", "cullface": "up"},
				"down": {"uv": [16, 9, 0, 16], "texture": "#flower"}
			}
		},
		{
			"from": [0, 16.05, 1],
			"to": [16, 16.05, 8],
			"shade": false,
			"rotation": {"angle": 22.5, "axis": "x", "origin": [0, 15.75, 8]},
			"faces": {
				"up": {"uv": [0, 9, 16, 16], "texture": "#flower", "cullface": "up"},
				"down": {"uv": [0, 16, 16, 9], "texture": "#flower"}
			}
		}
	]
}