{
	"credit": "Made with Blockbench",
	"texture_size": [64, 64],
	"textures": {
		"0": "block/iron_door_bottom",
		"particle": "block/iron_door_bottom"
	},
	"elements": [
		{
			"from": [0, 0, 0],
			"to": [2, 16, 16],
			"faces": {
				"north": {"uv": [0, 0, 1, 16], "texture": "#0"},
				"east": {"uv": [16, 0, 0, 16], "texture": "#0"},
				"south": {"uv": [15, 0, 16, 16], "texture": "#0"},
				"west": {"uv": [0, 0, 16, 16], "texture": "#0"},
				"down": {"uv": [0, 15, 16, 16], "rotation": 90, "texture": "#0"}
			}
		}
	],
	"groups": [
		{
			"name": "door",
			"origin": [8, 8, 8],
			"color": 0,
			"children": [0]
		},
		{
			"name": "window",
			"origin": [8, 8, 8],
			"color": 0,
			"children": []
		}
	]
}