{
	"credit": "Made with Blockbench",
	"texture_size": [64, 64],
	"textures": {
		"0": "block/jungle_trapdoor",
		"particle": "block/jungle_trapdoor"
	},
	"elements": [
		{
			"from": [0, 0, 14],
			"to": [3.5, 16, 16],
			"rotation": {"angle": 0, "axis": "x", "origin": [8, 0, 16]},
			"faces": {
				"north": {"uv": [0, 16, 3, 0], "rotation": 180, "texture": "#0"},
				"east": {"uv": [0.25, 7.75, 2.75, 3], "rotation": 270, "texture": "#0"},
				"south": {"uv": [0, 0, 3, 16], "texture": "#0"},
				"west": {"uv": [0, 0, 16, 2.75], "rotation": 90, "texture": "#0"},
				"up": {"uv": [13.25, 0, 16, 2.75], "rotation": 180, "texture": "#0"},
				"down": {"uv": [0, 0, 3, 2.75], "texture": "#0"}
			}
		},
		{
			"from": [12.5, 0, 14],
			"to": [16, 16, 16],
			"rotation": {"angle": 0, "axis": "x", "origin": [8, 0, 16]},
			"faces": {
				"north": {"uv": [13, 16, 16, 0], "rotation": 180, "texture": "#0"},
				"east": {"uv": [0, 0, 3, 16], "texture": "#0"},
				"south": {"uv": [13, 0, 16, 16], "texture": "#0"},
				"west": {"uv": [13.25, 7.75, 15.75, 3], "rotation": 90, "texture": "#0"},
				"up": {"uv": [0, 0, 2.75, 2.75], "rotation": 180, "texture": "#0"},
				"down": {"uv": [13.25, 0, 16, 2.75], "texture": "#0"}
			}
		},
		{
			"from": [3.5, 13, 14],
			"to": [12.5, 16, 16],
			"rotation": {"angle": 0, "axis": "x", "origin": [8, 0, 16]},
			"faces": {
				"north": {"uv": [3, 3, 13, 0], "rotation": 180, "texture": "#0"},
				"east": {"uv": [0, 0, 0.75, 0.5], "rotation": 270, "texture": "#missing"},
				"south": {"uv": [3, 16, 13, 13], "texture": "#0"},
				"west": {"uv": [0, 0, 0.75, 0.5], "rotation": 90, "texture": "#missing"},
				"up": {"uv": [3, 0, 13, 2.75], "rotation": 180, "texture": "#0"},
				"down": {"uv": [3, 0.5, 13, 2.75], "texture": "#0"}
			}
		},
		{
			"from": [3.5, 0, 14],
			"to": [12.5, 3, 16],
			"rotation": {"angle": 0, "axis": "x", "origin": [8, 0, 16]},
			"faces": {
				"north": {"uv": [3, 0, 13, 3], "rotation": 180, "texture": "#0"},
				"east": {"uv": [0, 0, 0.75, 0.5], "rotation": 270, "texture": "#missing"},
				"south": {"uv": [3, 3, 13, 0], "texture": "#0"},
				"west": {"uv": [0, 0, 0.75, 0.5], "rotation": 90, "texture": "#missing"},
				"up": {"uv": [3, 0.5, 13, 2.75], "rotation": 180, "texture": "#0"},
				"down": {"uv": [3, 0, 13, 2.75], "texture": "#0"}
			}
		},
		{
			"from": [3.5, 7, 14],
			"to": [12.5, 8, 16],
			"rotation": {"angle": 0, "axis": "x", "origin": [8, 0, 16]},
			"faces": {
				"north": {"uv": [3, 9.25, 13, 7.75], "rotation": 180, "texture": "#0"},
				"east": {"uv": [0, 0, 0.25, 0.25], "rotation": 270, "texture": "#missing"},
				"south": {"uv": [3, 7.75, 13, 9.25], "texture": "#0"},
				"west": {"uv": [0, 0, 0.25, 0.25], "rotation": 90, "texture": "#missing"},
				"up": {"uv": [3, 0.5, 13, 2.75], "rotation": 180, "texture": "#0"},
				"down": {"uv": [3, 0.5, 13, 2.75], "texture": "#0"}
			}
		},
		{
			"from": [3.5, 3, 14],
			"to": [3.75, 7, 16],
			"rotation": {"angle": 0, "axis": "x", "origin": [8, 0, 16]},
			"faces": {
				"north": {"uv": [3, 13, 3.25, 9.25], "rotation": 180, "texture": "#0"},
				"east": {"uv": [0.5, 13, 3, 9.25], "rotation": 270, "texture": "#0"},
				"south": {"uv": [3, 9.25, 3.25, 13], "texture": "#0"},
				"west": {"uv": [0, 0, 1, 0.25], "rotation": 90, "texture": "#missing"},
				"up": {"uv": [0, 0, 0.25, 0.25], "rotation": 180, "texture": "#missing"},
				"down": {"uv": [0, 0, 0.25, 0.25], "texture": "#missing"}
			}
		},
		{
			"from": [12.25, 3, 14],
			"to": [12.5, 7, 16],
			"rotation": {"angle": 0, "axis": "x", "origin": [8, 0, 16]},
			"faces": {
				"north": {"uv": [12.75, 13, 13, 9.25], "rotation": 180, "texture": "#0"},
				"east": {"uv": [0, 0, 1, 0.25], "rotation": 270, "texture": "#missing"},
				"south": {"uv": [12.75, 9.25, 13, 13], "texture": "#0"},
				"west": {"uv": [13, 13, 15.5, 9.25], "rotation": 90, "texture": "#0"},
				"up": {"uv": [0, 0, 0.25, 0.25], "rotation": 180, "texture": "#missing"},
				"down": {"uv": [0, 0, 0.25, 0.25], "texture": "#missing"}
			}
		},
		{
			"from": [6.375, 3, 14.25],
			"to": [6.875, 7, 15.75],
			"rotation": {"angle": 0, "axis": "x", "origin": [8, 0, 16]},
			"faces": {
				"north": {"uv": [6.25, 13, 6.75, 9.25], "rotation": 180, "texture": "#0"},
				"east": {"uv": [0.5, 3, 2.75, 7.75], "rotation": 270, "texture": "#0"},
				"south": {"uv": [6.25, 3, 6.75, 7.75], "texture": "#0"},
				"west": {"uv": [0.5, 3, 2.75, 7.75], "rotation": 90, "texture": "#0"},
				"up": {"uv": [0, 0, 0.125, 0.75], "rotation": 180, "texture": "#missing"},
				"down": {"uv": [0, 0, 0.125, 0.75], "texture": "#missing"}
			}
		},
		{
			"from": [6.375, 8, 14.25],
			"to": [6.875, 13, 15.75],
			"rotation": {"angle": 0, "axis": "x", "origin": [8, 0, 16]},
			"faces": {
				"north": {"uv": [6.25, 7.75, 6.75, 3], "rotation": 180, "texture": "#0"},
				"east": {"uv": [0.5, 3, 2.75, 7.75], "rotation": 270, "texture": "#0"},
				"south": {"uv": [6.25, 3, 6.75, 7.75], "texture": "#0"},
				"west": {"uv": [0.5, 3, 2.75, 7.75], "rotation": 90, "texture": "#0"},
				"up": {"uv": [0, 0, 0.125, 0.75], "rotation": 180, "texture": "#missing"},
				"down": {"uv": [0, 0, 0.125, 0.75], "texture": "#missing"}
			}
		},
		{
			"from": [9.125, 8, 14.25],
			"to": [9.625, 13, 15.75],
			"rotation": {"angle": 0, "axis": "x", "origin": [8, 0, 16]},
			"faces": {
				"north": {"uv": [9.25, 7.75, 9.75, 3], "rotation": 180, "texture": "#0"},
				"east": {"uv": [0.5, 3, 2.75, 7.75], "rotation": 270, "texture": "#0"},
				"south": {"uv": [9.25, 3, 9.75, 7.75], "texture": "#0"},
				"west": {"uv": [0.5, 3, 2.75, 7.75], "rotation": 90, "texture": "#0"},
				"up": {"uv": [0, 0, 0.125, 0.75], "rotation": 180, "texture": "#missing"},
				"down": {"uv": [0, 0, 0.125, 0.75], "texture": "#missing"}
			}
		},
		{
			"from": [9.125, 3, 14.25],
			"to": [9.625, 7, 15.75],
			"rotation": {"angle": 0, "axis": "x", "origin": [8, 0, 16]},
			"faces": {
				"north": {"uv": [9.25, 13, 9.75, 9.25], "rotation": 180, "texture": "#0"},
				"east": {"uv": [0.5, 3, 2.75, 7.75], "rotation": 270, "texture": "#0"},
				"south": {"uv": [9.25, 3, 9.75, 7.75], "texture": "#0"},
				"west": {"uv": [0.5, 3, 2.75, 7.75], "rotation": 90, "texture": "#0"},
				"up": {"uv": [0, 0, 0.125, 0.75], "rotation": 180, "texture": "#missing"},
				"down": {"uv": [0, 0, 0.125, 0.75], "texture": "#missing"}
			}
		},
		{
			"from": [3.5, 8, 14.75],
			"to": [12.5, 13, 15.25],
			"rotation": {"angle": 0, "axis": "x", "origin": [8, 0, 16]},
			"faces": {
				"north": {"uv": [3, 7.75, 13, 3], "rotation": 180, "texture": "#0"},
				"south": {"uv": [3, 3, 13, 7.75], "texture": "#0"}
			}
		},
		{
			"from": [3.75, 3, 14.75],
			"to": [12.25, 7, 15.25],
			"rotation": {"angle": 0, "axis": "x", "origin": [8, 0, 16]},
			"faces": {
				"north": {"uv": [3.25, 13, 12.75, 9.25], "rotation": 180, "texture": "#0"},
				"south": {"uv": [3.25, 9.25, 12.75, 13], "texture": "#0"}
			}
		}
	],
	"display": {
		"thirdperson_righthand": {
			"rotation": [69, 45, 1],
			"translation": [0, 3.25, 2.25],
			"scale": [0.5, 0.5, 0.5]
		},
		"thirdperson_lefthand": {
			"rotation": [69, 45, 1],
			"translation": [0, 3.25, 2.25],
			"scale": [0.5, 0.5, 0.5]
		},
		"firstperson_righthand": {
			"rotation": [53.75, 0, 0]
		},
		"firstperson_lefthand": {
			"rotation": [53.75, 0, 0]
		},
		"ground": {
			"translation": [0, 2, 0],
			"scale": [0.25, 0.25, 0.25]
		},
		"gui": {
			"rotation": [30, 225, 0],
			"scale": [0.625, 0.625, 0.625]
		},
		"head": {
			"translation": [0, 15, 0]
		},
		"fixed": {
			"rotation": [-90, 0, 0],
			"translation": [0, 0, -7],
			"scale": [0.9, 0.9, 0.9]
		}
	},
	"groups": [
		{
			"name": "trapdoor",
			"origin": [8, 8, 8],
			"color": 1,
			"children": [0, 1, 2, 3, 4, 5, 6, 7, 8, 9, 10]
		},
		{
			"name": "window",
			"origin": [8, 8, 8],
			"color": 0,
			"children": [11, 12]
		}
	]
}