{
	"credit": "Made with Blockbench",
	"texture_size": [64, 64],
	"textures": {
		"0": "block/jungle_door_top",
		"particle": "block/jungle_door_top"
	},
	"elements": [
		{
			"from": [0, 0, 0],
			"to": [2, 7, 16],
			"faces": {
				"north": {"uv": [0, 9.25, 1, 16], "texture": "#0"},
				"east": {"uv": [16, 9.25, 0, 16], "texture": "#0"},
				"south": {"uv": [15, 9.25, 16, 16], "texture": "#0"},
				"west": {"uv": [0, 9.25, 16, 16], "texture": "#0"},
				"up": {"uv": [0, 12.25, 16, 13.25], "rotation": 90, "texture": "#0"}
			}
		},
		{
			"from": [0, 13, 0],
			"to": [2, 16, 16],
			"faces": {
				"north": {"uv": [0, 0, 1, 3], "texture": "#0"},
				"east": {"uv": [16, 0, 0, 3], "texture": "#0"},
				"south": {"uv": [15, 0, 16, 3], "texture": "#0"},
				"west": {"uv": [0, 0, 16, 3], "texture": "#0"},
				"up": {"uv": [0, 0, 16, 2.75], "rotation": 90, "texture": "#0"},
				"down": {"uv": [0, 0, 16, 2.75], "rotation": 270, "texture": "#0"}
			}
		},
		{
			"from": [0, 7, 0],
			"to": [2, 13, 4],
			"faces": {
				"north": {"uv": [0, 3, 1, 9], "texture": "#0"},
				"east": {"uv": [4, 3, 0, 9], "texture": "#0"},
				"south": {"uv": [1, 3, 2, 9], "texture": "#0"},
				"west": {"uv": [0, 3, 4, 9], "texture": "#0"},
				"up": {"uv": [0, 0, 0.5, 1], "texture": "#missing"}
			}
		},
		{
			"from": [0, 7, 12],
			"to": [2, 13, 16],
			"faces": {
				"north": {"uv": [13, 3, 14, 9], "texture": "#0"},
				"east": {"uv": [16, 3, 12, 9], "texture": "#0"},
				"south": {"uv": [15, 3, 16, 9], "texture": "#0"},
				"west": {"uv": [12, 3, 16, 9], "texture": "#0"},
				"up": {"uv": [0, 0, 0.5, 1], "texture": "#missing"}
			}
		},
		{
			"from": [0.5, 7, 4],
			"to": [1.5, 13, 12],
			"faces": {
				"east": {"uv": [12, 3, 4, 9], "texture": "#0"},
				"west": {"uv": [4, 3, 12, 9], "texture": "#0"}
			}
		}
	],
	"groups": [
		{
			"name": "door",
			"origin": [8, 8, 8],
			"color": 7,
			"children": [0, 1, 2, 3]
		},
		{
			"name": "window",
			"origin": [8, 8, 8],
			"color": 0,
			"children": [4]
		}
	]
}