{
	"__comment": "Designed by TheBloodyScreen with Cubik Studio - https://cubik.studio",
	"textures": {
		"particle": "block/stone",
		"texture": "block/acacia_planks",
		"texture1": "block/hopper_top"
	},
	"elements": [ 	 
		{
			"__comment": "Box1",
			"from": [ 5, 2, 6 ],
			"to": [ 11, 2.001, 10 ],
			"faces": {
				"up": { "uv": [ 5, 6, 11, 10 ], "texture": "#texture" }
			}
		},
		{
			"__comment": "Box2",
			"from": [ 4, 0, 5 ],
			"to": [ 12, 0.25, 6 ],
			"faces": {
				"up": { "uv": [ 0, 15, 8, 16 ], "texture": "#texture1" },
				"north": { "uv": [ 0, 15, 8, 16 ], "texture": "#texture1" },
				"south": { "uv": [ 0, 15, 8, 16 ], "texture": "#texture1" },
				"west": { "uv": [ 0, 15, 8, 16 ], "texture": "#texture1" },
				"east": { "uv": [ 0, 15, 8, 16 ], "texture": "#texture1" }
			}
		},
		{
			"__comment": "Box2",
			"from": [ 4, 0, 10 ],
			"to": [ 12, 0.25, 11 ],
			"faces": {
				"up": { "uv": [ 0, 15, 8, 16 ], "texture": "#texture1", "rotation": 180 },
				"north": { "uv": [ 0, 15, 8, 16 ], "texture": "#texture1", "rotation": 180 },
				"south": { "uv": [ 0, 15, 8, 16 ], "texture": "#texture1", "rotation": 180 },
				"west": { "uv": [ 0, 15, 8, 16 ], "texture": "#texture1", "rotation": 180 },
				"east": { "uv": [ 0, 15, 8, 16 ], "texture": "#texture1", "rotation": 180 }
			}
		},
		{
			"__comment": "Box4",
			"from": [ 4, 0, 6 ],
			"to": [ 5, 0.25, 10 ],
			"faces": {
				"up": { "uv": [ 0, 7, 1, 11 ], "texture": "#texture1" },
				"north": { "uv": [ 0, 7, 1, 11 ], "texture": "#texture1" },
				"south": { "uv": [ 0, 7, 1, 11 ], "texture": "#texture1" },
				"west": { "uv": [ 0, 7, 1, 11 ], "texture": "#texture1" },
				"east": { "uv": [ 0, 7, 1, 11 ], "texture": "#texture1" }
			}
		},
		{
			"__comment": "Box4",
			"from": [ 11, 0, 6 ],
			"to": [ 12, 0.25, 10 ],
			"faces": {
				"up": { "uv": [ 1, 7, 0, 11 ], "texture": "#texture1" },
				"north": { "uv": [ 1, 7, 0, 11 ], "texture": "#texture1" },
				"south": { "uv": [ 1, 7, 0, 11 ], "texture": "#texture1" },
				"west": { "uv": [ 1, 7, 0, 11 ], "texture": "#texture1" },
				"east": { "uv": [ 1, 7, 0, 11 ], "texture": "#texture1" }
			}
		},
		{
			"__comment": "Box6",
			"from": [ 5, 0, 6 ],
			"to": [ 11, 2, 10 ],
			"faces": {
				"north": { "uv": [ 6, 14, 10, 15 ], "texture": "#texture1" },
				"south": { "uv": [ 6, 14, 10, 15 ], "texture": "#texture1" },
				"west": { "uv": [ 6, 14, 10, 15 ], "texture": "#texture1" },
				"east": { "uv": [ 6, 14, 10, 15 ], "texture": "#texture1" }
			}
		}
	]
}