{
	"credit": "Made with Blockbench",
	"textures": {
		"1": "block/moss_block",
		"2": "block/moss_carpet_side",
		"particle": "block/moss_block"
	},
	"elements": [
		{
			"name": "outside",
			"from": [-0.01, -4.5, -0.01],
			"to": [16.01, 1, 16.01],
			"faces": {
				"north": {"uv": [0, 0, 16, 5.5], "texture": "#2", "cullface": "north"},
				"east": {"uv": [0, 0, 16, 5.5], "texture": "#2", "cullface": "east"},
				"south": {"uv": [0, 0, 16, 5.5], "texture": "#2", "cullface": "south"},
				"west": {"uv": [0, 0, 16, 5.5], "texture": "#2", "cullface": "west"},
				"up": {"uv": [0, 0, 16, 16], "texture": "#1"}
			}
		},
		{
			"name": "inside",
			"from": [-0.01, 0, -0.01],
			"to": [16.01, -4.5, 16.01],
			"faces": {
				"north": {"uv": [0, 5.5, 16, 1], "texture": "#2", "cullface": "north"},
				"east": {"uv": [0, 5.5, 16, 1], "texture": "#2", "cullface": "east"},
				"south": {"uv": [0, 5.5, 16, 1], "texture": "#2", "cullface": "south"},
				"west": {"uv": [0, 5.5, 16, 1], "texture": "#2", "cullface": "west"},
				"down": {"uv": [0, 16, 16, 0], "texture": "#1"}
			}
		}
	],
	"display": {
		"thirdperson_righthand": {
			"rotation": [75, 45, 0],
			"translation": [0, 2.5, 2],
			"scale": [0.375, 0.375, 0.375]
		},
		"thirdperson_lefthand": {
			"rotation": [75, 45, 0],
			"translation": [0, 2.5, 0],
			"scale": [0.375, 0.375, 0.375]
		},
		"firstperson_righthand": {
			"rotation": [0, 45, 0],
			"translation": [0, 4.7, 0],
			"scale": [0.4, 0.4, 0.4]
		},
		"firstperson_lefthand": {
			"rotation": [0, 225, 0],
			"translation": [0, 4.7, 0],
			"scale": [0.4, 0.4, 0.4]
		},
		"ground": {
			"translation": [0, 3, 0],
			"scale": [0.25, 0.25, 0.25]
		},
		"gui": {
			"rotation": [30, 225, 0],
			"translation": [0, 2.75, 0],
			"scale": [0.625, 0.625, 0.625]
		},
		"fixed": {
			"scale": [0.5, 0.5, 0.5]
		}
	}
}