{
  "variants": {
    "": [
      {
        "model": "minecraft:block/dirt_path"
      },
      {
        "model": "minecraft:block/dirt_path",
        "y": 90
      },
      {
        "model": "minecraft:block/dirt_path",
        "y": 180
      },
      {
        "model": "minecraft:block/dirt_path",
        "y": 270
      },
	  {
        "model": "minecraft:block/dirt_path1"
      },
      {
        "model": "minecraft:block/dirt_path1",
        "y": 90
      },
      {
        "model": "minecraft:block/dirt_path1",
        "y": 180
      },
      {
        "model": "minecraft:block/dirt_path1",
        "y": 270
      },
	  {
        "model": "minecraft:block/dirt_path2"
      },
      {
        "model": "minecraft:block/dirt_path2",
        "y": 90
      },
      {
        "model": "minecraft:block/dirt_path2",
        "y": 180
      },
      {
        "model": "minecraft:block/dirt_path2",
        "y": 270
      },
	  {
        "model": "minecraft:block/dirt_path3"
      },
      {
        "model": "minecraft:block/dirt_path3",
        "y": 90
      },
      {
        "model": "minecraft:block/dirt_path3",
        "y": 180
      },
      {
        "model": "minecraft:block/dirt_path3",
        "y": 270
      },
	  {
        "model": "minecraft:block/dirt_path4"
      },
      {
        "model": "minecraft:block/dirt_path4",
        "y": 90
      },
      {
        "model": "minecraft:block/dirt_path4",
        "y": 180
      },
      {
        "model": "minecraft:block/dirt_path4",
        "y": 270
      }
    ]
  }
}