{
  "variants": {
    "snowy=false": [
      {
        "model": "minecraft:block/mycelium"
      },
	  {
        "model": "minecraft:block/mycelium1"
      },
	  {
        "model": "minecraft:block/mycelium2"
      },
	  {
        "model": "minecraft:block/mycelium3"
      },
	  {
        "model": "minecraft:block/mycelium4"
      },
	  {
        "model": "minecraft:block/mycelium5"
      },
	  {
        "model": "minecraft:block/mycelium6"
      },
      {
        "model": "minecraft:block/mycelium",
        "y": 90
      },
	  {
        "model": "minecraft:block/mycelium1",
        "y": 90
      },
	  {
        "model": "minecraft:block/mycelium2",
        "y": 90
      },
	  {
        "model": "minecraft:block/mycelium3",
        "y": 90
      },
	  {
        "model": "minecraft:block/mycelium4",
        "y": 90
      },
	  {
        "model": "minecraft:block/mycelium5",
        "y": 90
      },
	  {
        "model": "minecraft:block/mycelium6",
        "y": 90
      },
      {
        "model": "minecraft:block/mycelium",
        "y": 180
      },
	  {
        "model": "minecraft:block/mycelium1",
        "y": 180
      },
	  {
        "model": "minecraft:block/mycelium2",
        "y": 180
      },
	  {
        "model": "minecraft:block/mycelium3",
        "y": 180
      },
	  {
        "model": "minecraft:block/mycelium4",
        "y": 180
      },
	  {
        "model": "minecraft:block/mycelium5",
        "y": 180
      },
	  {
        "model": "minecraft:block/mycelium6",
        "y": 180
      },
      {
        "model": "minecraft:block/mycelium",
        "y": 270
      },
	  {
        "model": "minecraft:block/mycelium1",
        "y": 270
      },
	  {
        "model": "minecraft:block/mycelium2",
        "y": 270
      },
	  {
        "model": "minecraft:block/mycelium3",
        "y": 270
      },
	  {
        "model": "minecraft:block/mycelium4",
        "y": 270
      },
	  {
        "model": "minecraft:block/mycelium5",
        "y": 270
      },
	  {
        "model": "minecraft:block/mycelium6",
        "y": 270
      }
    ],
    "snowy=true": [{
      "model": "minecraft:block/grass_block_snow"
    },
	{
      "model": "minecraft:block/grass_block_snow1"
    },
	{
      "model": "minecraft:block/grass_block_snow2"
    },
	{
      "model": "minecraft:block/grass_block_snow3"
    },
	{
      "model": "minecraft:block/grass_block_snow4"
    },
	{
      "model": "minecraft:block/grass_block_snow5"
    }]
  }
}