{
    "variants": {
        "face=ceiling,facing=north,powered=false": { "model": "block/stone_button_off", "x": 180, "y": 180  },
        "face=ceiling,facing=east,powered=false":  { "model": "block/stone_button_off", "x": 180, "y": 270 },
        "face=ceiling,facing=south,powered=false": { "model": "block/stone_button_off", "x": 180},
        "face=ceiling,facing=west,powered=false":  { "model": "block/stone_button_off", "x": 180, "y": 90 },
        "face=floor,facing=north,powered=false": { "model": "block/stone_button_off" },
        "face=floor,facing=east,powered=false":  { "model": "block/stone_button_off", "y": 90 },
        "face=floor,facing=south,powered=false": { "model": "block/stone_button_off", "y": 180 },
        "face=floor,facing=west,powered=false":  { "model": "block/stone_button_off", "y": 270 },
        "face=wall,facing=north,powered=false": { "model": "block/stone_button_off", "x": 90 },
        "face=wall,facing=east,powered=false":  { "model": "block/stone_button_off", "x": 90, "y": 90 },
        "face=wall,facing=south,powered=false": { "model": "block/stone_button_off", "x": 90, "y": 180 },
        "face=wall,facing=west,powered=false":  { "model": "block/stone_button_off", "x": 90, "y": 270 },
        "face=ceiling,facing=north,powered=true": { "model": "block/stone_button_on", "x": 180, "y": 180  },
        "face=ceiling,facing=east,powered=true":  { "model": "block/stone_button_on", "x": 180, "y": 270 },
        "face=ceiling,facing=south,powered=true": { "model": "block/stone_button_on", "x": 180},
        "face=ceiling,facing=west,powered=true":  { "model": "block/stone_button_on", "x": 180, "y": 90 },
        "face=floor,facing=north,powered=true": { "model": "block/stone_button_on" },
        "face=floor,facing=east,powered=true":  { "model": "block/stone_button_on", "y": 90 },
        "face=floor,facing=south,powered=true": { "model": "block/stone_button_on", "y": 180 },
        "face=floor,facing=west,powered=true":  { "model": "block/stone_button_on", "y": 270 },
        "face=wall,facing=north,powered=true": { "model": "block/stone_button_on", "x": 90 },
        "face=wall,facing=east,powered=true":  { "model": "block/stone_button_on", "x": 90, "y": 90 },
        "face=wall,facing=south,powered=true": { "model": "block/stone_button_on", "x": 90, "y": 180 },
        "face=wall,facing=west,powered=true":  { "model": "block/stone_button_on", "x": 90, "y": 270 }
    }
}
