{
	"credit": "Made with Blockbench",
	"parent": "block/block",
	"textures": {
		"2": "block/farmland_side",
		"3": "block/farmland2",
		"particle": "block/dirt",
		"dirt": "block/dirt"
	},
	"elements": [
		{
			"from": [0, 0, 0],
			"to": [16, 15, 16],
			"faces": {
				"north": {"uv": [0, 1, 16, 16], "texture": "#2", "cullface": "north"},
				"east": {"uv": [0, 1, 16, 16], "texture": "#2", "cullface": "east"},
				"south": {"uv": [0, 1, 16, 16], "texture": "#2", "cullface": "south"},
				"west": {"uv": [0, 1, 16, 16], "texture": "#2", "cullface": "west"},
				"up": {"uv": [0, 0, 16, 16], "texture": "#3"},
				"down": {"uv": [0, 0, 16, 16], "texture": "#dirt", "cullface": "down"}
			}
		}
	]
}