{
	"credit": "Made with Blockbench",
	"ambientocclusion": false,
	"textures": {
		"2": "block/allium",
		"particle": "block/flower_pot",
		"flowerpot": "block/flower_pot",
		"dirt": "block/flower_pot_regular"
	},
	"elements": [
		{
			"from": [5, 0, 5],
			"to": [6, 5, 11],
			"faces": {
				"north": {"uv": [10, 11, 11, 16], "texture": "#flowerpot"},
				"east": {"uv": [5, 11, 11, 16], "texture": "#flowerpot"},
				"south": {"uv": [5, 11, 6, 16], "texture": "#flowerpot"},
				"west": {"uv": [5, 11, 11, 16], "texture": "#flowerpot"},
				"up": {"uv": [5, 5, 6, 11], "texture": "#flowerpot"},
				"down": {"uv": [5, 5, 6, 11], "texture": "#flowerpot", "cullface": "down"}
			}
		},
		{
			"from": [10, 0, 5],
			"to": [11, 5, 11],
			"faces": {
				"north": {"uv": [5, 11, 6, 16], "texture": "#flowerpot"},
				"east": {"uv": [5, 11, 11, 16], "texture": "#flowerpot"},
				"south": {"uv": [10, 11, 11, 16], "texture": "#flowerpot"},
				"west": {"uv": [5, 11, 11, 16], "texture": "#flowerpot"},
				"up": {"uv": [10, 5, 11, 11], "texture": "#flowerpot"},
				"down": {"uv": [10, 5, 11, 11], "texture": "#flowerpot", "cullface": "down"}
			}
		},
		{
			"from": [6, 0, 5],
			"to": [10, 5, 6],
			"faces": {
				"north": {"uv": [6, 11, 10, 16], "texture": "#flowerpot"},
				"south": {"uv": [6, 11, 10, 16], "texture": "#flowerpot"},
				"up": {"uv": [6, 5, 10, 6], "texture": "#flowerpot"},
				"down": {"uv": [6, 12, 10, 13], "texture": "#flowerpot", "cullface": "down"}
			}
		},
		{
			"from": [6, 0, 10],
			"to": [10, 5, 11],
			"faces": {
				"north": {"uv": [6, 12, 10, 16], "texture": "#flowerpot"},
				"south": {"uv": [6, 11, 10, 16], "texture": "#flowerpot"},
				"up": {"uv": [6, 12, 10, 13], "texture": "#flowerpot"},
				"down": {"uv": [6, 5, 10, 6], "texture": "#flowerpot", "cullface": "down"}
			}
		},
		{
			"from": [6, 0, 6],
			"to": [10, 4, 10],
			"faces": {
				"up": {"uv": [6, 6, 10, 10], "texture": "#dirt"},
				"down": {"uv": [6, 12, 10, 16], "texture": "#flowerpot", "cullface": "down"}
			}
		},
		{
			"from": [4, 4, 11],
			"to": [12, 6, 12],
			"faces": {
				"north": {"uv": [0, 3, 8, 5], "texture": "#flowerpot"},
				"east": {"uv": [0, 3, 1, 5], "texture": "#flowerpot"},
				"south": {"uv": [0, 3, 8, 5], "texture": "#flowerpot"},
				"west": {"uv": [7, 3, 8, 5], "texture": "#flowerpot"},
				"up": {"uv": [0, 0, 8, 1], "texture": "#flowerpot"},
				"down": {"uv": [0, 0, 8, 1], "texture": "#flowerpot"}
			}
		},
		{
			"from": [4, 4, 5],
			"to": [5, 6, 11],
			"faces": {
				"north": {"uv": [0, 0, 1, 2], "texture": "#missing"},
				"east": {"uv": [5, 10, 11, 12], "texture": "#flowerpot"},
				"south": {"uv": [0, 0, 1, 2], "texture": "#missing"},
				"west": {"uv": [5, 10, 11, 12], "texture": "#flowerpot"},
				"up": {"uv": [0, 0, 6, 1], "rotation": 90, "texture": "#flowerpot"},
				"down": {"uv": [0, 0, 6, 1], "rotation": 270, "texture": "#flowerpot"}
			}
		},
		{
			"from": [11, 4, 5],
			"to": [12, 6, 11],
			"faces": {
				"north": {"uv": [0, 0, 1, 2], "texture": "#missing"},
				"east": {"uv": [1, 3, 7, 5], "texture": "#flowerpot"},
				"south": {"uv": [0, 0, 1, 2], "texture": "#missing"},
				"west": {"uv": [1, 3, 7, 5], "texture": "#flowerpot"},
				"up": {"uv": [0, 0, 6, 1], "rotation": 90, "texture": "#flowerpot"},
				"down": {"uv": [0, 0, 6, 1], "rotation": 270, "texture": "#flowerpot"}
			}
		},
		{
			"from": [4, 4, 4],
			"to": [12, 6, 5],
			"faces": {
				"north": {"uv": [0, 3, 8, 5], "texture": "#flowerpot"},
				"east": {"uv": [7, 3, 8, 5], "texture": "#flowerpot"},
				"south": {"uv": [0, 3, 8, 5], "texture": "#flowerpot"},
				"west": {"uv": [0, 3, 1, 5], "texture": "#flowerpot"},
				"up": {"uv": [0, 0, 8, 1], "rotation": 180, "texture": "#flowerpot"},
				"down": {"uv": [0, 0, 8, 1], "texture": "#flowerpot"}
			}
		},
		{
			"from": [7.5, 4, 8],
			"to": [8.5, 12, 8],
			"faces": {
				"north": {"uv": [7, 8, 8, 16], "texture": "#2"},
				"east": {"uv": [0, 0, 2, 8], "texture": "#2"},
				"south": {"uv": [7, 8, 8, 16], "texture": "#2"},
				"west": {"uv": [0, 0, 2, 8], "texture": "#2"},
				"up": {"uv": [0, 0, 2, 2], "texture": "#2"},
				"down": {"uv": [0, 0, 2, 2], "texture": "#2"}
			}
		},
		{
			"from": [8, 4, 7.5],
			"to": [8, 12, 8.5],
			"faces": {
				"north": {"uv": [0, 0, 2, 8], "texture": "#2"},
				"east": {"uv": [7, 8, 8, 16], "texture": "#2"},
				"south": {"uv": [0, 0, 2, 8], "texture": "#2"},
				"west": {"uv": [7, 8, 8, 16], "texture": "#2"},
				"up": {"uv": [0, 0, 2, 2], "rotation": 270, "texture": "#2"},
				"down": {"uv": [0, 0, 2, 2], "rotation": 90, "texture": "#2"}
			}
		},
		{
			"from": [5.5, 11, 5.5],
			"to": [10.5, 16, 10.5],
			"faces": {
				"north": {"uv": [5, 2.25, 10, 7.25], "texture": "#2"},
				"east": {"uv": [5, 2.25, 10, 7.25], "texture": "#2"},
				"south": {"uv": [5, 2.25, 10, 7.25], "texture": "#2"},
				"west": {"uv": [5, 2.25, 10, 7.25], "texture": "#2"},
				"up": {"uv": [5, 2.25, 10, 7.25], "texture": "#2"},
				"down": {"uv": [5, 2.25, 10, 7.25], "texture": "#2"}
			}
		},
		{
			"from": [10.5, 11, 5.5],
			"to": [11.5, 16, 5.5],
			"faces": {
				"north": {"uv": [0, 0, 1, 5], "texture": "#2"},
				"east": {"uv": [0, 0, 0, 5], "texture": "#2"},
				"south": {"uv": [0, 5, 1, 10], "texture": "#2"},
				"west": {"uv": [0, 0, 0, 5], "texture": "#2"},
				"up": {"uv": [0, 0, 1, 0], "texture": "#2"},
				"down": {"uv": [0, 0, 1, 0], "texture": "#2"}
			}
		},
		{
			"from": [10.5, 11, 10.5],
			"to": [11.5, 16, 10.5],
			"faces": {
				"north": {"uv": [0, 0, 1, 5], "texture": "#2"},
				"east": {"uv": [0, 0, 0, 5], "texture": "#2"},
				"south": {"uv": [0, 5, 1, 10], "texture": "#2"},
				"west": {"uv": [0, 0, 0, 5], "texture": "#2"},
				"up": {"uv": [0, 0, 1, 0], "texture": "#2"},
				"down": {"uv": [0, 0, 1, 0], "texture": "#2"}
			}
		},
		{
			"from": [10.5, 11, 10.5],
			"to": [10.5, 16, 11.5],
			"faces": {
				"north": {"uv": [0, 0, 0, 5], "texture": "#2"},
				"east": {"uv": [1, 5, 0, 10], "texture": "#2"},
				"south": {"uv": [0, 0, 0, 5], "texture": "#2"},
				"west": {"uv": [0, 5, 1, 10], "texture": "#2"},
				"up": {"uv": [0, 0, 1, 0], "rotation": 90, "texture": "#2"},
				"down": {"uv": [0, 0, 1, 0], "rotation": 270, "texture": "#2"}
			}
		},
		{
			"from": [5.5, 11, 10.5],
			"to": [5.5, 16, 11.5],
			"faces": {
				"north": {"uv": [0, 0, 0, 5], "texture": "#2"},
				"east": {"uv": [0, 0, 1, 5], "texture": "#2"},
				"south": {"uv": [0, 0, 0, 5], "texture": "#2"},
				"west": {"uv": [0, 5, 1, 10], "texture": "#2"},
				"up": {"uv": [0, 0, 1, 0], "rotation": 90, "texture": "#2"},
				"down": {"uv": [0, 0, 1, 0], "rotation": 270, "texture": "#2"}
			}
		},
		{
			"from": [10.5, 16, 5.5],
			"to": [11.5, 16, 10.5],
			"faces": {
				"north": {"uv": [0, 0, 1, 0], "rotation": 180, "texture": "#2"},
				"east": {"uv": [0, 0, 0, 5], "rotation": 90, "texture": "#2"},
				"south": {"uv": [0, 0, 1, 0], "texture": "#2"},
				"west": {"uv": [0, 0, 0, 5], "rotation": 270, "texture": "#2"},
				"up": {"uv": [0, 5, 1, 10], "texture": "#2"},
				"down": {"uv": [0, 0, 1, 5], "rotation": 180, "texture": "#2"}
			}
		},
		{
			"from": [5.5, 16, 10.5],
			"to": [10.5, 16, 11.5],
			"faces": {
				"north": {"uv": [0, 0, 0, 5], "rotation": 270, "texture": "#2"},
				"east": {"uv": [0, 0, 1, 0], "rotation": 180, "texture": "#2"},
				"south": {"uv": [0, 0, 0, 5], "rotation": 90, "texture": "#2"},
				"west": {"uv": [0, 0, 1, 0], "texture": "#2"},
				"up": {"uv": [0, 5, 1, 10], "rotation": 90, "texture": "#2"},
				"down": {"uv": [0, 0, 1, 5], "rotation": 90, "texture": "#2"}
			}
		},
		{
			"from": [5.5, 16, 10.5],
			"to": [10.5, 17, 10.5],
			"faces": {
				"north": {"uv": [0, 5, 1, 10], "rotation": 270, "texture": "#2"},
				"east": {"uv": [0, 0, 1, 0], "rotation": 270, "texture": "#2"},
				"south": {"uv": [0, 5, 1, 0], "rotation": 90, "texture": "#2"},
				"west": {"uv": [0, 0, 1, 0], "rotation": 270, "texture": "#2"},
				"up": {"uv": [0, 0, 0, 5], "rotation": 90, "texture": "#2"},
				"down": {"uv": [0, 0, 0, 5], "rotation": 90, "texture": "#2"}
			}
		},
		{
			"from": [5.5, 16, 5.5],
			"to": [10.5, 17, 5.5],
			"faces": {
				"north": {"uv": [1, 0, 0, 5], "rotation": 270, "texture": "#2"},
				"east": {"uv": [0, 0, 1, 0], "rotation": 270, "texture": "#2"},
				"south": {"uv": [0, 5, 1, 0], "rotation": 90, "texture": "#2"},
				"west": {"uv": [0, 0, 1, 0], "rotation": 270, "texture": "#2"},
				"up": {"uv": [0, 0, 0, 5], "rotation": 90, "texture": "#2"},
				"down": {"uv": [0, 0, 0, 5], "rotation": 90, "texture": "#2"}
			}
		},
		{
			"from": [5.5, 16, 5.5],
			"to": [5.5, 17, 10.5],
			"faces": {
				"north": {"uv": [0, 0, 1, 0], "rotation": 270, "texture": "#2"},
				"east": {"uv": [1, 5, 0, 0], "rotation": 270, "texture": "#2"},
				"south": {"uv": [0, 0, 1, 0], "rotation": 270, "texture": "#2"},
				"west": {"uv": [0, 5, 1, 0], "rotation": 90, "texture": "#2"},
				"up": {"uv": [0, 0, 0, 5], "rotation": 180, "texture": "#2"},
				"down": {"uv": [0, 0, 0, 5], "texture": "#2"}
			}
		},
		{
			"from": [10.5, 16, 5.5],
			"to": [10.5, 17, 10.5],
			"faces": {
				"north": {"uv": [0, 0, 1, 0], "rotation": 270, "texture": "#2"},
				"east": {"uv": [1, 0, 0, 5], "rotation": 270, "texture": "#2"},
				"south": {"uv": [0, 0, 1, 0], "rotation": 270, "texture": "#2"},
				"west": {"uv": [1, 10, 0, 5], "rotation": 90, "texture": "#2"},
				"up": {"uv": [0, 0, 0, 5], "rotation": 180, "texture": "#2"},
				"down": {"uv": [0, 0, 0, 5], "texture": "#2"}
			}
		},
		{
			"from": [5.5, 10, 5.5],
			"to": [5.5, 11, 10.5],
			"faces": {
				"north": {"uv": [0, 0, 1, 0], "rotation": 270, "texture": "#2"},
				"east": {"uv": [0, 0, 1, 5], "rotation": 270, "texture": "#2"},
				"south": {"uv": [0, 0, 1, 0], "rotation": 270, "texture": "#2"},
				"west": {"uv": [1, 5, 0, 0], "rotation": 90, "texture": "#2"},
				"up": {"uv": [0, 0, 0, 5], "rotation": 180, "texture": "#2"},
				"down": {"uv": [0, 0, 0, 5], "texture": "#2"}
			}
		},
		{
			"from": [5.5, 10, 10.5],
			"to": [10.5, 11, 10.5],
			"faces": {
				"north": {"uv": [0, 5, 1, 0], "rotation": 270, "texture": "#2"},
				"east": {"uv": [0, 0, 1, 0], "rotation": 270, "texture": "#2"},
				"south": {"uv": [1, 5, 0, 0], "rotation": 90, "texture": "#2"},
				"west": {"uv": [0, 0, 1, 0], "rotation": 270, "texture": "#2"},
				"up": {"uv": [0, 0, 0, 5], "rotation": 90, "texture": "#2"},
				"down": {"uv": [0, 0, 0, 5], "rotation": 90, "texture": "#2"}
			}
		},
		{
			"from": [5.5, 10, 5.5],
			"to": [10.5, 11, 5.5],
			"faces": {
				"north": {"uv": [0, 0, 1, 5], "rotation": 270, "texture": "#2"},
				"east": {"uv": [0, 0, 1, 0], "rotation": 270, "texture": "#2"},
				"south": {"uv": [0, 10, 1, 5], "rotation": 90, "texture": "#2"},
				"west": {"uv": [0, 0, 1, 0], "rotation": 270, "texture": "#2"},
				"up": {"uv": [0, 0, 0, 5], "rotation": 90, "texture": "#2"},
				"down": {"uv": [0, 0, 0, 5], "rotation": 90, "texture": "#2"}
			}
		},
		{
			"from": [10.5, 10, 5.5],
			"to": [10.5, 11, 10.5],
			"faces": {
				"north": {"uv": [0, 0, 1, 0], "rotation": 270, "texture": "#2"},
				"east": {"uv": [0, 0, 1, 5], "rotation": 270, "texture": "#2"},
				"south": {"uv": [0, 0, 1, 0], "rotation": 270, "texture": "#2"},
				"west": {"uv": [0, 10, 1, 5], "rotation": 90, "texture": "#2"},
				"up": {"uv": [0, 0, 0, 5], "rotation": 180, "texture": "#2"},
				"down": {"uv": [0, 0, 0, 5], "texture": "#2"}
			}
		},
		{
			"from": [5.5, 16, 4.5],
			"to": [10.5, 16, 5.5],
			"faces": {
				"north": {"uv": [0, 0, 0, 5], "rotation": 270, "texture": "#2"},
				"east": {"uv": [0, 0, 1, 0], "rotation": 180, "texture": "#2"},
				"south": {"uv": [0, 0, 0, 5], "rotation": 90, "texture": "#2"},
				"west": {"uv": [0, 0, 1, 0], "texture": "#2"},
				"up": {"uv": [1, 5, 0, 10], "rotation": 90, "texture": "#2"},
				"down": {"uv": [1, 0, 0, 5], "rotation": 90, "texture": "#2"}
			}
		},
		{
			"from": [5.5, 11, 4.5],
			"to": [10.5, 11, 5.5],
			"faces": {
				"north": {"uv": [0, 0, 0, 5], "rotation": 270, "texture": "#2"},
				"east": {"uv": [0, 0, 1, 0], "rotation": 180, "texture": "#2"},
				"south": {"uv": [0, 0, 0, 5], "rotation": 90, "texture": "#2"},
				"west": {"uv": [0, 0, 1, 0], "texture": "#2"},
				"up": {"uv": [1, 5, 0, 10], "rotation": 90, "texture": "#2"},
				"down": {"uv": [1, 0, 0, 5], "rotation": 90, "texture": "#2"}
			}
		},
		{
			"from": [5.5, 11, 10.5],
			"to": [10.5, 11, 11.5],
			"faces": {
				"north": {"uv": [0, 0, 0, 5], "rotation": 270, "texture": "#2"},
				"east": {"uv": [0, 0, 1, 0], "rotation": 180, "texture": "#2"},
				"south": {"uv": [0, 0, 0, 5], "rotation": 90, "texture": "#2"},
				"west": {"uv": [0, 0, 1, 0], "texture": "#2"},
				"up": {"uv": [0, 5, 1, 10], "rotation": 90, "texture": "#2"},
				"down": {"uv": [0, 0, 1, 5], "rotation": 90, "texture": "#2"}
			}
		},
		{
			"from": [10.5, 11, 5.5],
			"to": [11.5, 11, 10.5],
			"faces": {
				"north": {"uv": [0, 0, 1, 0], "rotation": 180, "texture": "#2"},
				"east": {"uv": [0, 0, 0, 5], "rotation": 90, "texture": "#2"},
				"south": {"uv": [0, 0, 1, 0], "texture": "#2"},
				"west": {"uv": [0, 0, 0, 5], "rotation": 270, "texture": "#2"},
				"up": {"uv": [0, 5, 1, 10], "texture": "#2"},
				"down": {"uv": [0, 0, 1, 5], "rotation": 180, "texture": "#2"}
			}
		},
		{
			"from": [4.5, 16, 5.5],
			"to": [5.5, 16, 10.5],
			"faces": {
				"north": {"uv": [0, 0, 1, 0], "rotation": 180, "texture": "#2"},
				"east": {"uv": [0, 0, 0, 5], "rotation": 90, "texture": "#2"},
				"south": {"uv": [0, 0, 1, 0], "texture": "#2"},
				"west": {"uv": [0, 0, 0, 5], "rotation": 270, "texture": "#2"},
				"up": {"uv": [1, 5, 0, 10], "texture": "#2"},
				"down": {"uv": [1, 0, 0, 5], "rotation": 180, "texture": "#2"}
			}
		},
		{
			"from": [4.5, 11, 5.5],
			"to": [5.5, 11, 10.5],
			"faces": {
				"north": {"uv": [0, 0, 1, 0], "rotation": 180, "texture": "#2"},
				"east": {"uv": [0, 0, 0, 5], "rotation": 90, "texture": "#2"},
				"south": {"uv": [0, 0, 1, 0], "texture": "#2"},
				"west": {"uv": [0, 0, 0, 5], "rotation": 270, "texture": "#2"},
				"up": {"uv": [1, 5, 0, 10], "texture": "#2"},
				"down": {"uv": [1, 0, 0, 5], "rotation": 180, "texture": "#2"}
			}
		},
		{
			"from": [5.5, 11, 4.5],
			"to": [5.5, 16, 5.5],
			"faces": {
				"north": {"uv": [0, 0, 0, 5], "texture": "#2"},
				"east": {"uv": [0, 5, 1, 10], "texture": "#2"},
				"south": {"uv": [0, 0, 0, 5], "texture": "#2"},
				"west": {"uv": [1, 5, 0, 10], "texture": "#2"},
				"up": {"uv": [0, 0, 1, 0], "rotation": 90, "texture": "#2"},
				"down": {"uv": [0, 0, 1, 0], "rotation": 270, "texture": "#2"}
			}
		},
		{
			"from": [10.5, 11, 4.5],
			"to": [10.5, 16, 5.5],
			"faces": {
				"north": {"uv": [0, 0, 0, 5], "texture": "#2"},
				"east": {"uv": [0, 5, 1, 10], "texture": "#2"},
				"south": {"uv": [0, 0, 0, 5], "texture": "#2"},
				"west": {"uv": [0, 0, 1, 5], "texture": "#2"},
				"up": {"uv": [0, 0, 1, 0], "rotation": 90, "texture": "#2"},
				"down": {"uv": [0, 0, 1, 0], "rotation": 270, "texture": "#2"}
			}
		},
		{
			"from": [4.5, 11, 5.5],
			"to": [5.5, 16, 5.5],
			"faces": {
				"north": {"uv": [0, 5, 1, 10], "texture": "#2"},
				"east": {"uv": [0, 0, 0, 5], "texture": "#2"},
				"south": {"uv": [0, 0, 1, 5], "texture": "#2"},
				"west": {"uv": [0, 0, 0, 5], "texture": "#2"},
				"up": {"uv": [0, 0, 1, 0], "texture": "#2"},
				"down": {"uv": [0, 0, 1, 0], "texture": "#2"}
			}
		},
		{
			"from": [4.5, 11, 10.5],
			"to": [5.5, 16, 10.5],
			"faces": {
				"north": {"uv": [0, 5, 1, 10], "texture": "#2"},
				"east": {"uv": [0, 0, 0, 5], "texture": "#2"},
				"south": {"uv": [0, 0, 1, 5], "texture": "#2"},
				"west": {"uv": [0, 0, 0, 5], "texture": "#2"},
				"up": {"uv": [0, 0, 1, 0], "texture": "#2"},
				"down": {"uv": [0, 0, 1, 0], "texture": "#2"}
			}
		}
	],
	"display": {
		"thirdperson_righthand": {
			"rotation": [75, 45, 0],
			"translation": [0, 2, 2.5],
			"scale": [0.375, 0.375, 0.375]
		},
		"thirdperson_lefthand": {
			"rotation": [75, 45, 0],
			"translation": [0, 2, 2.5],
			"scale": [0.375, 0.375, 0.375]
		},
		"firstperson_righthand": {
			"rotation": [0, 45, 0],
			"scale": [0.4, 0.4, 0.4]
		},
		"firstperson_lefthand": {
			"rotation": [0, 225, 0],
			"scale": [0.4, 0.4, 0.4]
		},
		"ground": {
			"translation": [0, 3, 0],
			"scale": [0.25, 0.25, 0.25]
		},
		"gui": {
			"rotation": [30, 225, 0],
			"scale": [0.625, 0.625, 0.625]
		},
		"fixed": {
			"scale": [0.5, 0.5, 0.5]
		}
	},
	"groups": [
		0,
		1,
		2,
		3,
		4,
		5,
		6,
		7,
		8,
		{
			"name": "flower",
			"origin": [8, 8, 8],
			"color": 0,
			"children": [9, 10, 11, 12, 13, 14, 15, 16, 17, 18, 19, 20, 21, 22, 23, 24, 25, 26, 27, 28, 29, 30, 31, 32, 33, 34, 35]
		}
	]
}