{
	"credit": "Made with Blockbench",
	"texture_size": [64, 64],
	"textures": {
		"0": "block/fence/bamboo",
		"particle": "block/break/fence/bamboo"
	},
	"elements": [
		{
			"name": "top bar",
			"from": [6.5, 12, 0],
			"to": [9.5, 15, 6],
			"rotation": {"angle": 0, "axis": "y", "origin": [16, 0, 0]},
			"faces": {
				"north": {"uv": [4.75, 8.25, 3.25, 9.75], "texture": "#0"},
				"east": {"uv": [0, 15, 3, 13.5], "texture": "#0"},
				"south": {"uv": [4.75, 8.25, 3.25, 9.75], "texture": "#0"},
				"west": {"uv": [3, 10, 0, 11.5], "texture": "#0"},
				"up": {"uv": [3, 8.25, 0, 9.75], "rotation": 90, "texture": "#0"},
				"down": {"uv": [0, 13.25, 3, 11.75], "rotation": 90, "texture": "#0"}
			}
		},
		{
			"name": "lower bar",
			"from": [6.5, 6, 0],
			"to": [9.5, 9, 6],
			"rotation": {"angle": 0, "axis": "y", "origin": [16, 0, 0]},
			"faces": {
				"north": {"uv": [4.75, 8.25, 3.25, 9.75], "texture": "#0"},
				"east": {"uv": [0, 11.5, 3, 10], "texture": "#0"},
				"south": {"uv": [4.75, 8.25, 3.25, 9.75], "texture": "#0"},
				"west": {"uv": [3, 13.5, 0, 15], "texture": "#0"},
				"up": {"uv": [3, 11.75, 0, 13.25], "rotation": 90, "texture": "#0"},
				"down": {"uv": [0, 9.75, 3, 8.25], "rotation": 90, "texture": "#0"}
			}
		},
		{
			"name": "string",
			"from": [8, 9, 0],
			"to": [8, 10, 6],
			"rotation": {"angle": 0, "axis": "y", "origin": [0, 0, 16]},
			"faces": {
				"east": {"uv": [3.25, 11, 6.25, 11.5], "texture": "#0"},
				"west": {"uv": [6.25, 11, 3.25, 11.5], "texture": "#0"}
			}
		},
		{
			"name": "string",
			"from": [8, 10.5, 0],
			"to": [8, 11, 6],
			"rotation": {"angle": 0, "axis": "y", "origin": [0, 0, 16]},
			"faces": {
				"east": {"uv": [3.25, 10.5, 6.25, 10.75], "texture": "#0"},
				"west": {"uv": [6.25, 10.5, 3.25, 10.75], "texture": "#0"}
			}
		},
		{
			"name": "string",
			"from": [8, 11.5, 0],
			"to": [8, 12, 6],
			"rotation": {"angle": 0, "axis": "y", "origin": [0, 0, 16]},
			"faces": {
				"east": {"uv": [3.25, 10, 6.25, 10.25], "texture": "#0"},
				"west": {"uv": [6.25, 10, 3.25, 10.25], "texture": "#0"}
			}
		},
		{
			"name": "string",
			"from": [8, 10, 5.5],
			"to": [8, 10.5, 6],
			"rotation": {"angle": 0, "axis": "y", "origin": [0, 0, 16]},
			"faces": {
				"east": {"uv": [3.25, 11, 3.5, 10.75], "texture": "#0"},
				"west": {"uv": [3.5, 10.75, 3.25, 11], "texture": "#0"}
			}
		},
		{
			"name": "string",
			"from": [8, 11, 5.5],
			"to": [8, 11.5, 6],
			"rotation": {"angle": 0, "axis": "y", "origin": [0, 0, 16]},
			"faces": {
				"east": {"uv": [3.25, 10.5, 3.5, 10.25], "texture": "#0"},
				"west": {"uv": [3.5, 10.25, 3.25, 10.5], "texture": "#0"}
			}
		},
		{
			"name": "string",
			"from": [8, 10, 4.5],
			"to": [8, 10.5, 5],
			"rotation": {"angle": 0, "axis": "y", "origin": [0, 0, 16]},
			"faces": {
				"east": {"uv": [3.75, 11, 4, 10.75], "texture": "#0"},
				"west": {"uv": [4, 10.75, 3.75, 11], "texture": "#0"}
			}
		},
		{
			"name": "string",
			"from": [8, 11, 4.5],
			"to": [8, 11.5, 5],
			"rotation": {"angle": 0, "axis": "y", "origin": [0, 0, 16]},
			"faces": {
				"east": {"uv": [3.75, 10.5, 4, 10.25], "texture": "#0"},
				"west": {"uv": [4, 10.25, 3.75, 10.5], "texture": "#0"}
			}
		},
		{
			"name": "string",
			"from": [8, 10, 3.5],
			"to": [8, 10.5, 4],
			"rotation": {"angle": 0, "axis": "y", "origin": [0, 0, 16]},
			"faces": {
				"east": {"uv": [4.25, 11, 4.5, 10.75], "texture": "#0"},
				"west": {"uv": [4.5, 10.75, 4.25, 11], "texture": "#0"}
			}
		},
		{
			"name": "string",
			"from": [8, 11, 3.5],
			"to": [8, 11.5, 4],
			"rotation": {"angle": 0, "axis": "y", "origin": [0, 0, 16]},
			"faces": {
				"east": {"uv": [4.25, 10.5, 4.5, 10.25], "texture": "#0"},
				"west": {"uv": [4.5, 10.25, 4.25, 10.5], "texture": "#0"}
			}
		},
		{
			"name": "string",
			"from": [8, 10, 2.5],
			"to": [8, 10.5, 3],
			"rotation": {"angle": 0, "axis": "y", "origin": [0, 0, 16]},
			"faces": {
				"east": {"uv": [4.75, 11, 5, 10.75], "texture": "#0"},
				"west": {"uv": [5, 10.75, 4.75, 11], "texture": "#0"}
			}
		},
		{
			"name": "string",
			"from": [8, 11, 2.5],
			"to": [8, 11.5, 3],
			"rotation": {"angle": 0, "axis": "y", "origin": [0, 0, 16]},
			"faces": {
				"east": {"uv": [4.75, 10.5, 5, 10.25], "texture": "#0"},
				"west": {"uv": [5, 10.25, 4.75, 10.5], "texture": "#0"}
			}
		},
		{
			"name": "string",
			"from": [8, 10, 1.5],
			"to": [8, 10.5, 2],
			"rotation": {"angle": 0, "axis": "y", "origin": [0, 0, 16]},
			"faces": {
				"east": {"uv": [5.25, 11, 5.5, 10.75], "texture": "#0"},
				"west": {"uv": [5.5, 10.75, 5.25, 11], "texture": "#0"}
			}
		},
		{
			"name": "string",
			"from": [8, 11, 1.5],
			"to": [8, 11.5, 2],
			"rotation": {"angle": 0, "axis": "y", "origin": [0, 0, 16]},
			"faces": {
				"east": {"uv": [5.25, 10.5, 5.5, 10.25], "texture": "#0"},
				"west": {"uv": [5.5, 10.25, 5.25, 10.5], "texture": "#0"}
			}
		},
		{
			"name": "string",
			"from": [8, 10, 0.5],
			"to": [8, 10.5, 1],
			"rotation": {"angle": 0, "axis": "y", "origin": [0, 0, 16]},
			"faces": {
				"east": {"uv": [5.25, 11, 5.5, 10.75], "texture": "#0"},
				"west": {"uv": [5.5, 10.75, 5.25, 11], "texture": "#0"}
			}
		},
		{
			"name": "string",
			"from": [8, 11, 0.5],
			"to": [8, 11.5, 1],
			"rotation": {"angle": 0, "axis": "y", "origin": [0, 0, 16]},
			"faces": {
				"east": {"uv": [5.25, 10.5, 5.5, 10.25], "texture": "#0"},
				"west": {"uv": [5.5, 10.25, 5.25, 10.5], "texture": "#0"}
			}
		}
	]
}