{
	"credit": "Made with Blockbench",
	"texture_size": [64, 64],
	"textures": {
		"0": "block/fence/cherry",
		"particle": "block/break/fence/cherry"
	},
	"elements": [
		{
			"from": [6.75, 10.5, 0],
			"to": [9.25, 14.5, 6],
			"rotation": {"angle": 0, "axis": "x", "origin": [8, 11.5, 6]},
			"faces": {
				"north": {"uv": [6.25, 8.25, 7.25, 10.25], "texture": "#0"},
				"east": {"uv": [0, 8.25, 3, 10.25], "texture": "#0"},
				"west": {"uv": [3, 8.25, 0, 10.25], "texture": "#0"},
				"up": {"uv": [3, 10.5, 0, 11.5], "rotation": 90, "texture": "#0"},
				"down": {"uv": [0, 10.5, 3, 11.5], "rotation": 90, "texture": "#0"}
			}
		},
		{
			"from": [7.5, 5.5, 0],
			"to": [8.5, 8.5, 6],
			"rotation": {"angle": 0, "axis": "x", "origin": [8, 11.5, 6]},
			"faces": {
				"north": {"uv": [6.25, 11.75, 6.75, 13.25], "texture": "#0"},
				"east": {"uv": [6, 11.75, 3, 13.25], "texture": "#0"},
				"west": {"uv": [3, 11.75, 6, 13.25], "texture": "#0"},
				"up": {"uv": [3, 13.5, 6, 14], "rotation": 90, "texture": "#0"},
				"down": {"uv": [6, 13.5, 3, 14], "rotation": 90, "texture": "#0"}
			}
		}
	]
}