{
	"credit": "Made with Blockbench",
	"texture_size": [64, 64],
	"textures": {
		"0": "block/fence/warped",
		"particle": "block/break/fence/warped"
	},
	"elements": [
		{
			"from": [7.5, 10.5, 0],
			"to": [8.5, 14.5, 6],
			"faces": {
				"north": {"uv": [6.25, 8.25, 6.75, 10.25], "texture": "#0"},
				"east": {"uv": [0, 8.25, 3, 10.25], "texture": "#0"},
				"west": {"uv": [3, 8.25, 0, 10.25], "texture": "#0"},
				"up": {"uv": [0, 10.5, 3, 11], "rotation": 90, "texture": "#0"},
				"down": {"uv": [0, 10.5, 3, 11], "rotation": 90, "texture": "#0"}
			}
		},
		{
			"from": [7.5, 3, 0],
			"to": [8.5, 7, 6],
			"faces": {
				"north": {"uv": [6.25, 8.25, 6.75, 10.25], "texture": "#0"},
				"east": {"uv": [6, 8.25, 3, 10.25], "texture": "#0"},
				"west": {"uv": [3, 8.25, 6, 10.25], "texture": "#0"},
				"up": {"uv": [6, 10.5, 3, 11], "rotation": 90, "texture": "#0"},
				"down": {"uv": [6, 10.5, 3, 11], "rotation": 90, "texture": "#0"}
			}
		}
	]
}