{
	"credit": "Made with Blockbench",
	"textures": {
		"0": "block/fence/bamboo"
	},
	"elements": [
		{
			"from": [7.85, 9, 12],
			"to": [7.95, 12, 12.5],
			"rotation": {"angle": 0, "axis": "y", "origin": [8, 0, 8]},
			"faces": {
				"north": {"uv": [5.5, 11.75, 5.25, 13.25], "texture": "#0"},
				"east": {"uv": [5.5, 11.75, 5.25, 13.25], "texture": "#0"},
				"south": {"uv": [5.5, 11.75, 5.25, 13.25], "texture": "#0"},
				"west": {"uv": [5.25, 11.75, 5.5, 13.25], "texture": "#0"}
			}
		},
		{
			"from": [7.85, 9, 11],
			"to": [7.95, 12, 11.5],
			"rotation": {"angle": 0, "axis": "y", "origin": [8, 0, 8]},
			"faces": {
				"north": {"uv": [5, 11.75, 4.75, 13.25], "texture": "#0"},
				"east": {"uv": [5, 11.75, 4.75, 13.25], "texture": "#0"},
				"south": {"uv": [5, 11.75, 4.75, 13.25], "texture": "#0"},
				"west": {"uv": [4.75, 11.75, 5, 13.25], "texture": "#0"}
			}
		},
		{
			"from": [7.85, 9, 10],
			"to": [7.95, 12, 10.5],
			"rotation": {"angle": 0, "axis": "y", "origin": [8, 0, 8]},
			"faces": {
				"north": {"uv": [4.5, 11.75, 4.25, 13.25], "texture": "#0"},
				"east": {"uv": [4.5, 11.75, 4.25, 13.25], "texture": "#0"},
				"south": {"uv": [4.5, 11.75, 4.25, 13.25], "texture": "#0"},
				"west": {"uv": [4.25, 11.75, 4.5, 13.25], "texture": "#0"}
			}
		},
		{
			"from": [7.85, 9, 9],
			"to": [7.95, 12, 9.5],
			"rotation": {"angle": 0, "axis": "y", "origin": [8, 0, 8]},
			"faces": {
				"north": {"uv": [4, 11.75, 3.75, 13.25], "texture": "#0"},
				"east": {"uv": [4, 11.75, 3.75, 13.25], "texture": "#0"},
				"south": {"uv": [4, 11.75, 3.75, 13.25], "texture": "#0"},
				"west": {"uv": [3.75, 11.75, 4, 13.25], "texture": "#0"}
			}
		},
		{
			"from": [7.85, 9, 8],
			"to": [7.95, 12, 8.5],
			"rotation": {"angle": 0, "axis": "y", "origin": [8, 0, 8]},
			"faces": {
				"north": {"uv": [3.5, 11.75, 3.25, 13.25], "texture": "#0"},
				"east": {"uv": [3.5, 11.75, 3.25, 13.25], "texture": "#0"},
				"south": {"uv": [3.5, 11.75, 3.25, 13.25], "texture": "#0"},
				"west": {"uv": [3.25, 11.75, 3.5, 13.25], "texture": "#0"}
			}
		},
		{
			"from": [7.85, 9, 13],
			"to": [7.95, 12, 14],
			"rotation": {"angle": 0, "axis": "y", "origin": [8, 0, 8]},
			"faces": {
				"north": {"uv": [6, 11.75, 5.75, 13.25], "texture": "#0"},
				"east": {"uv": [6.25, 11.75, 5.75, 13.25], "texture": "#0"},
				"south": {"uv": [6.25, 11.75, 6, 13.25], "texture": "#0"},
				"west": {"uv": [5.75, 11.75, 6.25, 13.25], "texture": "#0"}
			}
		},
		{
			"from": [7.95, 11.5, 8],
			"to": [8.05, 12, 14],
			"rotation": {"angle": 0, "axis": "y", "origin": [8, 0, 8]},
			"faces": {
				"north": {"uv": [6, 11.75, 6.25, 12], "texture": "#0"},
				"east": {"uv": [3.25, 11.75, 6.25, 12], "texture": "#0"},
				"south": {"uv": [3.25, 11.75, 3.5, 12], "texture": "#0"},
				"west": {"uv": [3.25, 11.75, 6.25, 12], "texture": "#0"},
				"down": {"uv": [3.25, 12, 6.25, 11.75], "rotation": 90, "texture": "#0"}
			}
		},
		{
			"from": [7.95, 10.5, 8],
			"to": [8.05, 11, 14],
			"rotation": {"angle": 0, "axis": "y", "origin": [8, 0, 8]},
			"faces": {
				"north": {"uv": [6, 12.25, 6.25, 12.5], "texture": "#0"},
				"east": {"uv": [3.25, 12.25, 6.25, 12.5], "texture": "#0"},
				"south": {"uv": [3.5, 12.5, 3.25, 12.25], "texture": "#0"},
				"west": {"uv": [3.25, 12.25, 6.25, 12.5], "texture": "#0"},
				"up": {"uv": [6.25, 12.5, 3.25, 12.25], "rotation": 90, "texture": "#0"},
				"down": {"uv": [3.25, 12.5, 6.25, 12.25], "rotation": 90, "texture": "#0"}
			}
		},
		{
			"from": [7.95, 9, 8],
			"to": [8.05, 10, 14],
			"rotation": {"angle": 0, "axis": "y", "origin": [8, 0, 8]},
			"faces": {
				"north": {"uv": [6, 12.75, 6.25, 13.25], "texture": "#0"},
				"east": {"uv": [3.25, 12.75, 6.25, 13.25], "texture": "#0"},
				"south": {"uv": [3.25, 12.75, 3.5, 13.25], "texture": "#0"},
				"west": {"uv": [3.25, 12.75, 6.25, 13.25], "texture": "#0"},
				"up": {"uv": [6.25, 13, 3.25, 12.75], "rotation": 90, "texture": "#0"}
			}
		},
		{
			"name": "top bar",
			"from": [6.5, 12, 8],
			"to": [9.5, 15, 14],
			"rotation": {"angle": 0, "axis": "y", "origin": [8, 0, 8]},
			"faces": {
				"north": {"uv": [3.25, 8.25, 4.75, 9.75], "texture": "#0"},
				"east": {"uv": [9.5, 15, 6.5, 13.5], "texture": "#0"},
				"south": {"uv": [3.25, 8.25, 4.75, 9.75], "texture": "#0"},
				"west": {"uv": [6.5, 10, 9.5, 11.5], "texture": "#0"},
				"up": {"uv": [6.5, 8.25, 9.5, 9.75], "rotation": 90, "texture": "#0"},
				"down": {"uv": [9.5, 13.25, 6.5, 11.75], "rotation": 90, "texture": "#0"}
			}
		},
		{
			"name": "lower bar",
			"from": [6.5, 6, 8],
			"to": [9.5, 9, 14],
			"rotation": {"angle": 0, "axis": "y", "origin": [8, 0, 8]},
			"faces": {
				"north": {"uv": [3.25, 8.25, 4.75, 9.75], "texture": "#0"},
				"east": {"uv": [9.5, 11.5, 6.5, 10], "texture": "#0"},
				"south": {"uv": [3.25, 8.25, 4.75, 9.75], "texture": "#0"},
				"west": {"uv": [6.5, 13.5, 9.5, 15], "texture": "#0"},
				"up": {"uv": [6.5, 11.75, 9.5, 13.25], "rotation": 90, "texture": "#0"},
				"down": {"uv": [9.5, 9.75, 6.5, 8.25], "rotation": 90, "texture": "#0"}
			}
		},
		{
			"from": [7.85, 9, 3],
			"to": [7.95, 12, 3.5],
			"rotation": {"angle": 0, "axis": "y", "origin": [16, 0, 16]},
			"faces": {
				"north": {"uv": [3.75, 10, 4, 11.5], "texture": "#0"},
				"east": {"uv": [3.75, 10, 4, 11.5], "texture": "#0"},
				"south": {"uv": [3.75, 10, 4, 11.5], "texture": "#0"},
				"west": {"uv": [4, 10, 3.75, 11.5], "texture": "#0"}
			}
		},
		{
			"from": [7.85, 9, 4],
			"to": [7.95, 12, 4.5],
			"rotation": {"angle": 0, "axis": "y", "origin": [16, 0, 16]},
			"faces": {
				"north": {"uv": [4.5, 10, 4.25, 11.5], "texture": "#0"},
				"east": {"uv": [4.5, 10, 4.25, 11.5], "texture": "#0"},
				"south": {"uv": [4.5, 10, 4.25, 11.5], "texture": "#0"},
				"west": {"uv": [4.25, 10, 4.5, 11.5], "texture": "#0"}
			}
		},
		{
			"from": [7.85, 9, 5],
			"to": [7.95, 12, 5.5],
			"rotation": {"angle": 0, "axis": "y", "origin": [16, 0, 16]},
			"faces": {
				"north": {"uv": [5, 10, 4.75, 11.5], "texture": "#0"},
				"east": {"uv": [5, 10, 4.75, 11.5], "texture": "#0"},
				"south": {"uv": [5, 10, 4.75, 11.5], "texture": "#0"},
				"west": {"uv": [4.75, 10, 5, 11.5], "texture": "#0"}
			}
		},
		{
			"from": [7.85, 9, 6],
			"to": [7.95, 12, 6.5],
			"rotation": {"angle": 0, "axis": "y", "origin": [16, 0, 16]},
			"faces": {
				"north": {"uv": [5.5, 10, 5.25, 11.5], "texture": "#0"},
				"east": {"uv": [5.5, 10, 5.25, 11.5], "texture": "#0"},
				"south": {"uv": [5.5, 10, 5.25, 11.5], "texture": "#0"},
				"west": {"uv": [5.25, 10, 5.5, 11.5], "texture": "#0"}
			}
		},
		{
			"from": [7.85, 9, 7],
			"to": [7.95, 12, 7.5],
			"rotation": {"angle": 0, "axis": "y", "origin": [16, 0, 16]},
			"faces": {
				"north": {"uv": [6, 10, 5.75, 11.5], "texture": "#0"},
				"east": {"uv": [6, 10, 5.75, 11.5], "texture": "#0"},
				"south": {"uv": [6, 10, 5.75, 11.5], "texture": "#0"},
				"west": {"uv": [5.75, 10, 6, 11.5], "texture": "#0"}
			}
		},
		{
			"from": [7.95, 11.5, 2],
			"to": [8.05, 12, 8],
			"rotation": {"angle": 0, "axis": "y", "origin": [16, 0, 16]},
			"faces": {
				"north": {"uv": [6, 10, 6.25, 10.25], "texture": "#0"},
				"east": {"uv": [3.25, 10, 6.25, 10.25], "texture": "#0"},
				"south": {"uv": [3.25, 10, 3.5, 10.25], "texture": "#0"},
				"west": {"uv": [3.25, 10, 6.25, 10.25], "texture": "#0"},
				"down": {"uv": [3.25, 10.25, 6.25, 10], "rotation": 90, "texture": "#0"}
			}
		},
		{
			"from": [7.95, 10.5, 2],
			"to": [8.05, 11, 8],
			"rotation": {"angle": 0, "axis": "y", "origin": [16, 0, 16]},
			"faces": {
				"north": {"uv": [6, 10.5, 6.25, 10.75], "texture": "#0"},
				"east": {"uv": [3.25, 10.5, 6.25, 10.75], "texture": "#0"},
				"south": {"uv": [3.5, 10.75, 3.25, 10.5], "texture": "#0"},
				"west": {"uv": [3.25, 10.5, 6.25, 10.75], "texture": "#0"},
				"up": {"uv": [6.25, 10.75, 3.25, 10.5], "rotation": 90, "texture": "#0"},
				"down": {"uv": [3.25, 10.75, 6.25, 10.5], "rotation": 90, "texture": "#0"}
			}
		},
		{
			"from": [7.95, 9, 2],
			"to": [8.05, 10, 8],
			"rotation": {"angle": 0, "axis": "y", "origin": [16, 0, 16]},
			"faces": {
				"north": {"uv": [6, 11, 6.25, 11.5], "texture": "#0"},
				"east": {"uv": [3.25, 11, 6.25, 11.5], "texture": "#0"},
				"south": {"uv": [3.25, 11, 3.5, 11.5], "texture": "#0"},
				"west": {"uv": [3.25, 11, 6.25, 11.5], "texture": "#0"},
				"up": {"uv": [6.25, 11.25, 3.25, 11], "rotation": 90, "texture": "#0"}
			}
		},
		{
			"from": [7.85, 9, 2],
			"to": [7.95, 12, 2.5],
			"rotation": {"angle": 0, "axis": "y", "origin": [16, 0, 16]},
			"faces": {
				"north": {"uv": [3.25, 10, 3.5, 11.5], "texture": "#0"},
				"east": {"uv": [3.25, 10, 3.5, 11.5], "texture": "#0"},
				"south": {"uv": [3.25, 10, 3.5, 11.5], "texture": "#0"},
				"west": {"uv": [3.5, 10, 3.25, 11.5], "texture": "#0"}
			}
		},
		{
			"name": "lower bar",
			"from": [6.5, 6, 2],
			"to": [9.5, 9, 8],
			"rotation": {"angle": 0, "axis": "y", "origin": [16, 0, 16]},
			"faces": {
				"north": {"uv": [3.25, 8.25, 4.75, 9.75], "texture": "#0"},
				"east": {"uv": [3, 11.5, 0, 10], "texture": "#0"},
				"south": {"uv": [3.25, 8.25, 4.75, 9.75], "texture": "#0"},
				"west": {"uv": [0, 13.5, 3, 15], "texture": "#0"},
				"up": {"uv": [0, 11.75, 3, 13.25], "rotation": 90, "texture": "#0"},
				"down": {"uv": [3, 9.75, 0, 8.25], "rotation": 90, "texture": "#0"}
			}
		},
		{
			"name": "top bar",
			"from": [6.5, 12, 2],
			"to": [9.5, 15, 8],
			"rotation": {"angle": 0, "axis": "y", "origin": [16, 0, 16]},
			"faces": {
				"north": {"uv": [3.25, 8.25, 4.75, 9.75], "texture": "#0"},
				"east": {"uv": [3, 15, 0, 13.5], "texture": "#0"},
				"south": {"uv": [3.25, 8.25, 4.75, 9.75], "texture": "#0"},
				"west": {"uv": [0, 10, 3, 11.5], "texture": "#0"},
				"up": {"uv": [0, 8.25, 3, 9.75], "rotation": 90, "texture": "#0"},
				"down": {"uv": [3, 13.25, 0, 11.75], "rotation": 90, "texture": "#0"}
			}
		},
		{
			"name": "Center post",
			"from": [6, 0, 14],
			"to": [10, 16, 18],
			"faces": {
				"north": {"uv": [0, 0, 2, 8], "texture": "#0"},
				"east": {"uv": [0, 0, 2, 8], "texture": "#0"},
				"south": {"uv": [0, 0, 2, 8], "texture": "#0"},
				"west": {"uv": [0, 0, 2, 8], "texture": "#0"},
				"up": {"uv": [8, 0, 10, 2], "texture": "#0"},
				"down": {"uv": [8, 0, 10, 2], "texture": "#0"}
			}
		},
		{
			"name": "Center post",
			"from": [6, 0, -2],
			"to": [10, 16, 2],
			"faces": {
				"north": {"uv": [0, 0, 2, 8], "texture": "#0"},
				"east": {"uv": [0, 0, 2, 8], "texture": "#0"},
				"south": {"uv": [0, 0, 2, 8], "texture": "#0"},
				"west": {"uv": [0, 0, 2, 8], "texture": "#0"},
				"up": {"uv": [8, 0, 10, 2], "texture": "#0"},
				"down": {"uv": [8, 0, 10, 2], "texture": "#0"}
			}
		}
	],
	"display": {
		"thirdperson_righthand": {
			"rotation": [75, 45, 0],
			"translation": [-0.5, 2.5, 0],
			"scale": [0.375, 0.375, 0.375]
		},
		"thirdperson_lefthand": {
			"rotation": [75, 45, 0],
			"translation": [-0.5, 2.5, 0],
			"scale": [0.375, 0.375, 0.375]
		},
		"firstperson_righthand": {
			"rotation": [0, 45, 0],
			"scale": [0.4, 0.4, 0.4]
		},
		"firstperson_lefthand": {
			"rotation": [0, 225, 0],
			"scale": [0.4, 0.4, 0.4]
		},
		"ground": {
			"rotation": [0, 0, 90],
			"translation": [0, 1, 0],
			"scale": [0.25, 0.25, 0.25]
		},
		"gui": {
			"rotation": [30, 225, 0],
			"scale": [0.7, 0.7, 0.7]
		},
		"fixed": {
			"rotation": [0, 90, 0],
			"scale": [0.5, 0.5, 0.5]
		}
	}
}