{
	"credit": "Made with Blockbench",
	"textures": {
		"0": "block/fence/nether_bricks"
	},
	"elements": [
		{
			"name": "top bar",
			"from": [6, 9.5, 2],
			"to": [10, 14, 14],
			"faces": {
				"east": {"uv": [0, 8.25, 6, 10.5], "texture": "#0"},
				"west": {"uv": [6, 8.25, 0, 10.5], "texture": "#0"},
				"up": {"uv": [0, 12.75, 6, 10.75], "rotation": 270, "texture": "#0"},
				"down": {"uv": [6, 12.75, 0, 10.75], "rotation": 270, "texture": "#0"}
			}
		},
		{
			"name": "top bar",
			"from": [6, 2, 2],
			"to": [10, 6.5, 14],
			"faces": {
				"east": {"uv": [8.25, 3.25, 14.25, 5.5], "texture": "#0"},
				"west": {"uv": [14.25, 3.25, 8.25, 5.5], "texture": "#0"},
				"up": {"uv": [8.25, 7.75, 14.25, 5.75], "rotation": 270, "texture": "#0"},
				"down": {"uv": [14.25, 7.75, 8.25, 5.75], "rotation": 270, "texture": "#0"}
			}
		},
		{
			"name": "panel",
			"from": [7, 0, 3],
			"to": [9, 16, 7],
			"rotation": {"angle": 0, "axis": "y", "origin": [-15, 8, -8]},
			"faces": {
				"north": {"uv": [15, 8, 16, 16], "texture": "#0"},
				"east": {"uv": [13, 8, 15, 16], "texture": "#0"},
				"south": {"uv": [12, 8, 13, 16], "texture": "#0"},
				"west": {"uv": [10, 8, 12, 16], "texture": "#0"},
				"up": {"uv": [8, 8, 10, 9], "rotation": 270, "texture": "#0"},
				"down": {"uv": [8, 9, 10, 10], "rotation": 270, "texture": "#0"}
			}
		},
		{
			"name": "panel",
			"from": [7, 0, 9],
			"to": [9, 16, 13],
			"rotation": {"angle": 0, "axis": "y", "origin": [15, 8, 8]},
			"faces": {
				"north": {"uv": [10, 8, 11, 16], "texture": "#0"},
				"east": {"uv": [8, 8, 10, 16], "texture": "#0"},
				"south": {"uv": [13, 8, 14, 16], "texture": "#0"},
				"west": {"uv": [11, 8, 13, 16], "texture": "#0"},
				"up": {"uv": [14, 8, 16, 9], "rotation": 90, "texture": "#0"},
				"down": {"uv": [14, 9, 16, 10], "rotation": 90, "texture": "#0"}
			}
		},
		{
			"name": "Center post",
			"from": [6, 0, 14],
			"to": [10, 16, 18],
			"faces": {
				"north": {"uv": [0, 0, 2, 8], "texture": "#0"},
				"east": {"uv": [6, 0, 8, 8], "texture": "#0"},
				"south": {"uv": [4, 0, 6, 8], "texture": "#0"},
				"west": {"uv": [2, 0, 4, 8], "texture": "#0"},
				"up": {"uv": [8, 0, 10, 2], "texture": "#0"},
				"down": {"uv": [8, 0, 10, 2], "texture": "#0"}
			}
		},
		{
			"name": "Center post",
			"from": [6, 0, -2],
			"to": [10, 16, 2],
			"faces": {
				"north": {"uv": [0, 0, 2, 8], "texture": "#0"},
				"east": {"uv": [6, 0, 8, 8], "texture": "#0"},
				"south": {"uv": [4, 0, 6, 8], "texture": "#0"},
				"west": {"uv": [2, 0, 4, 8], "texture": "#0"},
				"up": {"uv": [8, 0, 10, 2], "texture": "#0"},
				"down": {"uv": [8, 0, 10, 2], "texture": "#0"}
			}
		}
	],
	"display": {
		"thirdperson_righthand": {
			"rotation": [75, 45, 0],
			"translation": [-0.5, 2.5, 0],
			"scale": [0.375, 0.375, 0.375]
		},
		"thirdperson_lefthand": {
			"rotation": [75, 45, 0],
			"translation": [-0.5, 2.5, 0],
			"scale": [0.375, 0.375, 0.375]
		},
		"firstperson_righthand": {
			"rotation": [0, 45, 0],
			"scale": [0.4, 0.4, 0.4]
		},
		"firstperson_lefthand": {
			"rotation": [0, 225, 0],
			"scale": [0.4, 0.4, 0.4]
		},
		"ground": {
			"rotation": [0, 0, 90],
			"translation": [0, 1, 0],
			"scale": [0.25, 0.25, 0.25]
		},
		"gui": {
			"rotation": [30, 225, 0],
			"scale": [0.7, 0.7, 0.7]
		},
		"fixed": {
			"rotation": [0, 90, 0],
			"scale": [0.5, 0.5, 0.5]
		}
	}
}