{
  "variants": {
    "lit=false":
    [{"model": "minecraft:block/cake/1/candle/brown", "weight": 100},
      {"model": "minecraft:block/cake/2/candle/brown", "weight": 100},
      {"model": "minecraft:block/cake/3/candle/brown", "weight": 100},
      {"model": "minecraft:block/cake/4/candle/brown", "weight": 100},
      {"model": "minecraft:block/cake/5/candle/brown", "weight": 100},
      {"model": "minecraft:block/cake/6/candle/brown", "weight": 100},
      {"model": "minecraft:block/cake/7/candle/brown", "weight": 100},
      {"model": "minecraft:block/cake/8/candle/brown", "weight": 100},
      {"model": "minecraft:block/cake/9/candle/brown", "weight": 100},
      {"model": "minecraft:block/cake/10/candle/brown", "weight": 100},
      {"model": "minecraft:block/cake/11/candle/brown", "weight": 100},
      {"model": "minecraft:block/cake/12/candle/brown", "weight": 100},
      {"model": "minecraft:block/cake/13/candle/brown", "weight": 10}],
    
      "lit=true":
      [{"model": "minecraft:block/cake/1/candle/brown_lit", "weight": 100},
        {"model": "minecraft:block/cake/2/candle/brown_lit", "weight": 100},
        {"model": "minecraft:block/cake/3/candle/brown_lit", "weight": 100},
        {"model": "minecraft:block/cake/4/candle/brown_lit", "weight": 100},
        {"model": "minecraft:block/cake/5/candle/brown_lit", "weight": 100},
        {"model": "minecraft:block/cake/6/candle/brown_lit", "weight": 100},
        {"model": "minecraft:block/cake/7/candle/brown_lit", "weight": 100},
        {"model": "minecraft:block/cake/8/candle/brown_lit", "weight": 100},
        {"model": "minecraft:block/cake/9/candle/brown_lit", "weight": 100},
        {"model": "minecraft:block/cake/10/candle/brown_lit", "weight": 100},
        {"model": "minecraft:block/cake/11/candle/brown_lit", "weight": 100},
        {"model": "minecraft:block/cake/12/candle/brown_lit", "weight": 100},
        {"model": "minecraft:block/cake/13/candle/brown_lit", "weight": 10}]
  }
}