{
  "variants": {
    "bites=0":
    [{"model": "minecraft:block/cake/1/cake", "weight": 100},
      {"model": "minecraft:block/cake/2/cake", "weight": 100},
      {"model": "minecraft:block/cake/3/cake", "weight": 100},
      {"model": "minecraft:block/cake/4/cake", "weight": 100},
      {"model": "minecraft:block/cake/5/cake", "weight": 100},
      {"model": "minecraft:block/cake/6/cake", "weight": 100},
      {"model": "minecraft:block/cake/7/cake", "weight": 100},
      {"model": "minecraft:block/cake/8/cake", "weight": 100},
      {"model": "minecraft:block/cake/9/cake", "weight": 100},
      {"model": "minecraft:block/cake/10/cake", "weight": 100},
      {"model": "minecraft:block/cake/11/cake", "weight": 100},
      {"model": "minecraft:block/cake/12/cake", "weight": 100},
      {"model": "minecraft:block/cake/13/cake", "weight": 10}],

    "bites=1":
    [{"model": "minecraft:block/cake/1/slice1", "weight": 100},
      {"model": "minecraft:block/cake/2/slice1", "weight": 100},
      {"model": "minecraft:block/cake/3/slice1", "weight": 100},
      {"model": "minecraft:block/cake/4/slice1", "weight": 100},
      {"model": "minecraft:block/cake/5/slice1", "weight": 100},
      {"model": "minecraft:block/cake/6/slice1", "weight": 100},
      {"model": "minecraft:block/cake/7/slice1", "weight": 100},
      {"model": "minecraft:block/cake/8/slice1", "weight": 100},
      {"model": "minecraft:block/cake/9/slice1", "weight": 100},
      {"model": "minecraft:block/cake/10/slice1", "weight": 100},
      {"model": "minecraft:block/cake/11/slice1", "weight": 100},
      {"model": "minecraft:block/cake/12/slice1", "weight": 100},
      {"model": "minecraft:block/cake/13/slice1", "weight": 10}],

    "bites=2":
    [{"model": "minecraft:block/cake/1/slice2", "weight": 100},
      {"model": "minecraft:block/cake/2/slice2", "weight": 100},
      {"model": "minecraft:block/cake/3/slice2", "weight": 100},
      {"model": "minecraft:block/cake/4/slice2", "weight": 100},
      {"model": "minecraft:block/cake/5/slice2", "weight": 100},
      {"model": "minecraft:block/cake/6/slice2", "weight": 100},
      {"model": "minecraft:block/cake/7/slice2", "weight": 100},
      {"model": "minecraft:block/cake/8/slice2", "weight": 100},
      {"model": "minecraft:block/cake/9/slice2", "weight": 100},
      {"model": "minecraft:block/cake/10/slice2", "weight": 100},
      {"model": "minecraft:block/cake/11/slice2", "weight": 100},
      {"model": "minecraft:block/cake/12/slice2", "weight": 100},
      {"model": "minecraft:block/cake/13/slice2", "weight": 10}],

    "bites=3":
    [{"model": "minecraft:block/cake/1/slice3", "weight": 100},
      {"model": "minecraft:block/cake/2/slice3", "weight": 100},
      {"model": "minecraft:block/cake/3/slice3", "weight": 100},
      {"model": "minecraft:block/cake/4/slice3", "weight": 100},
      {"model": "minecraft:block/cake/5/slice3", "weight": 100},
      {"model": "minecraft:block/cake/6/slice3", "weight": 100},
      {"model": "minecraft:block/cake/7/slice3", "weight": 100},
      {"model": "minecraft:block/cake/8/slice3", "weight": 100},
      {"model": "minecraft:block/cake/9/slice3", "weight": 100},
      {"model": "minecraft:block/cake/10/slice3", "weight": 100},
      {"model": "minecraft:block/cake/11/slice3", "weight": 100},
      {"model": "minecraft:block/cake/12/slice3", "weight": 100},
      {"model": "minecraft:block/cake/13/slice3", "weight": 10}],

    "bites=4":
    [{"model": "minecraft:block/cake/1/slice4", "weight": 100},
      {"model": "minecraft:block/cake/2/slice4", "weight": 100},
      {"model": "minecraft:block/cake/3/slice4", "weight": 100},
      {"model": "minecraft:block/cake/4/slice4", "weight": 100},
      {"model": "minecraft:block/cake/5/slice4", "weight": 100},
      {"model": "minecraft:block/cake/6/slice4", "weight": 100},
      {"model": "minecraft:block/cake/7/slice4", "weight": 100},
      {"model": "minecraft:block/cake/8/slice4", "weight": 100},
      {"model": "minecraft:block/cake/9/slice4", "weight": 100},
      {"model": "minecraft:block/cake/10/slice4", "weight": 100},
      {"model": "minecraft:block/cake/11/slice4", "weight": 100},
      {"model": "minecraft:block/cake/12/slice4", "weight": 100},
      {"model": "minecraft:block/cake/13/slice4", "weight": 10}],

    "bites=5":
    [{"model": "minecraft:block/cake/1/slice5", "weight": 100},
      {"model": "minecraft:block/cake/2/slice5", "weight": 100},
      {"model": "minecraft:block/cake/3/slice5", "weight": 100},
      {"model": "minecraft:block/cake/4/slice5", "weight": 100},
      {"model": "minecraft:block/cake/5/slice5", "weight": 100},
      {"model": "minecraft:block/cake/6/slice5", "weight": 100},
      {"model": "minecraft:block/cake/7/slice5", "weight": 100},
      {"model": "minecraft:block/cake/8/slice5", "weight": 100},
      {"model": "minecraft:block/cake/9/slice5", "weight": 100},
      {"model": "minecraft:block/cake/10/slice5", "weight": 100},
      {"model": "minecraft:block/cake/11/slice5", "weight": 100},
      {"model": "minecraft:block/cake/12/slice5", "weight": 100},
      {"model": "minecraft:block/cake/13/slice5", "weight": 10}],

    "bites=6":
    [{"model": "minecraft:block/cake/1/slice6", "weight": 100},
      {"model": "minecraft:block/cake/2/slice6", "weight": 100},
      {"model": "minecraft:block/cake/3/slice6", "weight": 100},
      {"model": "minecraft:block/cake/4/slice6", "weight": 100},
      {"model": "minecraft:block/cake/5/slice6", "weight": 100},
      {"model": "minecraft:block/cake/6/slice6", "weight": 100},
      {"model": "minecraft:block/cake/7/slice6", "weight": 100},
      {"model": "minecraft:block/cake/8/slice6", "weight": 100},
      {"model": "minecraft:block/cake/9/slice6", "weight": 100},
      {"model": "minecraft:block/cake/10/slice6", "weight": 100},
      {"model": "minecraft:block/cake/11/slice6", "weight": 100},
      {"model": "minecraft:block/cake/12/slice6", "weight": 100},
      {"model": "minecraft:block/cake/13/slice6", "weight": 10}]

  }
}