{
  "variants": {
    "lit=false":
    [{"model": "minecraft:block/cake/1/candle/light_gray", "weight": 100},
      {"model": "minecraft:block/cake/2/candle/light_gray", "weight": 100},
      {"model": "minecraft:block/cake/3/candle/light_gray", "weight": 100},
      {"model": "minecraft:block/cake/4/candle/light_gray", "weight": 100},
      {"model": "minecraft:block/cake/5/candle/light_gray", "weight": 100},
      {"model": "minecraft:block/cake/6/candle/light_gray", "weight": 100},
      {"model": "minecraft:block/cake/7/candle/light_gray", "weight": 100},
      {"model": "minecraft:block/cake/8/candle/light_gray", "weight": 100},
      {"model": "minecraft:block/cake/9/candle/light_gray", "weight": 100},
      {"model": "minecraft:block/cake/10/candle/light_gray", "weight": 100},
      {"model": "minecraft:block/cake/11/candle/light_gray", "weight": 100},
      {"model": "minecraft:block/cake/12/candle/light_gray", "weight": 100},
      {"model": "minecraft:block/cake/13/candle/light_gray", "weight": 10}],
    
      "lit=true":
      [{"model": "minecraft:block/cake/1/candle/light_gray_lit", "weight": 100},
        {"model": "minecraft:block/cake/2/candle/light_gray_lit", "weight": 100},
        {"model": "minecraft:block/cake/3/candle/light_gray_lit", "weight": 100},
        {"model": "minecraft:block/cake/4/candle/light_gray_lit", "weight": 100},
        {"model": "minecraft:block/cake/5/candle/light_gray_lit", "weight": 100},
        {"model": "minecraft:block/cake/6/candle/light_gray_lit", "weight": 100},
        {"model": "minecraft:block/cake/7/candle/light_gray_lit", "weight": 100},
        {"model": "minecraft:block/cake/8/candle/light_gray_lit", "weight": 100},
        {"model": "minecraft:block/cake/9/candle/light_gray_lit", "weight": 100},
        {"model": "minecraft:block/cake/10/candle/light_gray_lit", "weight": 100},
        {"model": "minecraft:block/cake/11/candle/light_gray_lit", "weight": 100},
        {"model": "minecraft:block/cake/12/candle/light_gray_lit", "weight": 100},
        {"model": "minecraft:block/cake/13/candle/light_gray_lit", "weight": 10}]
  }
}