{
    "variants": {
        "": [
			{ "model": "block/potted_blue_orchid" },
            { "model": "block/potted_blue_orchid/1" },
			{ "model": "block/potted_blue_orchid/2" },
			{ "model": "block/potted_blue_orchid/3" },
            { "model": "block/potted_blue_orchid/4" },
            { "model": "block/potted_blue_orchid/5" },
            { "model": "block/potted_blue_orchid/6" },
            { "model": "block/potted_blue_orchid/7" },
            { "model": "block/potted_blue_orchid/8" },
            { "model": "block/potted_blue_orchid/9" },
            { "model": "block/potted_blue_orchid/10" },
            { "model": "block/potted_blue_orchid/11" },
            { "model": "block/potted_blue_orchid/12" },
            { "model": "block/potted_blue_orchid/13" },
            { "model": "block/potted_blue_orchid/14" },
            { "model": "block/potted_blue_orchid/15" },
            { "model": "block/potted_blue_orchid/16" },
            { "model": "block/potted_blue_orchid/17" },
            { "model": "block/potted_blue_orchid/18" },
            { "model": "block/potted_blue_orchid/19" }
        ]
    }
}
