{
	"credit": "Made with Blockbench by Howler",
	"parent": "block/block",
	"textures": {
		"0": "block/farmland",
		"1": "block/dirt",
		"particle": "block/dirt"
	},
	"elements": [
		{
			"name": "farmland_0",
			"from": [0, 14.5, 0],
			"to": [2, 15, 16],
			"faces": {
				"north": {"uv": [14.025, 1.025, 15.975, 1.475], "texture": "#1", "cullface": "north"},
				"east": {"uv": [1.525, 0.025, 1.975, 15.975], "rotation": 90, "texture": "#0"},
				"south": {"uv": [0.025, 1.025, 1.975, 1.475], "texture": "#1", "cullface": "south"},
				"west": {"uv": [0.025, 1.025, 15.975, 1.475], "texture": "#1", "cullface": "west"},
				"up": {"uv": [0.025, 0.025, 1.975, 15.975], "texture": "#0"}
			}
		},
		{
			"name": "farmland_1",
			"from": [6, 14.5, 0],
			"to": [10, 15, 4],
			"faces": {
				"north": {"uv": [6.025, 1.025, 9.975, 1.475], "texture": "#1", "cullface": "north"},
				"south": {"uv": [6.025, 3.525, 9.975, 3.975], "texture": "#0"},
				"west": {"uv": [6.025, 0.025, 6.475, 3.975], "rotation": 270, "texture": "#0"},
				"up": {"uv": [6.025, 0.025, 9.975, 3.975], "texture": "#0"}
			}
		},
		{
			"name": "farmland_2",
			"from": [13, 14.5, 0],
			"to": [16, 15, 2],
			"faces": {
				"north": {"uv": [0.025, 1.025, 2.975, 1.475], "texture": "#1", "cullface": "north"},
				"east": {"uv": [14.025, 1.025, 15.975, 1.475], "texture": "#1", "cullface": "east"},
				"south": {"uv": [13.025, 1.525, 15.975, 1.975], "texture": "#0"},
				"west": {"uv": [13.025, 0.025, 13.475, 1.975], "rotation": 270, "texture": "#0"},
				"up": {"uv": [13.025, 0.025, 15.975, 1.975], "texture": "#0"}
			}
		},
		{
			"name": "farmland_3",
			"from": [10, 14.5, 0.5],
			"to": [10.5, 15, 5.5],
			"faces": {
				"east": {"uv": [10.025, 0.525, 10.475, 5.475], "rotation": 90, "texture": "#0"},
				"south": {"uv": [10.025, 5.025, 10.475, 5.475], "texture": "#0"},
				"up": {"uv": [10.025, 0.525, 10.475, 5.475], "texture": "#0"}
			}
		},
		{
			"name": "farmland_4",
			"from": [2, 14.5, 1],
			"to": [2.5, 15, 3.5],
			"faces": {
				"north": {"uv": [2.475, 1.025, 2.025, 1.475], "texture": "#0"},
				"east": {"uv": [2.025, 1.025, 2.475, 3.475], "rotation": 90, "texture": "#0"},
				"south": {"uv": [2.025, 3.025, 2.475, 3.475], "texture": "#0"},
				"up": {"uv": [2.025, 1.025, 2.475, 3.475], "texture": "#0"}
			}
		},
		{
			"name": "farmland_5",
			"from": [3, 14.5, 0.5],
			"to": [5, 15, 1],
			"faces": {
				"east": {"uv": [4.525, 0.525, 4.95, 0.95], "texture": "#0"},
				"south": {"uv": [3.025, 0.525, 4.975, 0.975], "texture": "#0"},
				"west": {"uv": [3.025, 0.525, 3.475, 0.975], "texture": "#0"},
				"up": {"uv": [3.025, 0.525, 4.975, 0.975], "texture": "#0"}
			}
		},
		{
			"name": "farmland_6",
			"from": [2, 14.5, 0],
			"to": [6, 15, 0.5],
			"faces": {
				"north": {"uv": [10.025, 1.025, 13.975, 1.475], "texture": "#1", "cullface": "north"},
				"south": {"uv": [2.025, 0.025, 5.975, 0.475], "texture": "#0"},
				"up": {"uv": [2.025, 0.025, 5.975, 0.475], "texture": "#0"}
			}
		},
		{
			"name": "farmland_7",
			"from": [10, 14.5, 0],
			"to": [13, 15, 0.5],
			"faces": {
				"north": {"uv": [3.004, 1.004, 5.95, 1.45], "texture": "#1", "cullface": "north"},
				"south": {"uv": [10.025, 0.025, 12.975, 0.475], "texture": "#0"},
				"up": {"uv": [10.025, 0.025, 12.975, 0.475], "texture": "#0"}
			}
		},
		{
			"name": "farmland_8",
			"from": [11.5, 14.5, 0.5],
			"to": [12.5, 15, 1],
			"faces": {
				"east": {"uv": [12.004, 0.504, 12.45, 0.95], "texture": "#0"},
				"south": {"uv": [11.525, 0.525, 12.475, 0.975], "texture": "#0"},
				"west": {"uv": [11.525, 0.525, 11.975, 0.975], "texture": "#0"},
				"up": {"uv": [11.525, 0.525, 12.475, 0.975], "texture": "#0"}
			}
		},
		{
			"name": "farmland_6",
			"from": [5.5, 14.5, 1],
			"to": [6, 15, 3.5],
			"faces": {
				"north": {"uv": [5.975, 1.025, 5.525, 1.475], "texture": "#0"},
				"south": {"uv": [5.525, 3.025, 5.975, 3.475], "texture": "#0"},
				"west": {"uv": [5.525, 1.025, 5.975, 3.475], "rotation": 270, "texture": "#0"},
				"up": {"uv": [5.525, 1.025, 5.975, 3.475], "texture": "#0"}
			}
		},
		{
			"name": "farmland_7",
			"from": [10.5, 14.5, 1],
			"to": [11, 15, 5.5],
			"faces": {
				"north": {"uv": [10.975, 1.025, 10.525, 1.475], "texture": "#0"},
				"east": {"uv": [10.525, 1.025, 10.975, 5.475], "rotation": 90, "texture": "#0"},
				"south": {"uv": [10.525, 5.025, 10.975, 5.475], "texture": "#0"},
				"up": {"uv": [10.525, 1.025, 10.975, 5.475], "texture": "#0"}
			}
		},
		{
			"name": "farmland_8",
			"from": [4.5, 14.5, 1.5],
			"to": [5, 15, 2],
			"faces": {
				"north": {"uv": [4.525, 1.525, 4.975, 1.975], "texture": "#0"},
				"east": {"uv": [4.525, 1.525, 4.975, 1.975], "texture": "#0"},
				"south": {"uv": [4.525, 1.525, 4.975, 1.975], "texture": "#0"},
				"west": {"uv": [4.525, 1.525, 4.975, 1.975], "texture": "#0"},
				"up": {"uv": [4.525, 1.525, 4.975, 1.975], "texture": "#0"}
			}
		},
		{
			"name": "farmland_9",
			"from": [2.5, 14.5, 11],
			"to": [3, 15, 11.5],
			"faces": {
				"north": {"uv": [2.525, 11.025, 2.975, 11.475], "texture": "#0"},
				"east": {"uv": [2.525, 11.025, 2.975, 11.475], "texture": "#0"},
				"up": {"uv": [2.525, 11.025, 2.975, 11.475], "texture": "#0"}
			}
		},
		{
			"name": "farmland_10",
			"from": [2, 14.5, 10.5],
			"to": [2.5, 15, 11],
			"faces": {
				"north": {"uv": [2.025, 10.525, 2.475, 10.975], "texture": "#0"},
				"east": {"uv": [2.025, 10.525, 2.475, 10.975], "texture": "#0"},
				"up": {"uv": [2.025, 10.525, 2.475, 10.975], "texture": "#0"}
			}
		},
		{
			"name": "farmland_11",
			"from": [3.5, 14.5, 5],
			"to": [4, 15, 5.5],
			"faces": {
				"east": {"uv": [2.025, 10.525, 2.475, 10.975], "texture": "#0"},
				"south": {"uv": [2.025, 10.525, 2.475, 10.975], "texture": "#0"},
				"up": {"uv": [3.975, 5.025, 3.525, 5.475], "texture": "#0"}
			}
		},
		{
			"name": "farmland_11",
			"from": [12.5, 14.5, 12],
			"to": [13, 15, 12.5],
			"faces": {
				"north": {"uv": [12.525, 12.025, 12.975, 12.475], "texture": "#0"},
				"south": {"uv": [12.525, 12.025, 12.975, 12.475], "texture": "#0"},
				"west": {"uv": [12.525, 12.025, 12.975, 12.475], "texture": "#0"},
				"up": {"uv": [12.525, 12.025, 12.975, 12.475], "texture": "#0"}
			}
		},
		{
			"name": "farmland_12",
			"from": [10.5, 14.5, 15.5],
			"to": [13, 15, 16],
			"faces": {
				"north": {"uv": [10.525, 15.525, 12.975, 15.975], "texture": "#0"},
				"south": {"uv": [10.504, 1.004, 12.95, 1.45], "texture": "#1", "cullface": "south"},
				"up": {"uv": [10.525, 15.525, 12.975, 15.975], "texture": "#0"}
			}
		},
		{
			"name": "farmland_9",
			"from": [5, 14.5, 2],
			"to": [5.5, 15, 3],
			"faces": {
				"north": {"uv": [5.475, 2.025, 5.025, 2.475], "texture": "#0"},
				"south": {"uv": [5.025, 2.525, 5.475, 2.975], "texture": "#0"},
				"west": {"uv": [5.025, 2.025, 5.475, 2.975], "rotation": 270, "texture": "#0"},
				"up": {"uv": [5.025, 2.025, 5.475, 2.975], "texture": "#0"}
			}
		},
		{
			"name": "farmland_10",
			"from": [11, 14.5, 2],
			"to": [11.5, 15, 4],
			"faces": {
				"north": {"uv": [11.475, 2.025, 11.025, 2.475], "texture": "#0"},
				"east": {"uv": [11.025, 2.025, 11.475, 3.975], "rotation": 90, "texture": "#0"},
				"south": {"uv": [11.025, 3.525, 11.475, 3.975], "texture": "#0"},
				"up": {"uv": [11.025, 2.025, 11.475, 3.975], "texture": "#0"}
			}
		},
		{
			"name": "farmland_11",
			"from": [13.5, 14.5, 2],
			"to": [16, 15, 3],
			"faces": {
				"east": {"uv": [13.025, 1.025, 13.975, 1.475], "texture": "#1", "cullface": "east"},
				"south": {"uv": [13.525, 2.525, 15.975, 2.975], "texture": "#0"},
				"west": {"uv": [13.525, 2.025, 13.975, 2.975], "rotation": 270, "texture": "#0"},
				"up": {"uv": [13.525, 2.025, 15.975, 2.975], "texture": "#0"}
			}
		},
		{
			"name": "farmland_12",
			"from": [2.5, 14.5, 2.5],
			"to": [3, 15, 3],
			"faces": {
				"north": {"uv": [2.975, 2.525, 2.525, 2.975], "texture": "#0"},
				"east": {"uv": [2.525, 2.525, 2.975, 2.975], "rotation": 90, "texture": "#0"},
				"south": {"uv": [2.525, 2.525, 2.975, 2.975], "texture": "#0"},
				"up": {"uv": [2.525, 2.525, 2.975, 2.975], "texture": "#0"}
			}
		},
		{
			"name": "farmland_13",
			"from": [14, 14.5, 3],
			"to": [16, 15, 16],
			"faces": {
				"east": {"uv": [0.025, 1.025, 12.975, 1.475], "texture": "#1", "cullface": "east"},
				"south": {"uv": [14.025, 1.025, 15.975, 1.475], "texture": "#1", "cullface": "south"},
				"west": {"uv": [14.025, 3.025, 14.475, 15.975], "rotation": 270, "texture": "#0"},
				"up": {"uv": [14.025, 3.025, 15.975, 15.975], "texture": "#0"}
			}
		},
		{
			"name": "farmland_14",
			"from": [13.5, 14.5, 3.5],
			"to": [14, 15, 4],
			"faces": {
				"north": {"uv": [13.975, 3.525, 13.525, 3.975], "texture": "#0"},
				"south": {"uv": [13.525, 3.525, 13.975, 3.975], "texture": "#0"},
				"west": {"uv": [13.525, 3.525, 13.975, 3.975], "rotation": 270, "texture": "#0"},
				"up": {"uv": [13.525, 3.525, 13.975, 3.975], "texture": "#0"}
			}
		},
		{
			"name": "farmland_15",
			"from": [2, 14.5, 4],
			"to": [2.5, 15, 4.5],
			"faces": {
				"north": {"uv": [2.475, 4.025, 2.025, 4.475], "texture": "#0"},
				"east": {"uv": [2.025, 4.025, 2.475, 4.475], "rotation": 90, "texture": "#0"},
				"south": {"uv": [2.025, 4.025, 2.475, 4.475], "texture": "#0"},
				"up": {"uv": [2.025, 4.025, 2.475, 4.475], "texture": "#0"}
			}
		},
		{
			"name": "farmland_16",
			"from": [3, 14.5, 4],
			"to": [4, 15, 5],
			"faces": {
				"north": {"uv": [3.975, 4.025, 3.025, 4.475], "texture": "#0"},
				"east": {"uv": [3.525, 4.025, 3.975, 4.975], "rotation": 90, "texture": "#0"},
				"west": {"uv": [3.025, 4.025, 3.475, 4.975], "rotation": 270, "texture": "#0"},
				"up": {"uv": [3.025, 4.025, 3.975, 4.975], "texture": "#0"}
			}
		},
		{
			"name": "farmland_17",
			"from": [6.5, 14.5, 4],
			"to": [10, 15, 7.5],
			"faces": {
				"east": {"uv": [9.525, 4.025, 9.975, 7.475], "rotation": 90, "texture": "#0"},
				"south": {"uv": [6.525, 7.025, 9.975, 7.475], "texture": "#0"},
				"west": {"uv": [6.525, 4.025, 6.975, 7.475], "rotation": 270, "texture": "#0"},
				"up": {"uv": [6.525, 4.025, 9.975, 7.475], "texture": "#0"}
			}
		},
		{
			"name": "farmland_18",
			"from": [2.5, 14.5, 4.5],
			"to": [3, 15, 5.5],
			"faces": {
				"north": {"uv": [2.975, 4.525, 2.525, 4.975], "texture": "#0"},
				"south": {"uv": [2.525, 5.025, 2.975, 5.475], "texture": "#0"},
				"west": {"uv": [2.525, 4.525, 2.975, 5.475], "rotation": 270, "texture": "#0"},
				"up": {"uv": [2.525, 4.525, 2.975, 5.475], "texture": "#0"}
			}
		},
		{
			"name": "farmland_19",
			"from": [3, 14.5, 5],
			"to": [3.5, 15, 5.5],
			"faces": {
				"south": {"uv": [3.025, 5.025, 3.475, 5.475], "texture": "#0"},
				"up": {"uv": [3.025, 5.025, 3.475, 5.475], "texture": "#0"}
			}
		},
		{
			"name": "farmland_20",
			"from": [6, 14.5, 5],
			"to": [6.5, 15, 16],
			"faces": {
				"north": {"uv": [6.475, 5.025, 6.025, 5.475], "texture": "#0"},
				"south": {"uv": [6.025, 1.025, 6.475, 1.475], "texture": "#1", "cullface": "south"},
				"west": {"uv": [6.025, 5.025, 6.475, 15.975], "rotation": 270, "texture": "#0"},
				"up": {"uv": [6.025, 5.025, 6.475, 15.975], "texture": "#0"}
			}
		},
		{
			"name": "farmland_21",
			"from": [12.5, 14.5, 5.5],
			"to": [13, 15, 6.5],
			"faces": {
				"north": {"uv": [12.975, 5.525, 12.525, 5.975], "texture": "#0"},
				"east": {"uv": [12.525, 5.525, 12.975, 6.475], "rotation": 90, "texture": "#0"},
				"south": {"uv": [12.525, 6.025, 12.975, 6.475], "texture": "#0"},
				"west": {"uv": [12.525, 5.525, 12.975, 6.475], "rotation": 270, "texture": "#0"},
				"up": {"uv": [12.525, 5.525, 12.975, 6.475], "texture": "#0"}
			}
		},
		{
			"name": "farmland_22",
			"from": [2, 14.5, 6],
			"to": [3, 15, 8.5],
			"faces": {
				"north": {"uv": [2.975, 6.025, 2.025, 6.475], "texture": "#0"},
				"east": {"uv": [2.525, 6.025, 2.975, 8.475], "rotation": 90, "texture": "#0"},
				"south": {"uv": [2.025, 8.025, 2.975, 8.475], "texture": "#0"},
				"up": {"uv": [2.025, 6.025, 2.975, 8.475], "texture": "#0"}
			}
		},
		{
			"name": "farmland_23",
			"from": [5.5, 14.5, 6],
			"to": [6, 15, 10],
			"faces": {
				"north": {"uv": [5.975, 6.025, 5.525, 6.475], "texture": "#0"},
				"south": {"uv": [5.525, 9.525, 5.975, 9.975], "texture": "#0"},
				"west": {"uv": [5.525, 6.025, 5.975, 9.975], "rotation": 270, "texture": "#0"},
				"up": {"uv": [5.525, 6.025, 5.975, 9.975], "texture": "#0"}
			}
		},
		{
			"name": "farmland_24",
			"from": [10, 14.5, 6],
			"to": [10.5, 15, 8],
			"faces": {
				"north": {"uv": [10.475, 6.025, 10.025, 6.475], "texture": "#0"},
				"east": {"uv": [10.025, 6.025, 10.475, 7.975], "rotation": 90, "texture": "#0"},
				"south": {"uv": [10.025, 7.525, 10.475, 7.975], "texture": "#0"},
				"west": {"uv": [10.025, 6.025, 10.475, 7.975], "rotation": 270, "texture": "#0"},
				"up": {"uv": [10.025, 6.025, 10.475, 7.975], "texture": "#0"}
			}
		},
		{
			"name": "farmland_25",
			"from": [12, 14.5, 6],
			"to": [12.5, 15, 7],
			"faces": {
				"north": {"uv": [12.475, 6.025, 12.025, 6.475], "texture": "#0"},
				"east": {"uv": [12.025, 6.025, 12.475, 6.975], "rotation": 90, "texture": "#0"},
				"south": {"uv": [12.025, 6.525, 12.475, 6.975], "texture": "#0"},
				"west": {"uv": [12.025, 6.025, 12.475, 6.975], "rotation": 270, "texture": "#0"},
				"up": {"uv": [12.025, 6.025, 12.475, 6.975], "texture": "#0"}
			}
		},
		{
			"name": "farmland_26",
			"from": [13.5, 14.5, 6],
			"to": [14, 15, 9.5],
			"faces": {
				"north": {"uv": [13.975, 6.025, 13.525, 6.475], "texture": "#0"},
				"south": {"uv": [13.525, 9.025, 13.975, 9.475], "texture": "#0"},
				"west": {"uv": [13.525, 6.025, 13.975, 9.475], "rotation": 270, "texture": "#0"},
				"up": {"uv": [13.525, 6.025, 13.975, 9.475], "texture": "#0"}
			}
		},
		{
			"name": "farmland_27",
			"from": [10.5, 14.5, 6.5],
			"to": [11, 15, 8.5],
			"faces": {
				"north": {"uv": [10.975, 6.525, 10.525, 6.975], "texture": "#0"},
				"east": {"uv": [10.525, 6.525, 10.975, 8.475], "rotation": 90, "texture": "#0"},
				"south": {"uv": [10.525, 8.025, 10.975, 8.475], "texture": "#0"},
				"west": {"uv": [10.525, 6.525, 10.975, 8.475], "rotation": 270, "texture": "#0"},
				"up": {"uv": [10.525, 6.525, 10.975, 8.475], "texture": "#0"}
			}
		},
		{
			"name": "farmland_28",
			"from": [13, 14.5, 7],
			"to": [13.5, 15, 7.5],
			"faces": {
				"north": {"uv": [13.475, 7.025, 13.025, 7.475], "texture": "#0"},
				"south": {"uv": [13.025, 7.025, 13.475, 7.475], "texture": "#0"},
				"west": {"uv": [13.025, 7.025, 13.475, 7.475], "rotation": 270, "texture": "#0"},
				"up": {"uv": [13.025, 7.025, 13.475, 7.475], "texture": "#0"}
			}
		},
		{
			"name": "farmland_29",
			"from": [5, 14.5, 7.5],
			"to": [5.5, 15, 9],
			"faces": {
				"north": {"uv": [5.475, 7.525, 5.025, 7.975], "texture": "#0"},
				"south": {"uv": [5.025, 8.525, 5.475, 8.975], "texture": "#0"},
				"west": {"uv": [5.025, 7.525, 5.475, 8.975], "rotation": 270, "texture": "#0"},
				"up": {"uv": [5.025, 7.525, 5.475, 8.975], "texture": "#0"}
			}
		},
		{
			"name": "farmland_30",
			"from": [6.5, 14.5, 7.5],
			"to": [9, 15, 16],
			"faces": {
				"east": {"uv": [8.525, 7.525, 8.975, 15.975], "rotation": 90, "texture": "#0"},
				"south": {"uv": [6.525, 1.025, 8.975, 1.475], "texture": "#1", "cullface": "south"},
				"up": {"uv": [6.525, 7.525, 8.975, 15.975], "texture": "#0"}
			}
		},
		{
			"name": "farmland_31",
			"from": [9, 14.5, 7.5],
			"to": [9.5, 15, 8.5],
			"faces": {
				"east": {"uv": [9.025, 7.525, 9.475, 8.475], "rotation": 90, "texture": "#0"},
				"south": {"uv": [9.025, 8.025, 9.475, 8.475], "texture": "#0"},
				"up": {"uv": [9.025, 7.525, 9.475, 8.475], "texture": "#0"}
			}
		},
		{
			"name": "farmland_32",
			"from": [12.5, 14.5, 8],
			"to": [13, 15, 9],
			"faces": {
				"north": {"uv": [12.975, 8.025, 12.525, 8.475], "texture": "#0"},
				"east": {"uv": [12.525, 8.025, 12.975, 8.975], "rotation": 90, "texture": "#0"},
				"south": {"uv": [12.525, 8.525, 12.975, 8.975], "texture": "#0"},
				"west": {"uv": [12.525, 8.025, 12.975, 8.975], "rotation": 270, "texture": "#0"},
				"up": {"uv": [12.525, 8.025, 12.975, 8.975], "texture": "#0"}
			}
		},
		{
			"name": "farmland_33",
			"from": [2, 14.5, 8.5],
			"to": [2.5, 15, 10],
			"faces": {
				"east": {"uv": [2.025, 8.525, 2.475, 9.975], "rotation": 90, "texture": "#0"},
				"south": {"uv": [2.025, 9.525, 2.475, 9.975], "texture": "#0"},
				"up": {"uv": [2.025, 8.525, 2.475, 9.975], "texture": "#0"}
			}
		},
		{
			"name": "farmland_34",
			"from": [13, 14.5, 8.5],
			"to": [13.5, 15, 10],
			"faces": {
				"north": {"uv": [13.475, 8.525, 13.025, 8.975], "texture": "#0"},
				"east": {"uv": [13.025, 8.525, 13.475, 9.975], "rotation": 90, "texture": "#0"},
				"south": {"uv": [13.025, 9.525, 13.475, 9.975], "texture": "#0"},
				"west": {"uv": [13.025, 8.525, 13.475, 9.975], "rotation": 270, "texture": "#0"},
				"up": {"uv": [13.025, 8.525, 13.475, 9.975], "texture": "#0"}
			}
		},
		{
			"name": "farmland_35",
			"from": [2.5, 14.5, 9],
			"to": [3, 15, 10],
			"faces": {
				"north": {"uv": [2.975, 9.025, 2.525, 9.475], "texture": "#0"},
				"east": {"uv": [2.525, 9.025, 2.975, 9.975], "rotation": 90, "texture": "#0"},
				"south": {"uv": [2.525, 9.525, 2.975, 9.975], "texture": "#0"},
				"up": {"uv": [2.525, 9.025, 2.975, 9.975], "texture": "#0"}
			}
		},
		{
			"name": "farmland_36",
			"from": [9, 14.5, 9],
			"to": [10, 15, 16],
			"faces": {
				"north": {"uv": [9.975, 9.025, 9.025, 9.475], "texture": "#0"},
				"east": {"uv": [9.525, 9.025, 9.975, 15.975], "rotation": 90, "texture": "#0"},
				"south": {"uv": [9.025, 1.025, 9.975, 1.475], "texture": "#1", "cullface": "south"},
				"up": {"uv": [9.025, 9.025, 9.975, 15.975], "texture": "#0"}
			}
		},
		{
			"name": "farmland_37",
			"from": [10, 14.5, 10],
			"to": [10.5, 15, 16],
			"faces": {
				"north": {"uv": [10.475, 10.025, 10.025, 10.475], "texture": "#0"},
				"east": {"uv": [10.025, 10.025, 10.475, 15.975], "rotation": 90, "texture": "#0"},
				"south": {"uv": [10.025, 1.025, 10.475, 1.475], "texture": "#1", "cullface": "south"},
				"up": {"uv": [10.025, 10.025, 10.475, 15.975], "texture": "#0"}
			}
		},
		{
			"name": "farmland_38",
			"from": [4.5, 14.5, 10.5],
			"to": [5, 15, 12],
			"faces": {
				"north": {"uv": [4.975, 10.525, 4.525, 10.975], "texture": "#0"},
				"east": {"uv": [4.525, 10.525, 4.975, 11.975], "rotation": 90, "texture": "#0"},
				"south": {"uv": [4.525, 11.525, 4.975, 11.975], "texture": "#0"},
				"west": {"uv": [4.525, 10.525, 4.975, 11.975], "rotation": 270, "texture": "#0"},
				"up": {"uv": [4.525, 10.525, 4.975, 11.975], "texture": "#0"}
			}
		},
		{
			"name": "farmland_39",
			"from": [5.5, 14.5, 10.5],
			"to": [6, 15, 15.5],
			"faces": {
				"north": {"uv": [5.975, 10.525, 5.525, 10.975], "texture": "#0"},
				"west": {"uv": [5.525, 10.525, 5.975, 15.475], "rotation": 270, "texture": "#0"},
				"up": {"uv": [5.525, 10.525, 5.975, 15.475], "texture": "#0"}
			}
		},
		{
			"name": "farmland_40",
			"from": [2, 14.5, 11],
			"to": [2.5, 15, 12],
			"faces": {
				"south": {"uv": [2.025, 11.525, 2.475, 11.975], "texture": "#0"},
				"up": {"uv": [2.025, 11.025, 2.475, 11.975], "texture": "#0"}
			}
		},
		{
			"name": "farmland_41",
			"from": [4, 14.5, 11],
			"to": [4.5, 15, 11.5],
			"faces": {
				"north": {"uv": [4.475, 11.025, 4.025, 11.475], "texture": "#0"},
				"south": {"uv": [4.025, 11.025, 4.475, 11.475], "texture": "#0"},
				"west": {"uv": [4.025, 11.025, 4.475, 11.475], "rotation": 270, "texture": "#0"},
				"up": {"uv": [4.025, 11.025, 4.475, 11.475], "texture": "#0"}
			}
		},
		{
			"name": "farmland_42",
			"from": [5, 14.5, 11],
			"to": [5.5, 15, 12],
			"faces": {
				"north": {"uv": [5.475, 11.025, 5.025, 11.475], "texture": "#0"},
				"south": {"uv": [5.025, 11.525, 5.475, 11.975], "texture": "#0"},
				"up": {"uv": [5.025, 11.025, 5.475, 11.975], "texture": "#0"}
			}
		},
		{
			"name": "farmland_43",
			"from": [2.5, 14.5, 11.5],
			"to": [3, 15, 12],
			"faces": {
				"east": {"uv": [2.525, 11.525, 2.975, 11.975], "rotation": 90, "texture": "#0"},
				"south": {"uv": [2.525, 11.525, 2.975, 11.975], "texture": "#0"},
				"up": {"uv": [2.525, 11.525, 2.975, 11.975], "texture": "#0"}
			}
		},
		{
			"name": "farmland_44",
			"from": [2, 14.5, 15.5],
			"to": [6, 15, 16],
			"faces": {
				"north": {"uv": [5.975, 15.525, 2.025, 15.975], "texture": "#0"},
				"south": {"uv": [2.004, 1.004, 5.95, 1.45], "texture": "#1", "cullface": "south"},
				"up": {"uv": [2.025, 15.525, 5.975, 15.975], "texture": "#0"}
			}
		},
		{
			"name": "farmland_45",
			"from": [3.5, 14.5, 15],
			"to": [5, 15, 15.5],
			"faces": {
				"north": {"uv": [4.975, 15.025, 3.525, 15.475], "texture": "#0"},
				"east": {"uv": [4.525, 15.025, 4.975, 15.475], "rotation": 90, "texture": "#0"},
				"west": {"uv": [3.525, 15.025, 3.975, 15.475], "texture": "#0"},
				"up": {"uv": [3.525, 15.025, 4.975, 15.475], "texture": "#0"}
			}
		},
		{
			"name": "farmland_44",
			"from": [10.5, 14.5, 11.5],
			"to": [11, 15, 12],
			"faces": {
				"north": {"uv": [10.975, 11.525, 10.525, 11.975], "texture": "#0"},
				"east": {"uv": [10.525, 11.525, 10.975, 11.975], "rotation": 90, "texture": "#0"},
				"south": {"uv": [10.525, 11.525, 10.975, 11.975], "texture": "#0"},
				"up": {"uv": [10.525, 11.525, 10.975, 11.975], "texture": "#0"}
			}
		},
		{
			"name": "farmland_45",
			"from": [13.5, 14.5, 11.5],
			"to": [14, 15, 16],
			"faces": {
				"north": {"uv": [13.975, 11.525, 13.525, 11.975], "texture": "#0"},
				"south": {"uv": [13.525, 1.025, 13.975, 1.475], "texture": "#1", "cullface": "south"},
				"west": {"uv": [13.525, 11.525, 13.975, 15.975], "rotation": 270, "texture": "#0"},
				"up": {"uv": [13.525, 11.525, 13.975, 15.975], "texture": "#0"}
			}
		},
		{
			"name": "farmland_46",
			"from": [13, 14.5, 12],
			"to": [13.5, 15, 16],
			"faces": {
				"north": {"uv": [13.475, 12.025, 13.025, 12.475], "texture": "#0"},
				"south": {"uv": [13.025, 1.025, 13.475, 1.475], "texture": "#1", "cullface": "south"},
				"west": {"uv": [13.025, 12.025, 13.475, 15.975], "rotation": 270, "texture": "#0"},
				"up": {"uv": [13.025, 12.025, 13.475, 15.975], "texture": "#0"}
			}
		},
		{
			"name": "farmland_47",
			"from": [2, 14.5, 12.5],
			"to": [2.5, 15, 15.5],
			"faces": {
				"north": {"uv": [2.475, 12.525, 2.025, 12.975], "texture": "#0"},
				"east": {"uv": [2.025, 12.525, 2.475, 15.475], "rotation": 90, "texture": "#0"},
				"up": {"uv": [2.025, 12.525, 2.475, 15.475], "texture": "#0"}
			}
		},
		{
			"name": "farmland_48",
			"from": [5, 14.5, 12.5],
			"to": [5.5, 15, 14.5],
			"faces": {
				"north": {"uv": [5.475, 12.525, 5.025, 12.975], "texture": "#0"},
				"south": {"uv": [5.025, 14.025, 5.475, 14.475], "texture": "#0"},
				"west": {"uv": [5.025, 12.525, 5.475, 14.475], "rotation": 270, "texture": "#0"},
				"up": {"uv": [5.025, 12.525, 5.475, 14.475], "texture": "#0"}
			}
		},
		{
			"name": "farmland_49",
			"from": [10.5, 14.5, 12.5],
			"to": [11, 15, 15.5],
			"faces": {
				"north": {"uv": [10.975, 12.525, 10.525, 12.975], "texture": "#0"},
				"east": {"uv": [10.525, 12.525, 10.975, 15.475], "rotation": 90, "texture": "#0"},
				"up": {"uv": [10.525, 12.525, 10.975, 15.475], "texture": "#0"}
			}
		},
		{
			"name": "farmland_50",
			"from": [2.5, 14.5, 13.5],
			"to": [3, 15, 15],
			"faces": {
				"north": {"uv": [2.975, 13.525, 2.525, 13.975], "texture": "#0"},
				"east": {"uv": [2.525, 13.525, 2.975, 14.975], "rotation": 90, "texture": "#0"},
				"south": {"uv": [2.525, 14.525, 2.975, 14.975], "texture": "#0"},
				"up": {"uv": [2.525, 13.525, 2.975, 14.975], "texture": "#0"}
			}
		},
		{
			"name": "farmland_51",
			"from": [11, 14.5, 13.5],
			"to": [11.5, 15, 14],
			"faces": {
				"north": {"uv": [11.475, 13.525, 11.025, 13.975], "texture": "#0"},
				"east": {"uv": [11.025, 13.525, 11.475, 13.975], "rotation": 90, "texture": "#0"},
				"south": {"uv": [11.025, 13.525, 11.475, 13.975], "texture": "#0"},
				"up": {"uv": [11.025, 13.525, 11.475, 13.975], "texture": "#0"}
			}
		},
		{
			"name": "farmland_52",
			"from": [11.5, 14.5, 15],
			"to": [12, 15, 15.5],
			"faces": {
				"north": {"uv": [11.525, 15.025, 11.95, 15.45], "texture": "#0"},
				"east": {"uv": [11.525, 15.025, 11.95, 15.45], "texture": "#0"},
				"west": {"uv": [11.525, 15.025, 11.95, 15.45], "texture": "#0"},
				"up": {"uv": [11.525, 15.025, 11.95, 15.45], "texture": "#0"}
			}
		},
		{
			"name": "farmland_52",
			"from": [12.5, 14.5, 14],
			"to": [13, 15, 15.5],
			"faces": {
				"north": {"uv": [12.975, 14.025, 12.525, 14.475], "texture": "#0"},
				"west": {"uv": [12.525, 14.025, 12.975, 15.475], "rotation": 270, "texture": "#0"},
				"up": {"uv": [12.525, 14.025, 12.975, 15.475], "texture": "#0"}
			}
		},
		{
			"from": [0, 0, 0],
			"to": [16, 14.5, 16],
			"faces": {
				"north": {"uv": [0.025, 1.525, 15.975, 15.975], "texture": "#1", "cullface": "north"},
				"east": {"uv": [0.025, 1.525, 15.975, 15.975], "texture": "#1", "cullface": "east"},
				"south": {"uv": [0.025, 1.525, 15.975, 15.975], "texture": "#1", "cullface": "south"},
				"west": {"uv": [0.025, 1.525, 15.975, 15.975], "texture": "#1", "cullface": "west"},
				"up": {"uv": [0.025, 0.025, 15.975, 15.975], "texture": "#0"},
				"down": {"uv": [0.025, 0.025, 15.975, 15.975], "texture": "#1", "cullface": "down"}
			}
		}
	],
	"groups": [
		{
			"name": "farmland",
			"origin": [8, 8, 8],
			"children": [0, 1, 2, 3, 4, 5, 6, 7, 8, 9, 10, 11, 12, 13, 14, 15, 16, 17, 18, 19, 20, 21, 22, 23, 24, 25, 26, 27, 28, 29, 30, 31, 32, 33, 34, 35, 36, 37, 38, 39, 40, 41, 42, 43, 44, 45, 46, 47, 48, 49, 50, 51, 52, 53, 54, 55, 56, 57, 58, 59, 60, 61, 62, 63]
		}, 64]
}