{
	"credit": "Made with Blockbench",
	"parent": "block/block",
	"texture_size": [64, 64],
	"textures": {
		"0": "block/fence/bamboo",
		"particle": "block/break/fence/bamboo"
	},
	"elements": [
		{
			"name": "top bar",
			"from": [0, 12, 6.5],
			"to": [5, 15, 9.5],
			"rotation": {"angle": 0, "axis": "y", "origin": [8, 0, 8]},
			"faces": {
				"north": {"uv": [9, 10, 6.5, 11.5], "texture": "#0"},
				"south": {"uv": [6.5, 9.75, 9, 8.25], "texture": "#0"},
				"west": {"uv": [4.75, 8.25, 3.25, 9.75], "texture": "#0"},
				"up": {"uv": [6.5, 9.75, 9, 8.25], "texture": "#0"},
				"down": {"uv": [9, 11.75, 6.5, 13.25], "rotation": 180, "texture": "#0"}
			}
		},
		{
			"name": "top bar",
			"from": [11, 12, 6.5],
			"to": [16, 15, 9.5],
			"rotation": {"angle": 0, "axis": "y", "origin": [8, 0, 8]},
			"faces": {
				"north": {"uv": [2.5, 10, 0, 11.5], "texture": "#0"},
				"east": {"uv": [4.75, 8.25, 3.25, 9.75], "texture": "#0"},
				"south": {"uv": [0, 15, 2.5, 13.5], "texture": "#0"},
				"up": {"uv": [2.5, 8.25, 0, 9.75], "rotation": 180, "texture": "#0"},
				"down": {"uv": [0, 13.25, 2.5, 11.75], "texture": "#0"}
			}
		},
		{
			"name": "lower bar",
			"from": [11, 6, 6.5],
			"to": [16, 9, 9.5],
			"rotation": {"angle": 0, "axis": "y", "origin": [8, 0, 8]},
			"faces": {
				"north": {"uv": [2.5, 13.5, 0, 15], "texture": "#0"},
				"east": {"uv": [4.75, 8.25, 3.25, 9.75], "texture": "#0"},
				"south": {"uv": [0, 11.5, 2.5, 10], "texture": "#0"},
				"up": {"uv": [2.5, 11.75, 0, 13.25], "rotation": 180, "texture": "#0"},
				"down": {"uv": [0, 9.75, 2.5, 8.25], "texture": "#0"}
			}
		},
		{
			"name": "lower bar",
			"from": [0, 6, 6.5],
			"to": [5, 9, 9.5],
			"rotation": {"angle": 0, "axis": "y", "origin": [8, 0, 8]},
			"faces": {
				"north": {"uv": [9, 13.5, 6.5, 15], "texture": "#0"},
				"south": {"uv": [6.5, 11.5, 9, 10], "texture": "#0"},
				"west": {"uv": [4.75, 8.25, 3.25, 9.75], "texture": "#0"},
				"up": {"uv": [6.5, 13.25, 9, 11.75], "texture": "#0"},
				"down": {"uv": [9, 8.25, 6.5, 9.75], "rotation": 180, "texture": "#0"}
			}
		},
		{
			"name": "bar",
			"from": [8, 5, 6.5],
			"to": [11, 16, 9.5],
			"faces": {
				"north": {"uv": [11.25, 10.25, 12.75, 15.75], "texture": "#0"},
				"east": {"uv": [14.5, 10.25, 16, 15.75], "texture": "#0"},
				"south": {"uv": [9.5, 10.25, 11, 15.75], "texture": "#0"},
				"west": {"uv": [13, 10.25, 14.5, 15.75], "texture": "#0"},
				"up": {"uv": [3.25, 8.25, 4.75, 9.75], "texture": "#0"},
				"down": {"uv": [3.25, 8.25, 4.75, 9.75], "texture": "#0"}
			}
		},
		{
			"name": "bar",
			"from": [5, 5, 6.5],
			"to": [8, 16, 9.5],
			"faces": {
				"north": {"uv": [9.5, 4.5, 11, 10], "texture": "#0"},
				"east": {"uv": [13, 4.5, 14.5, 10], "texture": "#0"},
				"south": {"uv": [11.25, 4.5, 12.75, 10], "texture": "#0"},
				"west": {"uv": [14.5, 4.5, 16, 10], "texture": "#0"},
				"up": {"uv": [3.25, 8.25, 4.75, 9.75], "texture": "#0"},
				"down": {"uv": [3.25, 8.25, 4.75, 9.75], "texture": "#0"}
			}
		},
		{
			"from": [12, 9, 7.85],
			"to": [12.5, 12, 7.95],
			"rotation": {"angle": 0, "axis": "y", "origin": [16, 0, 0]},
			"faces": {
				"north": {"uv": [14, 0.25, 14.25, 1.75], "texture": "#0"},
				"east": {"uv": [14.25, 0.25, 14, 1.75], "texture": "#0"},
				"south": {"uv": [14.25, 0.25, 14, 1.75], "texture": "#0"},
				"west": {"uv": [14.25, 0.25, 14, 1.75], "texture": "#0"}
			}
		},
		{
			"from": [13, 9, 7.85],
			"to": [13.5, 12, 7.95],
			"rotation": {"angle": 0, "axis": "y", "origin": [16, 0, 0]},
			"faces": {
				"north": {"uv": [14.75, 0.25, 14.5, 1.75], "texture": "#0"},
				"east": {"uv": [14.5, 0.25, 14.75, 1.75], "texture": "#0"},
				"south": {"uv": [14.5, 0.25, 14.75, 1.75], "texture": "#0"},
				"west": {"uv": [14.5, 0.25, 14.75, 1.75], "texture": "#0"}
			}
		},
		{
			"from": [14, 9, 7.85],
			"to": [14.5, 12, 7.95],
			"rotation": {"angle": 0, "axis": "y", "origin": [16, 0, 0]},
			"faces": {
				"north": {"uv": [15.25, 0.25, 15, 1.75], "texture": "#0"},
				"east": {"uv": [15, 0.25, 15.25, 1.75], "texture": "#0"},
				"south": {"uv": [15, 0.25, 15.25, 1.75], "texture": "#0"},
				"west": {"uv": [15, 0.25, 15.25, 1.75], "texture": "#0"}
			}
		},
		{
			"from": [15, 9, 7.85],
			"to": [15.5, 12, 7.95],
			"rotation": {"angle": 0, "axis": "y", "origin": [16, 0, 0]},
			"faces": {
				"north": {"uv": [15.75, 0.25, 15.5, 1.75], "texture": "#0"},
				"east": {"uv": [15.5, 0.25, 15.75, 1.75], "texture": "#0"},
				"south": {"uv": [15.5, 0.25, 15.75, 1.75], "texture": "#0"},
				"west": {"uv": [15.5, 0.25, 15.75, 1.75], "texture": "#0"}
			}
		},
		{
			"from": [11, 11.5, 7.95],
			"to": [16, 12, 8.05],
			"rotation": {"angle": 0, "axis": "y", "origin": [16, 0, 0]},
			"faces": {
				"north": {"uv": [16, 0.25, 13.5, 0.5], "texture": "#0"},
				"east": {"uv": [15.75, 0.25, 16, 0.5], "texture": "#0"},
				"south": {"uv": [13.5, 0.25, 16, 0.5], "texture": "#0"},
				"down": {"uv": [13.5, 0.5, 16, 0.25], "texture": "#0"}
			}
		},
		{
			"from": [11, 10.5, 7.95],
			"to": [16, 11, 8.05],
			"rotation": {"angle": 0, "axis": "y", "origin": [16, 0, 0]},
			"faces": {
				"north": {"uv": [16, 0.75, 13.5, 1], "texture": "#0"},
				"east": {"uv": [15.75, 1, 16, 0.75], "texture": "#0"},
				"south": {"uv": [13.5, 0.75, 16, 1], "texture": "#0"},
				"up": {"uv": [16, 1, 13.5, 0.75], "rotation": 180, "texture": "#0"},
				"down": {"uv": [13.5, 1, 16, 0.75], "texture": "#0"}
			}
		},
		{
			"from": [11, 9, 7.95],
			"to": [16, 10, 8.05],
			"rotation": {"angle": 0, "axis": "y", "origin": [16, 0, 0]},
			"faces": {
				"north": {"uv": [16, 1.25, 13.5, 1.75], "texture": "#0"},
				"east": {"uv": [16, 1.25, 15.75, 1.75], "texture": "#0"},
				"south": {"uv": [13.5, 1.25, 16, 1.75], "texture": "#0"},
				"up": {"uv": [16, 1.5, 13.5, 1.25], "rotation": 180, "texture": "#0"}
			}
		},
		{
			"from": [11, 9, 7.85],
			"to": [11.5, 12, 7.95],
			"rotation": {"angle": 0, "axis": "y", "origin": [16, 0, 0]},
			"faces": {
				"north": {"uv": [13.5, 0.25, 13.75, 1.75], "texture": "#0"},
				"east": {"uv": [13.75, 0.25, 13.5, 1.75], "texture": "#0"},
				"south": {"uv": [13.75, 0.25, 13.5, 1.75], "texture": "#0"}
			}
		},
		{
			"from": [3, 9, 7.85],
			"to": [3.5, 12, 7.95],
			"rotation": {"angle": 0, "axis": "y", "origin": [0, 0, 16]},
			"faces": {
				"north": {"uv": [15.25, 2, 15, 3.5], "texture": "#0"},
				"east": {"uv": [15, 2, 15.25, 3.5], "texture": "#0"},
				"south": {"uv": [15, 2, 15.25, 3.5], "texture": "#0"},
				"west": {"uv": [15, 2, 15.25, 3.5], "texture": "#0"}
			}
		},
		{
			"from": [2, 9, 7.85],
			"to": [2.5, 12, 7.95],
			"rotation": {"angle": 0, "axis": "y", "origin": [0, 0, 16]},
			"faces": {
				"north": {"uv": [14.75, 2, 14.5, 3.5], "texture": "#0"},
				"east": {"uv": [14.5, 2, 14.75, 3.5], "texture": "#0"},
				"south": {"uv": [14.5, 2, 14.75, 3.5], "texture": "#0"},
				"west": {"uv": [14.5, 2, 14.75, 3.5], "texture": "#0"}
			}
		},
		{
			"from": [1, 9, 7.85],
			"to": [1.5, 12, 7.95],
			"rotation": {"angle": 0, "axis": "y", "origin": [0, 0, 16]},
			"faces": {
				"north": {"uv": [14.25, 2, 14, 3.5], "texture": "#0"},
				"east": {"uv": [14, 2, 14.25, 3.5], "texture": "#0"},
				"south": {"uv": [14, 2, 14.25, 3.5], "texture": "#0"},
				"west": {"uv": [14, 2, 14.25, 3.5], "texture": "#0"}
			}
		},
		{
			"from": [0, 9, 7.85],
			"to": [0.5, 12, 7.95],
			"rotation": {"angle": 0, "axis": "y", "origin": [0, 0, 16]},
			"faces": {
				"north": {"uv": [13.75, 2, 13.5, 3.5], "texture": "#0"},
				"east": {"uv": [13.5, 2, 13.75, 3.5], "texture": "#0"},
				"south": {"uv": [13.5, 2, 13.75, 3.5], "texture": "#0"},
				"west": {"uv": [13.5, 2, 13.75, 3.5], "texture": "#0"}
			}
		},
		{
			"from": [4, 9, 7.85],
			"to": [5, 12, 7.95],
			"rotation": {"angle": 0, "axis": "y", "origin": [0, 0, 16]},
			"faces": {
				"north": {"uv": [16, 2, 15.5, 3.5], "texture": "#0"},
				"south": {"uv": [15.5, 2, 16, 3.5], "texture": "#0"},
				"west": {"uv": [15.5, 2, 15.75, 3.5], "texture": "#0"}
			}
		},
		{
			"from": [0, 11.5, 7.95],
			"to": [5, 12, 8.05],
			"rotation": {"angle": 0, "axis": "y", "origin": [0, 0, 16]},
			"faces": {
				"north": {"uv": [16, 2, 13.5, 2.25], "texture": "#0"},
				"south": {"uv": [13.5, 2, 16, 2.25], "texture": "#0"},
				"west": {"uv": [15.75, 2, 16, 2.25], "rotation": 90, "texture": "#0"},
				"down": {"uv": [16, 2, 13.5, 2.25], "rotation": 180, "texture": "#0"}
			}
		},
		{
			"from": [0, 10.5, 7.95],
			"to": [5, 11, 8.05],
			"rotation": {"angle": 0, "axis": "y", "origin": [0, 0, 16]},
			"faces": {
				"north": {"uv": [16, 2.5, 13.5, 2.75], "texture": "#0"},
				"south": {"uv": [13.5, 2.5, 16, 2.75], "texture": "#0"},
				"west": {"uv": [15.75, 2.5, 16, 2.75], "texture": "#0"},
				"up": {"uv": [13.5, 2.5, 16, 2.75], "texture": "#0"},
				"down": {"uv": [16, 2.5, 13.5, 2.75], "rotation": 180, "texture": "#0"}
			}
		},
		{
			"from": [0, 9, 7.95],
			"to": [5, 10, 8.05],
			"rotation": {"angle": 0, "axis": "y", "origin": [0, 0, 16]},
			"faces": {
				"north": {"uv": [16, 3, 13.5, 3.5], "texture": "#0"},
				"south": {"uv": [13.5, 3, 16, 3.5], "texture": "#0"},
				"west": {"uv": [16, 3, 15.75, 3.5], "texture": "#0"},
				"up": {"uv": [13.5, 3, 16, 3.25], "texture": "#0"}
			}
		}
	],
	"display": {
		"gui": {
			"rotation": [30, 45, 0],
			"translation": [0, -1, 0],
			"scale": [0.8, 0.8, 0.8]
		},
		"head": {
			"translation": [0, -3, -6]
		}
	},
	"groups": [
		0,
		1,
		2,
		3,
		4,
		5,
		{
			"name": "string",
			"origin": [0, 0, 0],
			"color": 0,
			"children": [6, 7, 8, 9, 10, 11, 12, 13]
		},
		{
			"name": "string",
			"origin": [0, 0, 0],
			"color": 0,
			"children": [14, 15, 16, 17, 18, 19, 20, 21]
		}
	]
}