{
	"credit": "Made with Blockbench",
	"texture_size": [64, 64],
	"textures": {
		"0": "block/fence/oak",
		"particle": "block/break/gate/oak"
	},
	"elements": [
		{
			"from": [14, 1.5, 6.5],
			"to": [16, 14.5, 9.5],
			"rotation": {"angle": 0, "axis": "y", "origin": [16, 0, 16]},
			"faces": {
				"north": {"uv": [0, 0, 1, 6.5], "texture": "#0"},
				"east": {"uv": [3.5, 0, 5, 6.5], "texture": "#0"},
				"south": {"uv": [2.5, 0, 3.5, 6.5], "texture": "#0"},
				"west": {"uv": [1, 0, 2.5, 6.5], "texture": "#0"},
				"up": {"uv": [5, 0, 5.75, 1.5], "texture": "#0"},
				"down": {"uv": [5, 1.5, 5.75, 3], "texture": "#0"}
			}
		},
		{
			"from": [0, 1.5, 6.5],
			"to": [2, 14.5, 9.5],
			"rotation": {"angle": 0, "axis": "y", "origin": [0.75, 8, 8]},
			"faces": {
				"north": {"uv": [4.75, 1.5, 5.75, 8], "texture": "#0"},
				"east": {"uv": [3.25, 1.5, 4.75, 8], "texture": "#0"},
				"south": {"uv": [2.25, 1.5, 3.25, 8], "texture": "#0"},
				"west": {"uv": [5.75, 1.5, 7.25, 8], "texture": "#0"},
				"up": {"uv": [7.25, 1.5, 8, 3], "rotation": 180, "texture": "#0"},
				"down": {"uv": [7.25, 3, 8, 4.5], "rotation": 180, "texture": "#0"}
			}
		},
		{
			"from": [8, 2, 6.5],
			"to": [10, 14, 9.5],
			"rotation": {"angle": 0, "axis": "y", "origin": [13, 13, 8]},
			"faces": {
				"north": {"uv": [0, 0, 1, 6], "texture": "#0"},
				"east": {"uv": [3.5, 0, 5, 6], "texture": "#0"},
				"south": {"uv": [2.5, 0, 3.5, 6], "texture": "#0"},
				"west": {"uv": [1, 0, 2.5, 6], "texture": "#0"},
				"up": {"uv": [5, 0, 6, 1.5], "texture": "#0"},
				"down": {"uv": [5, 1.5, 6, 3], "texture": "#0"}
			}
		},
		{
			"from": [6, 2, 6.5],
			"to": [8, 14, 9.5],
			"rotation": {"angle": 0, "axis": "y", "origin": [3, 13, 8]},
			"faces": {
				"north": {"uv": [4.5, 2, 5.5, 8], "texture": "#0"},
				"east": {"uv": [3, 2, 4.5, 8], "texture": "#0"},
				"south": {"uv": [2, 2, 3, 8], "texture": "#0"},
				"west": {"uv": [5.5, 2, 7, 8], "texture": "#0"},
				"up": {"uv": [7, 2, 8, 3.5], "rotation": 180, "texture": "#0"},
				"down": {"uv": [7, 3.5, 8, 5], "rotation": 180, "texture": "#0"}
			}
		},
		{
			"from": [10, 11, 7],
			"to": [14, 13, 9],
			"rotation": {"angle": 0, "axis": "y", "origin": [13, 13, 8]},
			"faces": {
				"north": {"uv": [0, 8.25, 2, 9.25], "texture": "#0"},
				"south": {"uv": [2, 8.25, 0, 9.25], "texture": "#0"},
				"up": {"uv": [0, 8.25, 2, 9.25], "rotation": 180, "texture": "#0"},
				"down": {"uv": [2, 8.25, 0, 9.25], "texture": "#0"}
			}
		},
		{
			"from": [10, 3, 7],
			"to": [14, 5, 9],
			"rotation": {"angle": 0, "axis": "y", "origin": [13, 13, 8]},
			"faces": {
				"north": {"uv": [6, 8.25, 4, 9.25], "texture": "#0"},
				"south": {"uv": [4, 8.25, 6, 9.25], "texture": "#0"},
				"up": {"uv": [6, 8.25, 4, 9.25], "rotation": 180, "texture": "#0"},
				"down": {"uv": [4, 8.25, 6, 9.25], "texture": "#0"}
			}
		},
		{
			"from": [10, 7, 7],
			"to": [10.5, 9, 9],
			"rotation": {"angle": 0, "axis": "y", "origin": [13, 13, 8]},
			"faces": {
				"north": {"uv": [0.75, 0, 1, 1], "texture": "#0"},
				"east": {"uv": [0, 0, 1, 1], "texture": "#0"},
				"south": {"uv": [0, 0, 0.25, 1], "texture": "#0"},
				"up": {"uv": [1, 0, 0, 0.25], "rotation": 90, "texture": "#0"},
				"down": {"uv": [1, 0.75, 0, 1], "rotation": 270, "texture": "#0"}
			}
		},
		{
			"from": [6.79315, 10.87868, 7.45],
			"to": [12.29315, 11.87868, 8.45],
			"rotation": {"angle": 45, "axis": "z", "origin": [13, 13, 8]},
			"faces": {
				"north": {"uv": [0, 9.5, 2.75, 10], "texture": "#0"},
				"south": {"uv": [0, 10.5, 2.75, 11], "texture": "#0"},
				"up": {"uv": [0, 10, 2.75, 10.5], "rotation": 180, "texture": "#0"},
				"down": {"uv": [0, 11, 2.75, 11.5], "texture": "#0"}
			}
		},
		{
			"from": [7.05025, 6.63579, 7.55],
			"to": [8.05025, 12.13579, 8.55],
			"rotation": {"angle": 45, "axis": "z", "origin": [13, 13, 8]},
			"faces": {
				"north": {"uv": [3.25, 9.5, 6, 10], "rotation": 90, "texture": "#0"},
				"east": {"uv": [3.25, 11, 6, 11.5], "rotation": 90, "texture": "#0"},
				"south": {"uv": [3.25, 10.5, 6, 11], "rotation": 90, "texture": "#0"},
				"west": {"uv": [3.25, 10, 6, 10.5], "rotation": 90, "texture": "#0"}
			}
		},
		{
			"from": [2, 3, 7],
			"to": [6, 5, 9],
			"rotation": {"angle": 0, "axis": "y", "origin": [3, 13, 8]},
			"faces": {
				"north": {"uv": [1.75, 8.25, 0, 9.25], "texture": "#0"},
				"south": {"uv": [0, 8.25, 1.75, 9.25], "texture": "#0"},
				"up": {"uv": [0, 9.25, 1.75, 8.25], "texture": "#0"},
				"down": {"uv": [1.75, 9.25, 0, 8.25], "rotation": 180, "texture": "#0"}
			}
		},
		{
			"from": [2, 11, 7],
			"to": [6, 13, 9],
			"rotation": {"angle": 0, "axis": "y", "origin": [3, 13, 8]},
			"faces": {
				"north": {"uv": [4, 8.25, 6, 9.25], "texture": "#0"},
				"south": {"uv": [6, 8.25, 4, 9.25], "texture": "#0"},
				"up": {"uv": [6, 9.25, 4, 8.25], "texture": "#0"},
				"down": {"uv": [6, 8.25, 4, 9.25], "rotation": 180, "texture": "#0"}
			}
		},
		{
			"from": [5.5, 7, 7],
			"to": [6, 9, 9],
			"rotation": {"angle": 0, "axis": "y", "origin": [3, 13, 8]},
			"faces": {
				"north": {"uv": [7, 0, 7.25, 1], "texture": "#0"},
				"south": {"uv": [7.75, 0, 8, 1], "texture": "#0"},
				"west": {"uv": [7, 0, 8, 1], "texture": "#0"},
				"up": {"uv": [8, 0, 7, 0.25], "rotation": 270, "texture": "#0"},
				"down": {"uv": [8, 0.75, 7, 1], "rotation": 90, "texture": "#0"}
			}
		},
		{
			"from": [3.70685, 10.87868, 7.55],
			"to": [9.20685, 11.87868, 8.55],
			"rotation": {"angle": -45, "axis": "z", "origin": [3, 13, 8]},
			"faces": {
				"north": {"uv": [3.25, 10.5, 6, 11], "texture": "#0"},
				"south": {"uv": [3.25, 9.5, 6, 10], "texture": "#0"},
				"up": {"uv": [3.25, 10, 6, 10.5], "texture": "#0"},
				"down": {"uv": [3.25, 11, 6, 11.5], "rotation": 180, "texture": "#0"}
			}
		},
		{
			"from": [7.94975, 6.63579, 7.45],
			"to": [8.94975, 12.13579, 8.45],
			"rotation": {"angle": -45, "axis": "z", "origin": [3, 13, 8]},
			"faces": {
				"north": {"uv": [0, 10.5, 2.75, 11], "rotation": 90, "texture": "#0"},
				"east": {"uv": [0, 10, 2.75, 10.5], "rotation": 90, "texture": "#0"},
				"south": {"uv": [0, 9.5, 2.75, 10], "rotation": 90, "texture": "#0"},
				"west": {"uv": [0, 11, 2.75, 11.5], "rotation": 90, "texture": "#0"}
			}
		}
	],
	"display": {
		"thirdperson_righthand": {
			"rotation": [75, 45, 0],
			"translation": [0, 2, 0],
			"scale": [0.375, 0.375, 0.375]
		},
		"thirdperson_lefthand": {
			"rotation": [75, 45, 0],
			"translation": [0, 2, 0],
			"scale": [0.375, 0.375, 0.375]
		},
		"firstperson_righthand": {
			"rotation": [0, 45, 0],
			"scale": [0.4, 0.4, 0.4]
		},
		"firstperson_lefthand": {
			"rotation": [0, 225, 0],
			"scale": [0.4, 0.4, 0.4]
		},
		"ground": {
			"rotation": [90, 0, 0],
			"translation": [0, 1, 0],
			"scale": [0.25, 0.25, 0.25]
		},
		"gui": {
			"rotation": [30, 225, 0],
			"scale": [0.625, 0.625, 0.625]
		},
		"fixed": {
			"scale": [0.5, 0.5, 0.5]
		}
	},
	"groups": [
		0,
		1,
		2,
		3,
		{
			"name": "oak",
			"origin": [8, 8, 8],
			"color": 0,
			"children": [4, 5, 6, 7, 8]
		},
		{
			"name": "oak",
			"origin": [8, 8, 8],
			"color": 0,
			"children": [9, 10, 11, 12, 13]
		}
	]
}