{
	"gui_light": "front",
	"elements": [
		{
			"from": [12.5, 4, 7.5],
			"to": [13, 9.5, 8.5],
			"faces": {
				"north": {"uv": [12.5, 6.5, 13, 12], "texture": "#texture"},
				"east": {"uv": [12.5, 6.5, 13, 12], "texture": "#texture"},
				"south": {"uv": [12.5, 6.5, 13, 12], "texture": "#texture"},
				"west": {"uv": [12.5, 6.5, 13, 12], "texture": "#texture"},
				"up": {"uv": [12.5, 6.5, 13, 7], "texture": "#texture"},
				"down": {"uv": [12.5, 11.5, 13, 12], "texture": "#texture"}
			}
		},
		{
			"from": [12, 3, 7.5],
			"to": [12.5, 10.5, 8.5],
			"faces": {
				"north": {"uv": [12, 5.5, 12.5, 13], "texture": "#texture"},
				"east": {"uv": [12, 5.5, 12.5, 13], "texture": "#texture"},
				"south": {"uv": [12, 5.5, 12.5, 13], "texture": "#texture"},
				"west": {"uv": [12, 5.5, 12.5, 13], "texture": "#texture"},
				"up": {"uv": [12, 5.5, 12.5, 6], "texture": "#texture"},
				"down": {"uv": [12, 12.5, 12.5, 13], "texture": "#texture"}
			}
		},
		{
			"from": [13, 5, 7.5],
			"to": [13.5, 8, 8.5],
			"faces": {
				"north": {"uv": [13, 8, 13.5, 11], "texture": "#texture"},
				"east": {"uv": [13, 8, 13.5, 11], "texture": "#texture"},
				"south": {"uv": [13, 8, 13.5, 11], "texture": "#texture"},
				"west": {"uv": [13, 8, 13.5, 11], "texture": "#texture"},
				"up": {"uv": [13, 8, 13.5, 8.5], "texture": "#texture"},
				"down": {"uv": [13, 10.5, 13.5, 11], "texture": "#texture"}
			}
		},
		{
			"from": [11.5, 2.5, 7.5],
			"to": [12, 11.5, 8.5],
			"faces": {
				"north": {"uv": [11.5, 4.5, 12, 13.5], "texture": "#texture"},
				"east": {"uv": [11.5, 4.5, 12, 13.5], "texture": "#texture"},
				"south": {"uv": [11.5, 4.5, 12, 13.5], "texture": "#texture"},
				"west": {"uv": [11.5, 4.5, 12, 13.5], "texture": "#texture"},
				"up": {"uv": [11.5, 4.5, 12, 5], "texture": "#texture"},
				"down": {"uv": [11.5, 13, 12, 13.5], "texture": "#texture"}
			}
		},
		{
			"from": [11, 2, 7.5],
			"to": [11.5, 12, 8.5],
			"faces": {
				"north": {"uv": [11, 4, 11.5, 14], "texture": "#texture"},
				"east": {"uv": [11, 4, 11.5, 14], "texture": "#texture"},
				"south": {"uv": [11, 4, 11.5, 14], "texture": "#texture"},
				"west": {"uv": [11, 4, 11.5, 14], "texture": "#texture"},
				"up": {"uv": [11, 4, 11.5, 4.5], "texture": "#texture"},
				"down": {"uv": [11, 13.5, 11.5, 14], "texture": "#texture"}
			}
		},
		{
			"from": [10.5, 2, 7.5],
			"to": [11, 12.5, 8.5],
			"faces": {
				"north": {"uv": [10.5, 3.5, 11, 14], "texture": "#texture"},
				"east": {"uv": [10.5, 3.5, 11, 14], "texture": "#texture"},
				"south": {"uv": [10.5, 3.5, 11, 14], "texture": "#texture"},
				"west": {"uv": [10.5, 3.5, 11, 14], "texture": "#texture"},
				"up": {"uv": [10.5, 3.5, 11, 4], "texture": "#texture"},
				"down": {"uv": [10.5, 13.5, 11, 14], "texture": "#texture"}
			}
		},
		{
			"from": [10, 1.5, 7.5],
			"to": [10.5, 13, 8.5],
			"faces": {
				"north": {"uv": [10, 3, 10.5, 14.5], "texture": "#texture"},
				"east": {"uv": [10, 3, 10.5, 14.5], "texture": "#texture"},
				"south": {"uv": [10, 3, 10.5, 14.5], "texture": "#texture"},
				"west": {"uv": [10, 3, 10.5, 14.5], "texture": "#texture"},
				"up": {"uv": [10, 3, 10.5, 3.5], "texture": "#texture"},
				"down": {"uv": [10, 14, 10.5, 14.5], "texture": "#texture"}
			}
		},
		{
			"from": [9, 2, 7.5],
			"to": [10, 13.5, 8.5],
			"faces": {
				"north": {"uv": [10, 2.5, 9, 14], "texture": "#texture"},
				"east": {"uv": [9.5, 2.5, 10, 14], "texture": "#texture"},
				"south": {"uv": [9, 2.5, 10, 14], "texture": "#texture"},
				"west": {"uv": [6, 2.5, 6.5, 14], "texture": "#texture"},
				"up": {"uv": [9, 2.5, 10, 3], "texture": "#texture"},
				"down": {"uv": [9, 13.5, 10, 14], "texture": "#texture"}
			}
		},
		{
			"from": [2.5, 5, 7.5],
			"to": [3, 8, 8.5],
			"faces": {
				"north": {"uv": [2.5, 8, 3, 11], "texture": "#texture"},
				"east": {"uv": [2.5, 8, 3, 11], "texture": "#texture"},
				"south": {"uv": [2.5, 8, 3, 11], "texture": "#texture"},
				"west": {"uv": [2.5, 8, 3, 11], "texture": "#texture"},
				"up": {"uv": [2.5, 8, 3, 8.5], "texture": "#texture"},
				"down": {"uv": [2.5, 10.5, 3, 11], "texture": "#texture"}
			}
		},
		{
			"from": [3, 4, 7.5],
			"to": [3.5, 9.5, 8.5],
			"faces": {
				"north": {"uv": [3, 6.5, 3.5, 12], "texture": "#texture"},
				"east": {"uv": [3, 6.5, 3.5, 12], "texture": "#texture"},
				"south": {"uv": [3, 6.5, 3.5, 12], "texture": "#texture"},
				"west": {"uv": [3, 6.5, 3.5, 12], "texture": "#texture"},
				"up": {"uv": [3, 6.5, 3.5, 7], "texture": "#texture"},
				"down": {"uv": [3, 11.5, 3.5, 12], "texture": "#texture"}
			}
		},
		{
			"from": [3.5, 3, 7.5],
			"to": [4, 10.5, 8.5],
			"faces": {
				"north": {"uv": [3.5, 5.5, 4, 13], "texture": "#texture"},
				"east": {"uv": [3.5, 5.5, 4, 13], "texture": "#texture"},
				"south": {"uv": [3.5, 5.5, 4, 13], "texture": "#texture"},
				"west": {"uv": [3.5, 5.5, 4, 13], "texture": "#texture"},
				"up": {"uv": [3.5, 5.5, 4, 6], "texture": "#texture"},
				"down": {"uv": [3.5, 12.5, 4, 13], "texture": "#texture"}
			}
		},
		{
			"from": [4, 2.5, 7.5],
			"to": [4.5, 11.5, 8.5],
			"faces": {
				"north": {"uv": [4, 4.5, 4.5, 13.5], "texture": "#texture"},
				"east": {"uv": [4, 4.5, 4.5, 13.5], "texture": "#texture"},
				"south": {"uv": [4, 4.5, 4.5, 13.5], "texture": "#texture"},
				"west": {"uv": [4, 4.5, 4.5, 13.5], "texture": "#texture"},
				"up": {"uv": [4, 4.5, 4.5, 5], "texture": "#texture"},
				"down": {"uv": [4, 13, 4.5, 13.5], "texture": "#texture"}
			}
		},
		{
			"from": [4.5, 2, 7.5],
			"to": [5, 12, 8.5],
			"faces": {
				"north": {"uv": [4.5, 4, 5, 14], "texture": "#texture"},
				"east": {"uv": [4.5, 4, 5, 14], "texture": "#texture"},
				"south": {"uv": [4.5, 4, 5, 14], "texture": "#texture"},
				"west": {"uv": [4.5, 4, 5, 14], "texture": "#texture"},
				"up": {"uv": [4.5, 4, 5, 4.5], "texture": "#texture"},
				"down": {"uv": [4.5, 13.5, 5, 14], "texture": "#texture"}
			}
		},
		{
			"from": [5, 2, 7.5],
			"to": [5.5, 12.5, 8.5],
			"faces": {
				"north": {"uv": [5, 3.5, 5.5, 14], "texture": "#texture"},
				"east": {"uv": [5, 3.5, 5.5, 14], "texture": "#texture"},
				"south": {"uv": [5, 3.5, 5.5, 14], "texture": "#texture"},
				"west": {"uv": [5, 3.5, 5.5, 14], "texture": "#texture"},
				"up": {"uv": [5, 3.5, 5.5, 4], "texture": "#texture"},
				"down": {"uv": [5, 13.5, 5.5, 14], "texture": "#texture"}
			}
		},
		{
			"from": [7, 2, 7.5],
			"to": [9, 14, 8.5],
			"faces": {
				"north": {"uv": [9, 2, 7, 14], "texture": "#texture"},
				"east": {"uv": [8.5, 2, 9, 14], "texture": "#texture"},
				"south": {"uv": [7, 2, 9, 14], "texture": "#texture"},
				"west": {"uv": [7, 2, 7.5, 14], "texture": "#texture"},
				"up": {"uv": [7, 2, 9, 2.5], "texture": "#texture"},
				"down": {"uv": [7, 13, 9, 14], "texture": "#texture"}
			}
		},
		{
			"from": [6, 1.5, 7.5],
			"to": [10, 2, 8.5],
			"faces": {
				"north": {"uv": [6, 14, 10, 14.5], "texture": "#texture"},
				"east": {"uv": [6, 14, 6.5, 14.5], "texture": "#texture"},
				"south": {"uv": [6, 14, 10, 14.5], "texture": "#texture"},
				"west": {"uv": [6, 14, 6.5, 14.5], "texture": "#texture"},
				"up": {"uv": [6, 14, 10, 14.5], "texture": "#texture"},
				"down": {"uv": [6, 14, 10, 14.5], "texture": "#texture"}
			}
		},
		{
			"from": [5.5, 1.5, 7.5],
			"to": [6, 13, 8.5],
			"faces": {
				"north": {"uv": [5.5, 3, 6, 14.5], "texture": "#texture"},
				"east": {"uv": [5.5, 3, 6, 14.5], "texture": "#texture"},
				"south": {"uv": [5.5, 3, 6, 14.5], "texture": "#texture"},
				"west": {"uv": [5.5, 3, 6, 14.5], "texture": "#texture"},
				"up": {"uv": [5.5, 3, 6, 3.5], "texture": "#texture"},
				"down": {"uv": [5.5, 14, 6, 14.5], "texture": "#texture"}
			}
		},
		{
			"from": [6, 2, 7.5],
			"to": [7, 13.5, 8.5],
			"faces": {
				"north": {"uv": [7, 2.5, 6, 14], "texture": "#texture"},
				"east": {"uv": [6.5, 2.5, 7, 14], "texture": "#texture"},
				"south": {"uv": [6, 2.5, 7, 14], "texture": "#texture"},
				"west": {"uv": [6, 2.5, 6.5, 14], "texture": "#texture"},
				"up": {"uv": [6, 2.5, 7, 3], "texture": "#texture"},
				"down": {"uv": [6, 13.5, 7, 14], "texture": "#texture"}
			}
		},
		{
			"from": [6.5, 1, 7.5],
			"to": [9.5, 1.5, 8.5],
			"faces": {
				"north": {"uv": [6.5, 14.5, 9.5, 15], "texture": "#texture"},
				"east": {"uv": [6.5, 14.5, 7, 15], "texture": "#texture"},
				"south": {"uv": [6.5, 14.5, 9.5, 15], "texture": "#texture"},
				"west": {"uv": [6.5, 14.5, 7, 15], "texture": "#texture"},
				"up": {"uv": [6.5, 14.5, 9.5, 15], "texture": "#texture"},
				"down": {"uv": [6.5, 14.5, 9.5, 15], "texture": "#texture"}
			}
		}
	],
	"display": {
		"thirdperson_righthand": {
			"translation": [0, 3, 1],
			"scale": [0.55, 0.55, 0.55]
		},
		"firstperson_righthand": {
			"rotation": [0, -90, 25],
			"translation": [1.13, 3.2, 1.13],
			"scale": [0.68, 0.68, 0.68]
		},
		"ground": {
			"translation": [0, 2, 0],
			"scale": [0.5, 0.5, 0.5]
		},
		"head": {
			"rotation": [0, 180, 0],
			"translation": [0, 13, 7]
		},
		"fixed": {
			"rotation": [0, 180, 0]
		}
	},
	"groups": [
		{
			"name": "side 2",
			"origin": [8, 8, 8],
			"children": []
		}, 0, 1, 2, 3, 4, 5, 6, 7, 8, 9, 10, 11, 12, 13, 14, 15, 16, 17, 18]
}