{
  "multipart": [
    {"when": {"up": "true"},"apply":
      {"model": "block/wall/diorite/post"}},

    {"when": {"north": "low","up": "false"},"apply":
      {"model": "block/wall/diorite/side","uvlock": true}},

    {"when": {"east": "low","up": "false"},"apply":
      {"model": "block/wall/diorite/side","y": 90,"uvlock": true}},

    {"when": {"south": "low","up": "false"},"apply":
      {"model": "block/wall/diorite/side","y": 180,"uvlock": true}},

    {"when": {"west": "low","up": "false"},"apply":
      {"model": "block/wall/diorite/side","y": 270,"uvlock": true}},

    {"when": {"north": "tall","up": "false"},"apply":
      {"model": "block/wall/diorite/side_tall","uvlock": true}},
    
    {"when": {"east": "tall","up": "false"},"apply":
      {"model": "block/wall/diorite/side_tall","y": 90,"uvlock": true}},

    {"when": {"south": "tall","up": "false"},"apply":
      {"model": "block/wall/diorite/side_tall","y": 180,"uvlock": true}},
    
    {"when": {"west": "tall","up": "false"},"apply":
      {"model": "block/wall/diorite/side_tall","y": 270,"uvlock": true}},

      {"when": {"north": "low","up": "true"},"apply":
        {"model": "block/wall/diorite/post_side","uvlock": true}},
  
      {"when": {"east": "low","up": "true"},"apply":
        {"model": "block/wall/diorite/post_side","y": 90,"uvlock": true}},
  
      {"when": {"south": "low","up": "true"},"apply":
        {"model": "block/wall/diorite/post_side","y": 180,"uvlock": true}},
  
      {"when": {"west": "low","up": "true"},"apply":
        {"model": "block/wall/diorite/post_side","y": 270,"uvlock": true}},
  
      {"when": {"north": "tall","up": "true"},"apply":
        {"model": "block/wall/diorite/post_side_tall","uvlock": true}},
      
      {"when": {"east": "tall","up": "true"},"apply":
        {"model": "block/wall/diorite/post_side_tall","y": 90,"uvlock": true}},
  
      {"when": {"south": "tall","up": "true"},"apply":
        {"model": "block/wall/diorite/post_side_tall","y": 180,"uvlock": true}},
      
      {"when": {"west": "tall","up": "true"},"apply":
        {"model": "block/wall/diorite/post_side_tall","y": 270,"uvlock": true}}

  ]
}