{
	"credit": "Made with Blockbench by alkatreize",
	"textures": {
		"particle": "block/break/fence/bamboo",
		"texture": "block/fence/bamboo"
	},
	"elements": [
		{
			"name": "Center post",
			"from": [6, 0, 6],
			"to": [10, 16, 10],
			"faces": {
				"north": {"uv": [4, 0, 6, 8], "texture": "#texture"},
				"east": {"uv": [4, 0, 6, 8], "texture": "#texture"},
				"south": {"uv": [4, 0, 6, 8], "texture": "#texture"},
				"west": {"uv": [4, 0, 6, 8], "texture": "#texture"},
				"up": {"uv": [8, 0, 10, 2], "texture": "#texture"},
				"down": {"uv": [8, 0, 10, 2], "texture": "#texture"}
			}
		}
	]
}