{
    "variants": {
        "": [
            { "model": "minecraft:block/dirt_path", "weight": 25 },
            { "model": "minecraft:block/dirt_path", "y": 90, "weight": 25  },
            { "model": "minecraft:block/dirt_path", "y": 180, "weight": 25  },
            { "model": "minecraft:block/dirt_path", "y": 270, "weight": 25  },
            { "model": "minecraft:block/dirt_path", "weight": 25  },
            { "model": "minecraft:block/dirt_path", "weight": 25  },
            { "model": "minecraft:block/dirt_path", "weight": 25  },
            { "model": "minecraft:block/dirt_path", "weight": 25  },
            { "model": "minecraft:block/dirt_path", "weight": 25  },
            { "model": "minecraft:block/dirt_path", "weight": 25  },
			{ "model": "minecraft:block/dirt_path1", "weight": 50 },
			{ "model": "minecraft:block/dirt_path1", "y": 90, "weight": 50  },
            { "model": "minecraft:block/dirt_path1", "y": 180, "weight": 50  },
            { "model": "minecraft:block/dirt_path1", "y": 270, "weight": 50  },
			{ "model": "minecraft:block/dirt_path1", "weight": 50  },
            { "model": "minecraft:block/dirt_path1", "weight": 50  },
            { "model": "minecraft:block/dirt_path1", "weight": 50  },
			{ "model": "minecraft:block/dirt_path1", "weight": 50  },
            { "model": "minecraft:block/dirt_path1", "weight": 50  },
            { "model": "minecraft:block/dirt_path1", "weight": 50  },
			{ "model": "minecraft:block/dirt_path2", "weight": 25 },
			{ "model": "minecraft:block/dirt_path2", "y": 90, "weight": 25  },
            { "model": "minecraft:block/dirt_path2", "y": 180, "weight": 25  },
            { "model": "minecraft:block/dirt_path2", "y": 270, "weight": 25  },
			{ "model": "minecraft:block/dirt_path2", "weight": 25  },
            { "model": "minecraft:block/dirt_path2", "weight": 25  },
            { "model": "minecraft:block/dirt_path2", "weight": 25  },
			{ "model": "minecraft:block/dirt_path2", "weight": 25  },
            { "model": "minecraft:block/dirt_path2", "weight": 25  },
            { "model": "minecraft:block/dirt_path2", "weight": 25  },
			{ "model": "minecraft:block/dirt_path3", "weight": 50 },
			{ "model": "minecraft:block/dirt_path3", "y": 90, "weight": 50  },
            { "model": "minecraft:block/dirt_path3", "y": 180, "weight": 50  },
            { "model": "minecraft:block/dirt_path3", "y": 270, "weight": 50  },
			{ "model": "minecraft:block/dirt_path3", "weight": 50  },
            { "model": "minecraft:block/dirt_path3", "weight": 50  },
            { "model": "minecraft:block/dirt_path3", "weight": 50  },
			{ "model": "minecraft:block/dirt_path3", "weight": 50  },
            { "model": "minecraft:block/dirt_path3", "weight": 50  },
            { "model": "minecraft:block/dirt_path3", "weight": 50  },
			{ "model": "minecraft:block/dirt_path4", "weight": 50 },
			{ "model": "minecraft:block/dirt_path4", "y": 90, "weight": 50  },
            { "model": "minecraft:block/dirt_path4", "y": 180, "weight": 50  },
            { "model": "minecraft:block/dirt_path4", "y": 270, "weight": 50  },
			{ "model": "minecraft:block/dirt_path4", "weight": 50  },
            { "model": "minecraft:block/dirt_path4", "weight": 50  },
            { "model": "minecraft:block/dirt_path4", "weight": 50  },
			{ "model": "minecraft:block/dirt_path4", "weight": 50  },
            { "model": "minecraft:block/dirt_path4", "weight": 50  },
            { "model": "minecraft:block/dirt_path4", "weight": 50  },
			{ "model": "minecraft:block/dirt_path5", "weight": 50 },
			{ "model": "minecraft:block/dirt_path5", "y": 90, "weight": 50  },
            { "model": "minecraft:block/dirt_path5", "y": 180, "weight": 50  },
            { "model": "minecraft:block/dirt_path5", "y": 270, "weight": 50  },
			{ "model": "minecraft:block/dirt_path5", "weight": 50  },
            { "model": "minecraft:block/dirt_path5", "weight": 50  },
            { "model": "minecraft:block/dirt_path5", "weight": 50  },
			{ "model": "minecraft:block/dirt_path5", "weight": 50  },
            { "model": "minecraft:block/dirt_path5", "weight": 50  },
            { "model": "minecraft:block/dirt_path5", "weight": 50  }
        ]
    }
}
