{
    "variants": {
        "": [
            { "model": "minecraft:block/sand" },
            { "model": "minecraft:block/sand", "y": 90 },
            { "model": "minecraft:block/sand", "y": 180 },
            { "model": "minecraft:block/sand", "y": 270 },
            { "model": "minecraft:block/sand1" },
            { "model": "minecraft:block/sand1", "y": 90 },
            { "model": "minecraft:block/sand1", "y": 180 },
            { "model": "minecraft:block/sand1", "y": 270 }
        ]
    }
}
