{
	"credit": "Made with Blockbench",
	"parent": "block/block",
	"ambientocclusion": false,
	"textures": {
		"4": "block/cactus_overlay",
		"bottom": "block/cactus_bottom",
		"top": "block/cactus_top2",
		"particle": "block/cactus_side",
		"side": "block/cactus_side",
		"overlay": "block/cactus_side4"
	},
	"elements": [
		{
			"from": [0.75, 0.75, 0.75],
			"to": [15.25, 15.25, 15.25],
			"faces": {
				"north": {"uv": [0.75, 0.75, 15.25, 15.25], "texture": "#overlay", "cullface": "north"},
				"east": {"uv": [0.75, 0.75, 15.25, 15.25], "texture": "#overlay", "cullface": "east"},
				"south": {"uv": [0.75, 0.75, 15.25, 15.25], "texture": "#overlay", "cullface": "south"},
				"west": {"uv": [0.75, 0.75, 15.25, 15.25], "texture": "#overlay", "cullface": "west"}
			}
		},
		{
			"from": [1, 0, 1],
			"to": [5, 16, 5],
			"faces": {
				"north": {"uv": [11, 0, 15, 16], "texture": "#side"},
				"east": {"uv": [11, 0, 15, 16], "texture": "#side"},
				"south": {"uv": [1.5, 0, 5.5, 16], "rotation": 180, "texture": "#side"},
				"west": {"uv": [1, 0, 5, 16], "texture": "#side"},
				"up": {"uv": [1, 1, 5, 5], "texture": "#top", "cullface": "up"},
				"down": {"uv": [1, 11, 5, 15], "texture": "#bottom", "cullface": "down"}
			}
		},
		{
			"from": [1, 0, 11],
			"to": [5, 16, 15],
			"faces": {
				"north": {"uv": [10.5, 0, 14.5, 16], "rotation": 180, "texture": "#side"},
				"east": {"uv": [1.5, 0, 5.5, 16], "rotation": 180, "texture": "#side"},
				"south": {"uv": [1, 0, 5, 16], "texture": "#side"},
				"west": {"uv": [11, 0, 15, 16], "texture": "#side"},
				"up": {"uv": [1, 11, 5, 15], "texture": "#top", "cullface": "up"},
				"down": {"uv": [1, 1, 5, 5], "texture": "#bottom", "cullface": "down"}
			}
		},
		{
			"from": [11, 0, 11],
			"to": [15, 16, 15],
			"faces": {
				"north": {"uv": [1, 0, 5, 16], "texture": "#side"},
				"east": {"uv": [1, 0, 5, 16], "texture": "#side"},
				"south": {"uv": [11, 0, 15, 16], "texture": "#side"},
				"west": {"uv": [11, 0, 15, 16], "texture": "#side"},
				"up": {"uv": [11, 11, 15, 15], "texture": "#top", "cullface": "up"},
				"down": {"uv": [11, 1, 15, 5], "texture": "#bottom", "cullface": "down"}
			}
		},
		{
			"from": [11, 0, 1],
			"to": [15, 16, 5],
			"faces": {
				"north": {"uv": [1, 0, 5, 16], "texture": "#side"},
				"east": {"uv": [11, 0, 15, 16], "texture": "#side"},
				"south": {"uv": [11, 0, 15, 16], "texture": "#side"},
				"west": {"uv": [1.5, 0, 5.5, 16], "rotation": 180, "texture": "#side"},
				"up": {"uv": [11, 1, 15, 5], "texture": "#top", "cullface": "up"},
				"down": {"uv": [11, 11, 15, 15], "texture": "#bottom", "cullface": "down"}
			}
		},
		{
			"from": [1.5, 0, 1.5],
			"to": [14.5, 16, 14.5],
			"faces": {
				"north": {"uv": [1.5, 0, 14.5, 16], "texture": "#side"},
				"east": {"uv": [1.5, 0, 14.5, 16], "texture": "#side"},
				"south": {"uv": [1.5, 0, 14.5, 16], "texture": "#side"},
				"west": {"uv": [1.5, 0, 14.5, 16], "texture": "#side"},
				"up": {"uv": [1.5, 1.5, 14.5, 14.5], "texture": "#top", "cullface": "up"},
				"down": {"uv": [1.5, 1.5, 14.5, 14.5], "texture": "#bottom", "cullface": "down"}
			}
		},
		{
			"from": [5.5, 0, 1],
			"to": [10.5, 16, 15],
			"faces": {
				"north": {"uv": [5.5, 0, 10.5, 16], "texture": "#side"},
				"east": {"uv": [1, 0, 15, 16], "texture": "#side"},
				"south": {"uv": [5.5, 0, 10.5, 16], "texture": "#side"},
				"west": {"uv": [1, 0, 15, 16], "texture": "#side"},
				"up": {"uv": [5.5, 1, 10.5, 15], "texture": "#top", "cullface": "up"},
				"down": {"uv": [5.5, 1, 10.5, 15], "texture": "#bottom", "cullface": "down"}
			}
		},
		{
			"from": [1, 0, 5.5],
			"to": [15, 16, 10.5],
			"faces": {
				"north": {"uv": [1, 0, 15, 16], "texture": "#side"},
				"east": {"uv": [5.5, 0, 10.5, 16], "texture": "#side"},
				"south": {"uv": [1, 0, 15, 16], "rotation": 180, "texture": "#side"},
				"west": {"uv": [5.5, 0, 10.5, 16], "texture": "#side"},
				"up": {"uv": [1, 5.5, 15, 10.5], "texture": "#top", "cullface": "up"},
				"down": {"uv": [1, 5.5, 15, 10.5], "texture": "#bottom", "cullface": "down"}
			}
		},
		{
			"from": [15, 2.5, 2.5],
			"to": [15.5, 3, 3],
			"faces": {
				"north": {"uv": [3, 5, 3.5, 5.5], "texture": "#side"},
				"east": {"uv": [3, 5, 3.5, 5.5], "texture": "#side"},
				"south": {"uv": [3, 5, 3.5, 5.5], "texture": "#side"},
				"west": {"uv": [3, 5, 3.5, 5.5], "texture": "#side"},
				"up": {"uv": [3, 5, 3.5, 5.5], "texture": "#side"},
				"down": {"uv": [3, 5, 3.5, 5.5], "texture": "#side"}
			}
		},
		{
			"from": [2.5, 2.5, 0.5],
			"to": [3, 3, 1],
			"faces": {
				"north": {"uv": [3, 5, 3.5, 5.5], "texture": "#side"},
				"east": {"uv": [3, 5, 3.5, 5.5], "texture": "#side"},
				"south": {"uv": [3, 5, 3.5, 5.5], "texture": "#side"},
				"west": {"uv": [3, 5, 3.5, 5.5], "texture": "#side"},
				"up": {"uv": [3, 5, 3.5, 5.5], "rotation": 270, "texture": "#side"},
				"down": {"uv": [3, 5, 3.5, 5.5], "rotation": 90, "texture": "#side"}
			}
		},
		{
			"from": [0.5, 2.5, 13],
			"to": [1, 3, 13.5],
			"faces": {
				"north": {"uv": [3, 5, 3.5, 5.5], "texture": "#side"},
				"east": {"uv": [3, 5, 3.5, 5.5], "texture": "#side"},
				"south": {"uv": [3, 5, 3.5, 5.5], "texture": "#side"},
				"west": {"uv": [3, 5, 3.5, 5.5], "texture": "#side"},
				"up": {"uv": [3, 5, 3.5, 5.5], "rotation": 180, "texture": "#side"},
				"down": {"uv": [3, 5, 3.5, 5.5], "rotation": 180, "texture": "#side"}
			}
		},
		{
			"from": [13, 2.5, 15],
			"to": [13.5, 3, 15.5],
			"faces": {
				"north": {"uv": [3, 5, 3.5, 5.5], "texture": "#side"},
				"east": {"uv": [3, 5, 3.5, 5.5], "texture": "#side"},
				"south": {"uv": [3, 5, 3.5, 5.5], "texture": "#side"},
				"west": {"uv": [3, 5, 3.5, 5.5], "texture": "#side"},
				"up": {"uv": [3, 5, 3.5, 5.5], "rotation": 90, "texture": "#side"},
				"down": {"uv": [3, 5, 3.5, 5.5], "rotation": 270, "texture": "#side"}
			}
		},
		{
			"from": [14.5, 2, 5],
			"to": [15, 3, 5.5],
			"faces": {
				"north": {"uv": [3, 5, 3.5, 5.5], "texture": "#side"},
				"east": {"uv": [3, 5, 3.5, 5.5], "texture": "#side"},
				"south": {"uv": [3, 5, 3.5, 5.5], "texture": "#side"},
				"west": {"uv": [3, 5, 3.5, 5.5], "texture": "#side"},
				"up": {"uv": [3, 5, 3.5, 5.5], "texture": "#side"},
				"down": {"uv": [3, 5, 3.5, 5.5], "texture": "#side"}
			}
		},
		{
			"from": [5, 2, 1],
			"to": [5.5, 3, 1.5],
			"faces": {
				"north": {"uv": [3, 5, 3.5, 5.5], "texture": "#side"},
				"east": {"uv": [3, 5, 3.5, 5.5], "texture": "#side"},
				"south": {"uv": [3, 5, 3.5, 5.5], "texture": "#side"},
				"west": {"uv": [3, 5, 3.5, 5.5], "texture": "#side"},
				"up": {"uv": [3, 5, 3.5, 5.5], "rotation": 270, "texture": "#side"},
				"down": {"uv": [3, 5, 3.5, 5.5], "rotation": 90, "texture": "#side"}
			}
		},
		{
			"from": [1, 1.5, 10.5],
			"to": [1.5, 2.5, 11],
			"faces": {
				"north": {"uv": [3, 5, 3.5, 5.5], "texture": "#side"},
				"east": {"uv": [3, 5, 3.5, 5.5], "texture": "#side"},
				"south": {"uv": [3, 5, 3.5, 5.5], "texture": "#side"},
				"west": {"uv": [3, 5, 3.5, 5.5], "texture": "#side"},
				"up": {"uv": [3, 5, 3.5, 5.5], "rotation": 180, "texture": "#side"},
				"down": {"uv": [3, 5, 3.5, 5.5], "rotation": 180, "texture": "#side"}
			}
		},
		{
			"from": [10.5, 2, 14.5],
			"to": [11, 3, 15],
			"faces": {
				"north": {"uv": [3, 5, 3.5, 5.5], "texture": "#side"},
				"east": {"uv": [3, 5, 3.5, 5.5], "texture": "#side"},
				"south": {"uv": [3, 5, 3.5, 5.5], "texture": "#side"},
				"west": {"uv": [3, 5, 3.5, 5.5], "texture": "#side"},
				"up": {"uv": [3, 5, 3.5, 5.5], "rotation": 90, "texture": "#side"},
				"down": {"uv": [3, 5, 3.5, 5.5], "rotation": 270, "texture": "#side"}
			}
		},
		{
			"from": [15, 8.5, 2.5],
			"to": [15.5, 9, 3],
			"faces": {
				"north": {"uv": [3, 5, 3.5, 5.5], "texture": "#side"},
				"east": {"uv": [3, 5, 3.5, 5.5], "texture": "#side"},
				"south": {"uv": [3, 5, 3.5, 5.5], "texture": "#side"},
				"west": {"uv": [3, 5, 3.5, 5.5], "texture": "#side"},
				"up": {"uv": [3, 5, 3.5, 5.5], "texture": "#side"},
				"down": {"uv": [3, 5, 3.5, 5.5], "texture": "#side"}
			}
		},
		{
			"from": [2.5, 8.5, 0.5],
			"to": [3, 9, 1],
			"faces": {
				"north": {"uv": [3, 5, 3.5, 5.5], "texture": "#side"},
				"east": {"uv": [3, 5, 3.5, 5.5], "texture": "#side"},
				"south": {"uv": [3, 5, 3.5, 5.5], "texture": "#side"},
				"west": {"uv": [3, 5, 3.5, 5.5], "texture": "#side"},
				"up": {"uv": [3, 5, 3.5, 5.5], "rotation": 270, "texture": "#side"},
				"down": {"uv": [3, 5, 3.5, 5.5], "rotation": 90, "texture": "#side"}
			}
		},
		{
			"from": [0.5, 8.5, 13],
			"to": [1, 9, 13.5],
			"faces": {
				"north": {"uv": [3, 5, 3.5, 5.5], "texture": "#side"},
				"east": {"uv": [3, 5, 3.5, 5.5], "texture": "#side"},
				"south": {"uv": [3, 5, 3.5, 5.5], "texture": "#side"},
				"west": {"uv": [3, 5, 3.5, 5.5], "texture": "#side"},
				"up": {"uv": [3, 5, 3.5, 5.5], "rotation": 180, "texture": "#side"},
				"down": {"uv": [3, 5, 3.5, 5.5], "rotation": 180, "texture": "#side"}
			}
		},
		{
			"from": [13, 8.5, 15],
			"to": [13.5, 9, 15.5],
			"faces": {
				"north": {"uv": [3, 5, 3.5, 5.5], "texture": "#side"},
				"east": {"uv": [3, 5, 3.5, 5.5], "texture": "#side"},
				"south": {"uv": [3, 5, 3.5, 5.5], "texture": "#side"},
				"west": {"uv": [3, 5, 3.5, 5.5], "texture": "#side"},
				"up": {"uv": [3, 5, 3.5, 5.5], "rotation": 90, "texture": "#side"},
				"down": {"uv": [3, 5, 3.5, 5.5], "rotation": 270, "texture": "#side"}
			}
		},
		{
			"from": [12.5, 16, 7.5],
			"to": [13, 16.5, 8],
			"faces": {
				"north": {"uv": [3, 5, 3.5, 5.5], "texture": "#side", "cullface": "up"},
				"east": {"uv": [3, 5, 3.5, 5.5], "texture": "#side", "cullface": "up"},
				"south": {"uv": [3, 5, 3.5, 5.5], "texture": "#side", "cullface": "up"},
				"west": {"uv": [3, 5, 3.5, 5.5], "texture": "#side", "cullface": "up"},
				"up": {"uv": [3, 5, 3.5, 5.5], "texture": "#side", "cullface": "up"},
				"down": {"uv": [3, 5, 3.5, 5.5], "texture": "#side", "cullface": "up"}
			}
		},
		{
			"from": [6.5, 16, 12.5],
			"to": [7, 17, 13],
			"faces": {
				"north": {"uv": [3, 5, 3.5, 5.5], "texture": "#side", "cullface": "up"},
				"east": {"uv": [3, 5, 3.5, 5.5], "texture": "#side", "cullface": "up"},
				"south": {"uv": [3, 5, 3.5, 5.5], "texture": "#side", "cullface": "up"},
				"west": {"uv": [3, 5, 3.5, 5.5], "texture": "#side", "cullface": "up"},
				"up": {"uv": [3, 5, 3.5, 5.5], "texture": "#side", "cullface": "up"},
				"down": {"uv": [3, 5, 3.5, 5.5], "texture": "#side", "cullface": "up"}
			}
		},
		{
			"from": [4, 16, 9.5],
			"to": [4.5, 16.5, 10],
			"faces": {
				"north": {"uv": [3, 5, 3.5, 5.5], "texture": "#side", "cullface": "up"},
				"east": {"uv": [3, 5, 3.5, 5.5], "texture": "#side", "cullface": "up"},
				"south": {"uv": [3, 5, 3.5, 5.5], "texture": "#side", "cullface": "up"},
				"west": {"uv": [3, 5, 3.5, 5.5], "texture": "#side", "cullface": "up"},
				"up": {"uv": [3, 5, 3.5, 5.5], "texture": "#side", "cullface": "up"},
				"down": {"uv": [3, 5, 3.5, 5.5], "texture": "#side", "cullface": "up"}
			}
		},
		{
			"from": [3, 16, 8.5],
			"to": [3.5, 17, 9],
			"faces": {
				"north": {"uv": [3, 5, 3.5, 5.5], "texture": "#side", "cullface": "up"},
				"east": {"uv": [3, 5, 3.5, 5.5], "texture": "#side", "cullface": "up"},
				"south": {"uv": [3, 5, 3.5, 5.5], "texture": "#side", "cullface": "up"},
				"west": {"uv": [3, 5, 3.5, 5.5], "texture": "#side", "cullface": "up"},
				"up": {"uv": [3, 5, 3.5, 5.5], "texture": "#side", "cullface": "up"},
				"down": {"uv": [3, 5, 3.5, 5.5], "texture": "#side", "cullface": "up"}
			}
		},
		{
			"from": [1.5, 16, 5.5],
			"to": [2, 16.5, 6],
			"faces": {
				"north": {"uv": [1.5, 5.5, 2, 6], "texture": "#top", "cullface": "up"},
				"east": {"uv": [1.5, 5.5, 2, 6], "texture": "#top", "cullface": "up"},
				"south": {"uv": [1.5, 5.5, 2, 6], "texture": "#top", "cullface": "up"},
				"west": {"uv": [1.5, 5.5, 2, 6], "texture": "#top", "cullface": "up"},
				"up": {"uv": [1.5, 5.5, 2, 6], "texture": "#top", "cullface": "up"}
			}
		},
		{
			"from": [3.5, 16, 2.5],
			"to": [4, 16.5, 3],
			"faces": {
				"north": {"uv": [1.5, 5.5, 2, 6], "texture": "#top", "cullface": "up"},
				"east": {"uv": [1.5, 5.5, 2, 6], "texture": "#top", "cullface": "up"},
				"south": {"uv": [1.5, 5.5, 2, 6], "texture": "#top", "cullface": "up"},
				"west": {"uv": [1.5, 5.5, 2, 6], "texture": "#top", "cullface": "up"},
				"up": {"uv": [1.5, 5.5, 2, 6], "texture": "#top", "cullface": "up"}
			}
		},
		{
			"from": [8.5, 16, 12.5],
			"to": [9, 16.5, 13],
			"faces": {
				"north": {"uv": [1.5, 5.5, 2, 6], "texture": "#top", "cullface": "up"},
				"east": {"uv": [1.5, 5.5, 2, 6], "texture": "#top", "cullface": "up"},
				"south": {"uv": [1.5, 5.5, 2, 6], "texture": "#top", "cullface": "up"},
				"west": {"uv": [1.5, 5.5, 2, 6], "texture": "#top", "cullface": "up"},
				"up": {"uv": [1.5, 5.5, 2, 6], "texture": "#top", "cullface": "up"}
			}
		},
		{
			"from": [5, 16, 13.5],
			"to": [5.5, 16.5, 14],
			"faces": {
				"north": {"uv": [1.5, 5.5, 2, 6], "texture": "#top", "cullface": "up"},
				"east": {"uv": [1.5, 5.5, 2, 6], "texture": "#top", "cullface": "up"},
				"south": {"uv": [1.5, 5.5, 2, 6], "texture": "#top", "cullface": "up"},
				"west": {"uv": [1.5, 5.5, 2, 6], "texture": "#top", "cullface": "up"},
				"up": {"uv": [1.5, 5.5, 2, 6], "texture": "#top", "cullface": "up"}
			}
		},
		{
			"from": [3.5, 16, 11.5],
			"to": [4, 16.5, 12],
			"faces": {
				"north": {"uv": [1.5, 5.5, 2, 6], "texture": "#top", "cullface": "up"},
				"east": {"uv": [1.5, 5.5, 2, 6], "texture": "#top", "cullface": "up"},
				"south": {"uv": [1.5, 5.5, 2, 6], "texture": "#top", "cullface": "up"},
				"west": {"uv": [1.5, 5.5, 2, 6], "texture": "#top", "cullface": "up"},
				"up": {"uv": [1.5, 5.5, 2, 6], "texture": "#top", "cullface": "up"}
			}
		},
		{
			"from": [13, 16, 10.5],
			"to": [13.5, 17, 11],
			"faces": {
				"north": {"uv": [1.5, 5.5, 2, 6], "texture": "#top", "cullface": "up"},
				"east": {"uv": [1.5, 5.5, 2, 6], "texture": "#top", "cullface": "up"},
				"south": {"uv": [1.5, 5.5, 2, 6], "texture": "#top", "cullface": "up"},
				"west": {"uv": [1.5, 5.5, 2, 6], "texture": "#top", "cullface": "up"},
				"up": {"uv": [1.5, 5.5, 2, 6], "texture": "#top", "cullface": "up"}
			}
		},
		{
			"from": [11.5, 16, 9.5],
			"to": [12, 16.5, 10],
			"faces": {
				"north": {"uv": [1.5, 5.5, 2, 6], "texture": "#top", "cullface": "up"},
				"east": {"uv": [1.5, 5.5, 2, 6], "texture": "#top", "cullface": "up"},
				"south": {"uv": [1.5, 5.5, 2, 6], "texture": "#top", "cullface": "up"},
				"west": {"uv": [1.5, 5.5, 2, 6], "texture": "#top", "cullface": "up"},
				"up": {"uv": [1.5, 5.5, 2, 6], "texture": "#top", "cullface": "up"}
			}
		},
		{
			"from": [9, 16, 1],
			"to": [9.5, 16.5, 1.5],
			"faces": {
				"north": {"uv": [1.5, 5.5, 2, 6], "texture": "#top", "cullface": "up"},
				"east": {"uv": [1.5, 5.5, 2, 6], "texture": "#top", "cullface": "up"},
				"south": {"uv": [1.5, 5.5, 2, 6], "texture": "#top", "cullface": "up"},
				"west": {"uv": [1.5, 5.5, 2, 6], "texture": "#top", "cullface": "up"},
				"up": {"uv": [1.5, 5.5, 2, 6], "texture": "#top", "cullface": "up"}
			}
		},
		{
			"from": [13, 16, 13],
			"to": [13.5, 16.5, 13.5],
			"faces": {
				"north": {"uv": [1.5, 5.5, 2, 6], "texture": "#top", "cullface": "up"},
				"east": {"uv": [1.5, 5.5, 2, 6], "texture": "#top", "cullface": "up"},
				"south": {"uv": [1.5, 5.5, 2, 6], "texture": "#top", "cullface": "up"},
				"west": {"uv": [1.5, 5.5, 2, 6], "texture": "#top", "cullface": "up"},
				"up": {"uv": [1.5, 5.5, 2, 6], "texture": "#top", "cullface": "up"}
			}
		},
		{
			"from": [6.5, 16, 3],
			"to": [7, 16.5, 3.5],
			"faces": {
				"north": {"uv": [3, 5, 3.5, 5.5], "texture": "#side", "cullface": "up"},
				"east": {"uv": [3, 5, 3.5, 5.5], "texture": "#side", "cullface": "up"},
				"south": {"uv": [3, 5, 3.5, 5.5], "texture": "#side", "cullface": "up"},
				"west": {"uv": [3, 5, 3.5, 5.5], "texture": "#side", "cullface": "up"},
				"up": {"uv": [3, 5, 3.5, 5.5], "texture": "#side", "cullface": "up"},
				"down": {"uv": [3, 5, 3.5, 5.5], "texture": "#side", "cullface": "up"}
			}
		},
		{
			"from": [9.5, 16, 3.5],
			"to": [10, 16.5, 4],
			"faces": {
				"north": {"uv": [3, 5, 3.5, 5.5], "texture": "#side", "cullface": "up"},
				"east": {"uv": [3, 5, 3.5, 5.5], "texture": "#side", "cullface": "up"},
				"south": {"uv": [3, 5, 3.5, 5.5], "texture": "#side", "cullface": "up"},
				"west": {"uv": [3, 5, 3.5, 5.5], "texture": "#side", "cullface": "up"},
				"up": {"uv": [3, 5, 3.5, 5.5], "texture": "#side", "cullface": "up"},
				"down": {"uv": [3, 5, 3.5, 5.5], "texture": "#side", "cullface": "up"}
			}
		},
		{
			"from": [13.5, 16, 3],
			"to": [14, 17, 3.5],
			"faces": {
				"north": {"uv": [3, 5, 3.5, 5.5], "texture": "#side", "cullface": "up"},
				"east": {"uv": [3, 5, 3.5, 5.5], "texture": "#side", "cullface": "up"},
				"south": {"uv": [3, 5, 3.5, 5.5], "texture": "#side", "cullface": "up"},
				"west": {"uv": [3, 5, 3.5, 5.5], "texture": "#side", "cullface": "up"},
				"up": {"uv": [3, 5, 3.5, 5.5], "texture": "#side", "cullface": "up"},
				"down": {"uv": [3, 5, 3.5, 5.5], "texture": "#side", "cullface": "up"}
			}
		},
		{
			"from": [11.5, 16, 4],
			"to": [12, 16.5, 4.5],
			"faces": {
				"north": {"uv": [3, 5, 3.5, 5.5], "texture": "#side", "cullface": "up"},
				"east": {"uv": [3, 5, 3.5, 5.5], "texture": "#side", "cullface": "up"},
				"south": {"uv": [3, 5, 3.5, 5.5], "texture": "#side", "cullface": "up"},
				"west": {"uv": [3, 5, 3.5, 5.5], "texture": "#side", "cullface": "up"},
				"up": {"uv": [3, 5, 3.5, 5.5], "texture": "#side", "cullface": "up"},
				"down": {"uv": [3, 5, 3.5, 5.5], "texture": "#side", "cullface": "up"}
			}
		},
		{
			"from": [10.5, 10, 1],
			"to": [11, 11, 1.5],
			"faces": {
				"north": {"uv": [3, 5, 3.5, 5.5], "texture": "#side"},
				"east": {"uv": [3, 5, 3.5, 5.5], "texture": "#side"},
				"south": {"uv": [3, 5, 3.5, 5.5], "texture": "#side"},
				"west": {"uv": [3, 5, 3.5, 5.5], "texture": "#side"},
				"up": {"uv": [3, 5, 3.5, 5.5], "rotation": 270, "texture": "#side"},
				"down": {"uv": [3, 5, 3.5, 5.5], "rotation": 90, "texture": "#side"}
			}
		},
		{
			"from": [10.5, 14, 1],
			"to": [11, 14.5, 1.5],
			"faces": {
				"north": {"uv": [3, 5, 3.5, 5.5], "texture": "#side"},
				"east": {"uv": [3, 5, 3.5, 5.5], "texture": "#side"},
				"south": {"uv": [3, 5, 3.5, 5.5], "texture": "#side"},
				"west": {"uv": [3, 5, 3.5, 5.5], "texture": "#side"},
				"up": {"uv": [3, 5, 3.5, 5.5], "rotation": 270, "texture": "#side"},
				"down": {"uv": [3, 5, 3.5, 5.5], "rotation": 90, "texture": "#side"}
			}
		},
		{
			"from": [14.5, 10, 5],
			"to": [15, 10.5, 5.5],
			"faces": {
				"north": {"uv": [3, 5, 3.5, 5.5], "texture": "#side"},
				"east": {"uv": [3, 5, 3.5, 5.5], "texture": "#side"},
				"south": {"uv": [3, 5, 3.5, 5.5], "texture": "#side"},
				"west": {"uv": [3, 5, 3.5, 5.5], "texture": "#side"},
				"up": {"uv": [3, 5, 3.5, 5.5], "texture": "#side"},
				"down": {"uv": [3, 5, 3.5, 5.5], "texture": "#side"}
			}
		},
		{
			"from": [5, 10, 1],
			"to": [5.5, 10.5, 1.5],
			"faces": {
				"north": {"uv": [3, 5, 3.5, 5.5], "texture": "#side"},
				"east": {"uv": [3, 5, 3.5, 5.5], "texture": "#side"},
				"south": {"uv": [3, 5, 3.5, 5.5], "texture": "#side"},
				"west": {"uv": [3, 5, 3.5, 5.5], "texture": "#side"},
				"up": {"uv": [3, 5, 3.5, 5.5], "rotation": 270, "texture": "#side"},
				"down": {"uv": [3, 5, 3.5, 5.5], "rotation": 90, "texture": "#side"}
			}
		},
		{
			"from": [1, 10, 10.5],
			"to": [1.5, 10.5, 11],
			"faces": {
				"north": {"uv": [3, 5, 3.5, 5.5], "texture": "#side"},
				"east": {"uv": [3, 5, 3.5, 5.5], "texture": "#side"},
				"south": {"uv": [3, 5, 3.5, 5.5], "texture": "#side"},
				"west": {"uv": [3, 5, 3.5, 5.5], "texture": "#side"},
				"up": {"uv": [3, 5, 3.5, 5.5], "rotation": 180, "texture": "#side"},
				"down": {"uv": [3, 5, 3.5, 5.5], "rotation": 180, "texture": "#side"}
			}
		},
		{
			"from": [0.5, 11, 10.5],
			"to": [1.5, 11.5, 11],
			"faces": {
				"north": {"uv": [3, 5, 3.5, 5.5], "texture": "#side"},
				"east": {"uv": [3, 5, 3.5, 5.5], "texture": "#side"},
				"south": {"uv": [3, 5, 3.5, 5.5], "texture": "#side"},
				"west": {"uv": [3, 5, 3.5, 5.5], "texture": "#side"},
				"up": {"uv": [3, 5, 3.5, 5.5], "rotation": 180, "texture": "#side"},
				"down": {"uv": [3, 5, 3.5, 5.5], "rotation": 180, "texture": "#side"}
			}
		},
		{
			"from": [0.5, 3, 10.5],
			"to": [1.5, 3.5, 11],
			"faces": {
				"north": {"uv": [3, 5, 3.5, 5.5], "texture": "#side"},
				"east": {"uv": [3, 5, 3.5, 5.5], "texture": "#side"},
				"south": {"uv": [3, 5, 3.5, 5.5], "texture": "#side"},
				"west": {"uv": [3, 5, 3.5, 5.5], "texture": "#side"},
				"up": {"uv": [3, 5, 3.5, 5.5], "rotation": 180, "texture": "#side"},
				"down": {"uv": [3, 5, 3.5, 5.5], "rotation": 180, "texture": "#side"}
			}
		},
		{
			"from": [10.5, 10, 14.5],
			"to": [11, 10.5, 15],
			"faces": {
				"north": {"uv": [3, 5, 3.5, 5.5], "texture": "#side"},
				"east": {"uv": [3, 5, 3.5, 5.5], "texture": "#side"},
				"south": {"uv": [3, 5, 3.5, 5.5], "texture": "#side"},
				"west": {"uv": [3, 5, 3.5, 5.5], "texture": "#side"},
				"up": {"uv": [3, 5, 3.5, 5.5], "rotation": 90, "texture": "#side"},
				"down": {"uv": [3, 5, 3.5, 5.5], "rotation": 270, "texture": "#side"}
			}
		},
		{
			"from": [5, 10, 14.5],
			"to": [5.5, 11, 15],
			"faces": {
				"north": {"uv": [3, 5, 3.5, 5.5], "texture": "#side"},
				"east": {"uv": [3, 5, 3.5, 5.5], "texture": "#side"},
				"south": {"uv": [3, 5, 3.5, 5.5], "texture": "#side"},
				"west": {"uv": [3, 5, 3.5, 5.5], "texture": "#side"},
				"up": {"uv": [3, 5, 3.5, 5.5], "rotation": 90, "texture": "#side"},
				"down": {"uv": [3, 5, 3.5, 5.5], "rotation": 270, "texture": "#side"}
			}
		},
		{
			"from": [14.5, 12.5, 10.5],
			"to": [15.5, 13.5, 11],
			"faces": {
				"north": {"uv": [3, 5, 3.5, 5.5], "texture": "#side"},
				"east": {"uv": [3, 5, 3.5, 5.5], "texture": "#side"},
				"south": {"uv": [3, 5, 3.5, 5.5], "texture": "#side"},
				"west": {"uv": [3, 5, 3.5, 5.5], "texture": "#side"},
				"up": {"uv": [3, 5, 3.5, 5.5], "texture": "#side"},
				"down": {"uv": [3, 5, 3.5, 5.5], "texture": "#side"}
			}
		},
		{
			"from": [10.5, 13, 0.5],
			"to": [11, 13.5, 1.5],
			"faces": {
				"north": {"uv": [3, 5, 3.5, 5.5], "texture": "#side"},
				"east": {"uv": [3, 5, 3.5, 5.5], "texture": "#side"},
				"south": {"uv": [3, 5, 3.5, 5.5], "texture": "#side"},
				"west": {"uv": [3, 5, 3.5, 5.5], "texture": "#side"},
				"up": {"uv": [3, 5, 3.5, 5.5], "rotation": 270, "texture": "#side"},
				"down": {"uv": [3, 5, 3.5, 5.5], "rotation": 90, "texture": "#side"}
			}
		},
		{
			"from": [1, 10, 5],
			"to": [1.5, 11, 5.5],
			"faces": {
				"north": {"uv": [3, 5, 3.5, 5.5], "texture": "#side"},
				"east": {"uv": [3, 5, 3.5, 5.5], "texture": "#side"},
				"south": {"uv": [3, 5, 3.5, 5.5], "texture": "#side"},
				"west": {"uv": [3, 5, 3.5, 5.5], "texture": "#side"},
				"up": {"uv": [3, 5, 3.5, 5.5], "rotation": 180, "texture": "#side"},
				"down": {"uv": [3, 5, 3.5, 5.5], "rotation": 180, "texture": "#side"}
			}
		},
		{
			"from": [5, 13, 14.5],
			"to": [5.5, 13.5, 15.5],
			"faces": {
				"north": {"uv": [3, 5, 3.5, 5.5], "texture": "#side"},
				"east": {"uv": [3, 5, 3.5, 5.5], "texture": "#side"},
				"south": {"uv": [3, 5, 3.5, 5.5], "texture": "#side"},
				"west": {"uv": [3, 5, 3.5, 5.5], "texture": "#side"},
				"up": {"uv": [3, 5, 3.5, 5.5], "rotation": 90, "texture": "#side"},
				"down": {"uv": [3, 5, 3.5, 5.5], "rotation": 270, "texture": "#side"}
			}
		},
		{
			"from": [14.5, 12.5, 5],
			"to": [15, 13, 5.5],
			"faces": {
				"north": {"uv": [3, 5, 3.5, 5.5], "texture": "#side"},
				"east": {"uv": [3, 5, 3.5, 5.5], "texture": "#side"},
				"south": {"uv": [3, 5, 3.5, 5.5], "texture": "#side"},
				"west": {"uv": [3, 5, 3.5, 5.5], "texture": "#side"},
				"up": {"uv": [3, 5, 3.5, 5.5], "texture": "#side"},
				"down": {"uv": [3, 5, 3.5, 5.5], "texture": "#side"}
			}
		},
		{
			"from": [5, 12.5, 0.5],
			"to": [5.5, 13, 1.5],
			"faces": {
				"north": {"uv": [3, 5, 3.5, 5.5], "texture": "#side"},
				"east": {"uv": [3, 5, 3.5, 5.5], "texture": "#side"},
				"south": {"uv": [3, 5, 3.5, 5.5], "texture": "#side"},
				"west": {"uv": [3, 5, 3.5, 5.5], "texture": "#side"},
				"up": {"uv": [3, 5, 3.5, 5.5], "rotation": 270, "texture": "#side"},
				"down": {"uv": [3, 5, 3.5, 5.5], "rotation": 90, "texture": "#side"}
			}
		},
		{
			"from": [1, 12.5, 10.5],
			"to": [1.5, 13, 11],
			"faces": {
				"north": {"uv": [3, 5, 3.5, 5.5], "texture": "#side"},
				"east": {"uv": [3, 5, 3.5, 5.5], "texture": "#side"},
				"south": {"uv": [3, 5, 3.5, 5.5], "texture": "#side"},
				"west": {"uv": [3, 5, 3.5, 5.5], "texture": "#side"},
				"up": {"uv": [3, 5, 3.5, 5.5], "rotation": 180, "texture": "#side"},
				"down": {"uv": [3, 5, 3.5, 5.5], "rotation": 180, "texture": "#side"}
			}
		},
		{
			"from": [0.5, 13, 5],
			"to": [1.5, 13.5, 5.5],
			"faces": {
				"north": {"uv": [3, 5, 3.5, 5.5], "texture": "#side"},
				"east": {"uv": [3, 5, 3.5, 5.5], "texture": "#side"},
				"south": {"uv": [3, 5, 3.5, 5.5], "texture": "#side"},
				"west": {"uv": [3, 5, 3.5, 5.5], "texture": "#side"},
				"up": {"uv": [3, 5, 3.5, 5.5], "rotation": 180, "texture": "#side"},
				"down": {"uv": [3, 5, 3.5, 5.5], "rotation": 180, "texture": "#side"}
			}
		},
		{
			"from": [10.5, 12.5, 14.5],
			"to": [11, 13, 15],
			"faces": {
				"north": {"uv": [3, 5, 3.5, 5.5], "texture": "#side"},
				"east": {"uv": [3, 5, 3.5, 5.5], "texture": "#side"},
				"south": {"uv": [3, 5, 3.5, 5.5], "texture": "#side"},
				"west": {"uv": [3, 5, 3.5, 5.5], "texture": "#side"},
				"up": {"uv": [3, 5, 3.5, 5.5], "rotation": 90, "texture": "#side"},
				"down": {"uv": [3, 5, 3.5, 5.5], "rotation": 270, "texture": "#side"}
			}
		},
		{
			"from": [15, 14, 0.5],
			"to": [15.5, 14.5, 1.5],
			"faces": {
				"north": {"uv": [3, 5, 3.5, 5.5], "texture": "#side"},
				"east": {"uv": [3, 5, 3.5, 5.5], "texture": "#side"},
				"south": {"uv": [3, 5, 3.5, 5.5], "texture": "#side"},
				"west": {"uv": [3, 5, 3.5, 5.5], "texture": "#side"},
				"up": {"uv": [3, 5, 3.5, 5.5], "texture": "#side"},
				"down": {"uv": [3, 5, 3.5, 5.5], "texture": "#side"}
			}
		},
		{
			"from": [0.5, 14, 0.5],
			"to": [1.5, 14.5, 1],
			"faces": {
				"north": {"uv": [3, 5, 3.5, 5.5], "texture": "#side"},
				"east": {"uv": [3, 5, 3.5, 5.5], "texture": "#side"},
				"south": {"uv": [3, 5, 3.5, 5.5], "texture": "#side"},
				"west": {"uv": [3, 5, 3.5, 5.5], "texture": "#side"},
				"up": {"uv": [3, 5, 3.5, 5.5], "rotation": 270, "texture": "#side"},
				"down": {"uv": [3, 5, 3.5, 5.5], "rotation": 90, "texture": "#side"}
			}
		},
		{
			"from": [0.5, 14, 14.5],
			"to": [1, 14.5, 15.5],
			"faces": {
				"north": {"uv": [3, 5, 3.5, 5.5], "texture": "#side"},
				"east": {"uv": [3, 5, 3.5, 5.5], "texture": "#side"},
				"south": {"uv": [3, 5, 3.5, 5.5], "texture": "#side"},
				"west": {"uv": [3, 5, 3.5, 5.5], "texture": "#side"},
				"up": {"uv": [3, 5, 3.5, 5.5], "rotation": 180, "texture": "#side"},
				"down": {"uv": [3, 5, 3.5, 5.5], "rotation": 180, "texture": "#side"}
			}
		},
		{
			"from": [14.5, 14, 15],
			"to": [15.5, 14.5, 15.5],
			"faces": {
				"north": {"uv": [3, 5, 3.5, 5.5], "texture": "#side"},
				"east": {"uv": [3, 5, 3.5, 5.5], "texture": "#side"},
				"south": {"uv": [3, 5, 3.5, 5.5], "texture": "#side"},
				"west": {"uv": [3, 5, 3.5, 5.5], "texture": "#side"},
				"up": {"uv": [3, 5, 3.5, 5.5], "rotation": 90, "texture": "#side"},
				"down": {"uv": [3, 5, 3.5, 5.5], "rotation": 270, "texture": "#side"}
			}
		},
		{
			"from": [15, 10, 0.5],
			"to": [15.5, 10.5, 1.5],
			"faces": {
				"north": {"uv": [3, 5, 3.5, 5.5], "texture": "#side"},
				"east": {"uv": [3, 5, 3.5, 5.5], "texture": "#side"},
				"south": {"uv": [3, 5, 3.5, 5.5], "texture": "#side"},
				"west": {"uv": [3, 5, 3.5, 5.5], "texture": "#side"},
				"up": {"uv": [3, 5, 3.5, 5.5], "texture": "#side"},
				"down": {"uv": [3, 5, 3.5, 5.5], "texture": "#side"}
			}
		},
		{
			"from": [0.5, 10, 0.5],
			"to": [1.5, 10.5, 1],
			"faces": {
				"north": {"uv": [3, 5, 3.5, 5.5], "texture": "#side"},
				"east": {"uv": [3, 5, 3.5, 5.5], "texture": "#side"},
				"south": {"uv": [3, 5, 3.5, 5.5], "texture": "#side"},
				"west": {"uv": [3, 5, 3.5, 5.5], "texture": "#side"},
				"up": {"uv": [3, 5, 3.5, 5.5], "rotation": 270, "texture": "#side"},
				"down": {"uv": [3, 5, 3.5, 5.5], "rotation": 90, "texture": "#side"}
			}
		},
		{
			"from": [0.5, 10, 14.5],
			"to": [1, 10.5, 15.5],
			"faces": {
				"north": {"uv": [3, 5, 3.5, 5.5], "texture": "#side"},
				"east": {"uv": [3, 5, 3.5, 5.5], "texture": "#side"},
				"south": {"uv": [3, 5, 3.5, 5.5], "texture": "#side"},
				"west": {"uv": [3, 5, 3.5, 5.5], "texture": "#side"},
				"up": {"uv": [3, 5, 3.5, 5.5], "rotation": 180, "texture": "#side"},
				"down": {"uv": [3, 5, 3.5, 5.5], "rotation": 180, "texture": "#side"}
			}
		},
		{
			"from": [14.5, 10, 15],
			"to": [15.5, 10.5, 15.5],
			"faces": {
				"north": {"uv": [3, 5, 3.5, 5.5], "texture": "#side"},
				"east": {"uv": [3, 5, 3.5, 5.5], "texture": "#side"},
				"south": {"uv": [3, 5, 3.5, 5.5], "texture": "#side"},
				"west": {"uv": [3, 5, 3.5, 5.5], "texture": "#side"},
				"up": {"uv": [3, 5, 3.5, 5.5], "rotation": 90, "texture": "#side"},
				"down": {"uv": [3, 5, 3.5, 5.5], "rotation": 270, "texture": "#side"}
			}
		},
		{
			"from": [15, 13.5, 3.5],
			"to": [15.5, 14, 4],
			"faces": {
				"north": {"uv": [3, 5, 3.5, 5.5], "texture": "#side"},
				"east": {"uv": [3, 5, 3.5, 5.5], "texture": "#side"},
				"south": {"uv": [3, 5, 3.5, 5.5], "texture": "#side"},
				"west": {"uv": [3, 5, 3.5, 5.5], "texture": "#side"},
				"up": {"uv": [3, 5, 3.5, 5.5], "texture": "#side"},
				"down": {"uv": [3, 5, 3.5, 5.5], "texture": "#side"}
			}
		},
		{
			"from": [3.5, 13.5, 0.5],
			"to": [4, 14, 1],
			"faces": {
				"north": {"uv": [3, 5, 3.5, 5.5], "texture": "#side"},
				"east": {"uv": [3, 5, 3.5, 5.5], "texture": "#side"},
				"south": {"uv": [3, 5, 3.5, 5.5], "texture": "#side"},
				"west": {"uv": [3, 5, 3.5, 5.5], "texture": "#side"},
				"up": {"uv": [3, 5, 3.5, 5.5], "rotation": 270, "texture": "#side"},
				"down": {"uv": [3, 5, 3.5, 5.5], "rotation": 90, "texture": "#side"}
			}
		},
		{
			"from": [0.5, 13.5, 12],
			"to": [1, 14, 12.5],
			"faces": {
				"north": {"uv": [3, 5, 3.5, 5.5], "texture": "#side"},
				"east": {"uv": [3, 5, 3.5, 5.5], "texture": "#side"},
				"south": {"uv": [3, 5, 3.5, 5.5], "texture": "#side"},
				"west": {"uv": [3, 5, 3.5, 5.5], "texture": "#side"},
				"up": {"uv": [3, 5, 3.5, 5.5], "rotation": 180, "texture": "#side"},
				"down": {"uv": [3, 5, 3.5, 5.5], "rotation": 180, "texture": "#side"}
			}
		},
		{
			"from": [12, 13.5, 15],
			"to": [12.5, 14, 15.5],
			"faces": {
				"north": {"uv": [3, 5, 3.5, 5.5], "texture": "#side"},
				"east": {"uv": [3, 5, 3.5, 5.5], "texture": "#side"},
				"south": {"uv": [3, 5, 3.5, 5.5], "texture": "#side"},
				"west": {"uv": [3, 5, 3.5, 5.5], "texture": "#side"},
				"up": {"uv": [3, 5, 3.5, 5.5], "rotation": 90, "texture": "#side"},
				"down": {"uv": [3, 5, 3.5, 5.5], "rotation": 270, "texture": "#side"}
			}
		},
		{
			"from": [14.5, 14, 5],
			"to": [15, 14.5, 5.5],
			"faces": {
				"north": {"uv": [3, 5, 3.5, 5.5], "texture": "#side"},
				"east": {"uv": [3, 5, 3.5, 5.5], "texture": "#side"},
				"south": {"uv": [3, 5, 3.5, 5.5], "texture": "#side"},
				"west": {"uv": [3, 5, 3.5, 5.5], "texture": "#side"},
				"up": {"uv": [3, 5, 3.5, 5.5], "texture": "#side"},
				"down": {"uv": [3, 5, 3.5, 5.5], "texture": "#side"}
			}
		},
		{
			"from": [5, 14, 1],
			"to": [5.5, 14.5, 1.5],
			"faces": {
				"north": {"uv": [3, 5, 3.5, 5.5], "texture": "#side"},
				"east": {"uv": [3, 5, 3.5, 5.5], "texture": "#side"},
				"south": {"uv": [3, 5, 3.5, 5.5], "texture": "#side"},
				"west": {"uv": [3, 5, 3.5, 5.5], "texture": "#side"},
				"up": {"uv": [3, 5, 3.5, 5.5], "rotation": 270, "texture": "#side"},
				"down": {"uv": [3, 5, 3.5, 5.5], "rotation": 90, "texture": "#side"}
			}
		},
		{
			"from": [1, 13.5, 10.5],
			"to": [1.5, 14.5, 11],
			"faces": {
				"north": {"uv": [3, 5, 3.5, 5.5], "texture": "#side"},
				"east": {"uv": [3, 5, 3.5, 5.5], "texture": "#side"},
				"south": {"uv": [3, 5, 3.5, 5.5], "texture": "#side"},
				"west": {"uv": [3, 5, 3.5, 5.5], "texture": "#side"},
				"up": {"uv": [3, 5, 3.5, 5.5], "rotation": 180, "texture": "#side"},
				"down": {"uv": [3, 5, 3.5, 5.5], "rotation": 180, "texture": "#side"}
			}
		},
		{
			"from": [1, 14, 5],
			"to": [1.5, 14.5, 5.5],
			"faces": {
				"north": {"uv": [3, 5, 3.5, 5.5], "texture": "#side"},
				"east": {"uv": [3, 5, 3.5, 5.5], "texture": "#side"},
				"south": {"uv": [3, 5, 3.5, 5.5], "texture": "#side"},
				"west": {"uv": [3, 5, 3.5, 5.5], "texture": "#side"},
				"up": {"uv": [3, 5, 3.5, 5.5], "rotation": 180, "texture": "#side"},
				"down": {"uv": [3, 5, 3.5, 5.5], "rotation": 180, "texture": "#side"}
			}
		},
		{
			"from": [10.5, 14, 14.5],
			"to": [11, 14.5, 15],
			"faces": {
				"north": {"uv": [3, 5, 3.5, 5.5], "texture": "#side"},
				"east": {"uv": [3, 5, 3.5, 5.5], "texture": "#side"},
				"south": {"uv": [3, 5, 3.5, 5.5], "texture": "#side"},
				"west": {"uv": [3, 5, 3.5, 5.5], "texture": "#side"},
				"up": {"uv": [3, 5, 3.5, 5.5], "rotation": 90, "texture": "#side"},
				"down": {"uv": [3, 5, 3.5, 5.5], "rotation": 270, "texture": "#side"}
			}
		},
		{
			"from": [5, 14, 14.5],
			"to": [5.5, 14.5, 15],
			"faces": {
				"north": {"uv": [3, 5, 3.5, 5.5], "texture": "#side"},
				"east": {"uv": [3, 5, 3.5, 5.5], "texture": "#side"},
				"south": {"uv": [3, 5, 3.5, 5.5], "texture": "#side"},
				"west": {"uv": [3, 5, 3.5, 5.5], "texture": "#side"},
				"up": {"uv": [3, 5, 3.5, 5.5], "rotation": 90, "texture": "#side"},
				"down": {"uv": [3, 5, 3.5, 5.5], "rotation": 270, "texture": "#side"}
			}
		},
		{
			"from": [15, 10.5, 12.5],
			"to": [15.5, 11, 13],
			"faces": {
				"north": {"uv": [3, 5, 3.5, 5.5], "texture": "#side"},
				"east": {"uv": [3, 5, 3.5, 5.5], "texture": "#side"},
				"south": {"uv": [3, 5, 3.5, 5.5], "texture": "#side"},
				"west": {"uv": [3, 5, 3.5, 5.5], "texture": "#side"},
				"up": {"uv": [3, 5, 3.5, 5.5], "texture": "#side"},
				"down": {"uv": [3, 5, 3.5, 5.5], "texture": "#side"}
			}
		},
		{
			"from": [12.5, 10.5, 0.5],
			"to": [13, 11, 1],
			"faces": {
				"north": {"uv": [3, 5, 3.5, 5.5], "texture": "#side"},
				"east": {"uv": [3, 5, 3.5, 5.5], "texture": "#side"},
				"south": {"uv": [3, 5, 3.5, 5.5], "texture": "#side"},
				"west": {"uv": [3, 5, 3.5, 5.5], "texture": "#side"},
				"up": {"uv": [3, 5, 3.5, 5.5], "rotation": 270, "texture": "#side"},
				"down": {"uv": [3, 5, 3.5, 5.5], "rotation": 90, "texture": "#side"}
			}
		},
		{
			"from": [0.5, 10.5, 3],
			"to": [1, 11, 3.5],
			"faces": {
				"north": {"uv": [3, 5, 3.5, 5.5], "texture": "#side"},
				"east": {"uv": [3, 5, 3.5, 5.5], "texture": "#side"},
				"south": {"uv": [3, 5, 3.5, 5.5], "texture": "#side"},
				"west": {"uv": [3, 5, 3.5, 5.5], "texture": "#side"},
				"up": {"uv": [3, 5, 3.5, 5.5], "rotation": 180, "texture": "#side"},
				"down": {"uv": [3, 5, 3.5, 5.5], "rotation": 180, "texture": "#side"}
			}
		},
		{
			"from": [3, 10.5, 15],
			"to": [3.5, 11, 15.5],
			"faces": {
				"north": {"uv": [3, 5, 3.5, 5.5], "texture": "#side"},
				"east": {"uv": [3, 5, 3.5, 5.5], "texture": "#side"},
				"south": {"uv": [3, 5, 3.5, 5.5], "texture": "#side"},
				"west": {"uv": [3, 5, 3.5, 5.5], "texture": "#side"},
				"up": {"uv": [3, 5, 3.5, 5.5], "rotation": 90, "texture": "#side"},
				"down": {"uv": [3, 5, 3.5, 5.5], "rotation": 270, "texture": "#side"}
			}
		},
		{
			"from": [15, 2.5, 12.5],
			"to": [15.5, 3, 13],
			"faces": {
				"north": {"uv": [3, 5, 3.5, 5.5], "texture": "#side"},
				"east": {"uv": [3, 5, 3.5, 5.5], "texture": "#side"},
				"south": {"uv": [3, 5, 3.5, 5.5], "texture": "#side"},
				"west": {"uv": [3, 5, 3.5, 5.5], "texture": "#side"},
				"up": {"uv": [3, 5, 3.5, 5.5], "texture": "#side"},
				"down": {"uv": [3, 5, 3.5, 5.5], "texture": "#side"}
			}
		},
		{
			"from": [12.5, 2.5, 0.5],
			"to": [13, 3, 1],
			"faces": {
				"north": {"uv": [3, 5, 3.5, 5.5], "texture": "#side"},
				"east": {"uv": [3, 5, 3.5, 5.5], "texture": "#side"},
				"south": {"uv": [3, 5, 3.5, 5.5], "texture": "#side"},
				"west": {"uv": [3, 5, 3.5, 5.5], "texture": "#side"},
				"up": {"uv": [3, 5, 3.5, 5.5], "rotation": 270, "texture": "#side"},
				"down": {"uv": [3, 5, 3.5, 5.5], "rotation": 90, "texture": "#side"}
			}
		},
		{
			"from": [0.5, 2.5, 3],
			"to": [1, 3, 3.5],
			"faces": {
				"north": {"uv": [3, 5, 3.5, 5.5], "texture": "#side"},
				"east": {"uv": [3, 5, 3.5, 5.5], "texture": "#side"},
				"south": {"uv": [3, 5, 3.5, 5.5], "texture": "#side"},
				"west": {"uv": [3, 5, 3.5, 5.5], "texture": "#side"},
				"up": {"uv": [3, 5, 3.5, 5.5], "rotation": 180, "texture": "#side"},
				"down": {"uv": [3, 5, 3.5, 5.5], "rotation": 180, "texture": "#side"}
			}
		},
		{
			"from": [3, 2.5, 15],
			"to": [3.5, 3, 15.5],
			"faces": {
				"north": {"uv": [3, 5, 3.5, 5.5], "texture": "#side"},
				"east": {"uv": [3, 5, 3.5, 5.5], "texture": "#side"},
				"south": {"uv": [3, 5, 3.5, 5.5], "texture": "#side"},
				"west": {"uv": [3, 5, 3.5, 5.5], "texture": "#side"},
				"up": {"uv": [3, 5, 3.5, 5.5], "rotation": 90, "texture": "#side"},
				"down": {"uv": [3, 5, 3.5, 5.5], "rotation": 270, "texture": "#side"}
			}
		},
		{
			"from": [14.5, 4.5, 5],
			"to": [15, 5, 5.5],
			"faces": {
				"north": {"uv": [3, 5, 3.5, 5.5], "texture": "#side"},
				"east": {"uv": [3, 5, 3.5, 5.5], "texture": "#side"},
				"south": {"uv": [3, 5, 3.5, 5.5], "texture": "#side"},
				"west": {"uv": [3, 5, 3.5, 5.5], "texture": "#side"},
				"up": {"uv": [3, 5, 3.5, 5.5], "texture": "#side"},
				"down": {"uv": [3, 5, 3.5, 5.5], "texture": "#side"}
			}
		},
		{
			"from": [5, 4.5, 1],
			"to": [5.5, 5, 1.5],
			"faces": {
				"north": {"uv": [3, 5, 3.5, 5.5], "texture": "#side"},
				"east": {"uv": [3, 5, 3.5, 5.5], "texture": "#side"},
				"south": {"uv": [3, 5, 3.5, 5.5], "texture": "#side"},
				"west": {"uv": [3, 5, 3.5, 5.5], "texture": "#side"},
				"up": {"uv": [3, 5, 3.5, 5.5], "rotation": 270, "texture": "#side"},
				"down": {"uv": [3, 5, 3.5, 5.5], "rotation": 90, "texture": "#side"}
			}
		},
		{
			"from": [1, 5.5, 10.5],
			"to": [1.5, 6, 11],
			"faces": {
				"north": {"uv": [3, 5, 3.5, 5.5], "texture": "#side"},
				"east": {"uv": [3, 5, 3.5, 5.5], "texture": "#side"},
				"south": {"uv": [3, 5, 3.5, 5.5], "texture": "#side"},
				"west": {"uv": [3, 5, 3.5, 5.5], "texture": "#side"},
				"up": {"uv": [3, 5, 3.5, 5.5], "rotation": 180, "texture": "#side"},
				"down": {"uv": [3, 5, 3.5, 5.5], "rotation": 180, "texture": "#side"}
			}
		},
		{
			"from": [10.5, 4.5, 14.5],
			"to": [11, 5, 15],
			"faces": {
				"north": {"uv": [3, 5, 3.5, 5.5], "texture": "#side"},
				"east": {"uv": [3, 5, 3.5, 5.5], "texture": "#side"},
				"south": {"uv": [3, 5, 3.5, 5.5], "texture": "#side"},
				"west": {"uv": [3, 5, 3.5, 5.5], "texture": "#side"},
				"up": {"uv": [3, 5, 3.5, 5.5], "rotation": 90, "texture": "#side"},
				"down": {"uv": [3, 5, 3.5, 5.5], "rotation": 270, "texture": "#side"}
			}
		},
		{
			"from": [14.5, 2.5, 10.5],
			"to": [15, 3.5, 11],
			"faces": {
				"north": {"uv": [14.5, 11, 15, 11.5], "texture": "#side"},
				"east": {"uv": [14.5, 11, 15, 11.5], "texture": "#side"},
				"south": {"uv": [14.5, 11, 15, 11.5], "texture": "#side"},
				"west": {"uv": [14.5, 11, 15, 11.5], "texture": "#side"},
				"up": {"uv": [14.5, 11, 15, 11.5], "texture": "#side"},
				"down": {"uv": [14.5, 11, 15, 11.5], "texture": "#side"}
			}
		},
		{
			"from": [10.5, 2.5, 1],
			"to": [11, 3, 1.5],
			"faces": {
				"north": {"uv": [14.5, 11, 15, 11.5], "texture": "#side"},
				"east": {"uv": [14.5, 11, 15, 11.5], "texture": "#side"},
				"south": {"uv": [14.5, 11, 15, 11.5], "texture": "#side"},
				"west": {"uv": [14.5, 11, 15, 11.5], "texture": "#side"},
				"up": {"uv": [14.5, 11, 15, 11.5], "rotation": 270, "texture": "#side"},
				"down": {"uv": [14.5, 11, 15, 11.5], "rotation": 90, "texture": "#side"}
			}
		},
		{
			"from": [1, 2.5, 5],
			"to": [1.5, 3, 5.5],
			"faces": {
				"north": {"uv": [14.5, 11, 15, 11.5], "texture": "#side"},
				"east": {"uv": [14.5, 11, 15, 11.5], "texture": "#side"},
				"south": {"uv": [14.5, 11, 15, 11.5], "texture": "#side"},
				"west": {"uv": [14.5, 11, 15, 11.5], "texture": "#side"},
				"up": {"uv": [14.5, 11, 15, 11.5], "rotation": 180, "texture": "#side"},
				"down": {"uv": [14.5, 11, 15, 11.5], "rotation": 180, "texture": "#side"}
			}
		},
		{
			"from": [5, 2.5, 14.5],
			"to": [5.5, 3, 15],
			"faces": {
				"north": {"uv": [14.5, 11, 15, 11.5], "texture": "#side"},
				"east": {"uv": [14.5, 11, 15, 11.5], "texture": "#side"},
				"south": {"uv": [14.5, 11, 15, 11.5], "texture": "#side"},
				"west": {"uv": [14.5, 11, 15, 11.5], "texture": "#side"},
				"up": {"uv": [14.5, 11, 15, 11.5], "rotation": 90, "texture": "#side"},
				"down": {"uv": [14.5, 11, 15, 11.5], "rotation": 270, "texture": "#side"}
			}
		},
		{
			"from": [15, 2.5, 14.5],
			"to": [15.5, 3, 15.5],
			"faces": {
				"north": {"uv": [14.5, 11, 15, 11.5], "texture": "#side"},
				"east": {"uv": [14.5, 11, 15, 11.5], "texture": "#side"},
				"south": {"uv": [14.5, 11, 15, 11.5], "texture": "#side"},
				"west": {"uv": [14.5, 11, 15, 11.5], "texture": "#side"},
				"up": {"uv": [14.5, 11, 15, 11.5], "texture": "#side"},
				"down": {"uv": [14.5, 11, 15, 11.5], "texture": "#side"}
			}
		},
		{
			"from": [14.5, 2.5, 0.5],
			"to": [15.5, 3, 1],
			"faces": {
				"north": {"uv": [14.5, 11, 15, 11.5], "texture": "#side"},
				"east": {"uv": [14.5, 11, 15, 11.5], "texture": "#side"},
				"south": {"uv": [14.5, 11, 15, 11.5], "texture": "#side"},
				"west": {"uv": [14.5, 11, 15, 11.5], "texture": "#side"},
				"up": {"uv": [14.5, 11, 15, 11.5], "rotation": 270, "texture": "#side"},
				"down": {"uv": [14.5, 11, 15, 11.5], "rotation": 90, "texture": "#side"}
			}
		},
		{
			"from": [0.5, 2.5, 0.5],
			"to": [1, 3, 1.5],
			"faces": {
				"north": {"uv": [14.5, 11, 15, 11.5], "texture": "#side"},
				"east": {"uv": [14.5, 11, 15, 11.5], "texture": "#side"},
				"south": {"uv": [14.5, 11, 15, 11.5], "texture": "#side"},
				"west": {"uv": [14.5, 11, 15, 11.5], "texture": "#side"},
				"up": {"uv": [14.5, 11, 15, 11.5], "rotation": 180, "texture": "#side"},
				"down": {"uv": [14.5, 11, 15, 11.5], "rotation": 180, "texture": "#side"}
			}
		},
		{
			"from": [0.5, 2.5, 15],
			"to": [1.5, 3, 15.5],
			"faces": {
				"north": {"uv": [14.5, 11, 15, 11.5], "texture": "#side"},
				"east": {"uv": [14.5, 11, 15, 11.5], "texture": "#side"},
				"south": {"uv": [14.5, 11, 15, 11.5], "texture": "#side"},
				"west": {"uv": [14.5, 11, 15, 11.5], "texture": "#side"},
				"up": {"uv": [14.5, 11, 15, 11.5], "rotation": 90, "texture": "#side"},
				"down": {"uv": [14.5, 11, 15, 11.5], "rotation": 270, "texture": "#side"}
			}
		},
		{
			"from": [15, 12.5, 14.5],
			"to": [15.5, 13, 15.5],
			"faces": {
				"north": {"uv": [14.5, 11, 15, 11.5], "texture": "#side"},
				"east": {"uv": [14.5, 11, 15, 11.5], "texture": "#side"},
				"south": {"uv": [14.5, 11, 15, 11.5], "texture": "#side"},
				"west": {"uv": [14.5, 11, 15, 11.5], "texture": "#side"},
				"up": {"uv": [14.5, 11, 15, 11.5], "texture": "#side"},
				"down": {"uv": [14.5, 11, 15, 11.5], "texture": "#side"}
			}
		},
		{
			"from": [14.5, 12.5, 0.5],
			"to": [15.5, 13, 1],
			"faces": {
				"north": {"uv": [14.5, 11, 15, 11.5], "texture": "#side"},
				"east": {"uv": [14.5, 11, 15, 11.5], "texture": "#side"},
				"south": {"uv": [14.5, 11, 15, 11.5], "texture": "#side"},
				"west": {"uv": [14.5, 11, 15, 11.5], "texture": "#side"},
				"up": {"uv": [14.5, 11, 15, 11.5], "rotation": 270, "texture": "#side"},
				"down": {"uv": [14.5, 11, 15, 11.5], "rotation": 90, "texture": "#side"}
			}
		},
		{
			"from": [0.5, 12.5, 0.5],
			"to": [1, 13, 1.5],
			"faces": {
				"north": {"uv": [14.5, 11, 15, 11.5], "texture": "#side"},
				"east": {"uv": [14.5, 11, 15, 11.5], "texture": "#side"},
				"south": {"uv": [14.5, 11, 15, 11.5], "texture": "#side"},
				"west": {"uv": [14.5, 11, 15, 11.5], "texture": "#side"},
				"up": {"uv": [14.5, 11, 15, 11.5], "rotation": 180, "texture": "#side"},
				"down": {"uv": [14.5, 11, 15, 11.5], "rotation": 180, "texture": "#side"}
			}
		},
		{
			"from": [0.5, 12.5, 15],
			"to": [1.5, 13, 15.5],
			"faces": {
				"north": {"uv": [14.5, 11, 15, 11.5], "texture": "#side"},
				"east": {"uv": [14.5, 11, 15, 11.5], "texture": "#side"},
				"south": {"uv": [14.5, 11, 15, 11.5], "texture": "#side"},
				"west": {"uv": [14.5, 11, 15, 11.5], "texture": "#side"},
				"up": {"uv": [14.5, 11, 15, 11.5], "rotation": 90, "texture": "#side"},
				"down": {"uv": [14.5, 11, 15, 11.5], "rotation": 270, "texture": "#side"}
			}
		},
		{
			"from": [15, 4.5, 0.5],
			"to": [15.5, 5, 1.5],
			"faces": {
				"north": {"uv": [14.5, 11, 15, 11.5], "texture": "#side"},
				"east": {"uv": [14.5, 11, 15, 11.5], "texture": "#side"},
				"south": {"uv": [14.5, 11, 15, 11.5], "texture": "#side"},
				"west": {"uv": [14.5, 11, 15, 11.5], "texture": "#side"},
				"up": {"uv": [14.5, 11, 15, 11.5], "texture": "#side"},
				"down": {"uv": [14.5, 11, 15, 11.5], "texture": "#side"}
			}
		},
		{
			"from": [0.5, 4.5, 0.5],
			"to": [1.5, 5, 1],
			"faces": {
				"north": {"uv": [14.5, 11, 15, 11.5], "texture": "#side"},
				"east": {"uv": [14.5, 11, 15, 11.5], "texture": "#side"},
				"south": {"uv": [14.5, 11, 15, 11.5], "texture": "#side"},
				"west": {"uv": [14.5, 11, 15, 11.5], "texture": "#side"},
				"up": {"uv": [14.5, 11, 15, 11.5], "rotation": 270, "texture": "#side"},
				"down": {"uv": [14.5, 11, 15, 11.5], "rotation": 90, "texture": "#side"}
			}
		},
		{
			"from": [0.5, 4.5, 14.5],
			"to": [1, 5, 15.5],
			"faces": {
				"north": {"uv": [14.5, 11, 15, 11.5], "texture": "#side"},
				"east": {"uv": [14.5, 11, 15, 11.5], "texture": "#side"},
				"south": {"uv": [14.5, 11, 15, 11.5], "texture": "#side"},
				"west": {"uv": [14.5, 11, 15, 11.5], "texture": "#side"},
				"up": {"uv": [14.5, 11, 15, 11.5], "rotation": 180, "texture": "#side"},
				"down": {"uv": [14.5, 11, 15, 11.5], "rotation": 180, "texture": "#side"}
			}
		},
		{
			"from": [14.5, 4.5, 15],
			"to": [15.5, 5, 15.5],
			"faces": {
				"north": {"uv": [14.5, 11, 15, 11.5], "texture": "#side"},
				"east": {"uv": [14.5, 11, 15, 11.5], "texture": "#side"},
				"south": {"uv": [14.5, 11, 15, 11.5], "texture": "#side"},
				"west": {"uv": [14.5, 11, 15, 11.5], "texture": "#side"},
				"up": {"uv": [14.5, 11, 15, 11.5], "rotation": 90, "texture": "#side"},
				"down": {"uv": [14.5, 11, 15, 11.5], "rotation": 270, "texture": "#side"}
			}
		},
		{
			"from": [-0.53073, 6.80448, 3],
			"to": [-0.53073, 10.30448, 10],
			"rotation": {"angle": 22.5, "axis": "z", "origin": [0, 10.5, 10.5]},
			"faces": {
				"east": {"uv": [8.5, 8.5, 15.5, 12], "texture": "#4"},
				"west": {"uv": [8.5, 0.5, 15.5, 4], "texture": "#4"}
			}
		},
		{
			"from": [-0.53073, 3, 6.80448],
			"to": [-0.53073, 10, 10.30448],
			"rotation": {"angle": -22.5, "axis": "y", "origin": [0, 10.5, 10.5]},
			"faces": {
				"east": {"uv": [8.5, 8.5, 12, 15.5], "texture": "#4"},
				"west": {"uv": [8.5, 0.5, 12, 7.5], "rotation": 180, "texture": "#4"}
			}
		},
		{
			"from": [2.53073, 3.30448, 3],
			"to": [2.53073, 6.80448, 10],
			"rotation": {"angle": -22.5, "axis": "z", "origin": [0, 10.5, 10.5]},
			"faces": {
				"east": {"uv": [8.5, 12, 15.5, 15.5], "texture": "#4"},
				"west": {"uv": [8.5, 4, 15.5, 7.5], "texture": "#4"}
			}
		},
		{
			"from": [2.53073, 3, 3.30448],
			"to": [2.53073, 10, 6.80448],
			"rotation": {"angle": 22.5, "axis": "y", "origin": [0, 10.5, 10.5]},
			"faces": {
				"east": {"uv": [12, 8.5, 15.5, 15.5], "texture": "#4"},
				"west": {"uv": [12, 0.5, 15.5, 7.5], "rotation": 180, "texture": "#4"}
			}
		},
		{
			"from": [16.53073, 6.80448, 6],
			"to": [16.53073, 10.30448, 13],
			"rotation": {"angle": -22.5, "axis": "z", "origin": [16, 10.5, 5.5]},
			"faces": {
				"east": {"uv": [8.5, 0.5, 15.5, 4], "texture": "#4"},
				"west": {"uv": [8.5, 8.5, 15.5, 12], "texture": "#4"}
			}
		},
		{
			"from": [13.46927, 3, 9.19552],
			"to": [13.46927, 10, 12.69552],
			"rotation": {"angle": 22.5, "axis": "y", "origin": [16, 10.5, 5.5]},
			"faces": {
				"east": {"uv": [8.5, 0.5, 12, 7.5], "texture": "#4"},
				"west": {"uv": [8.5, 8.5, 12, 15.5], "rotation": 180, "texture": "#4"}
			}
		},
		{
			"from": [13.46927, 3.30448, 6],
			"to": [13.46927, 6.80448, 13],
			"rotation": {"angle": 22.5, "axis": "z", "origin": [16, 10.5, 5.5]},
			"faces": {
				"east": {"uv": [8.5, 4, 15.5, 7.5], "texture": "#4"},
				"west": {"uv": [8.5, 12, 15.5, 15.5], "texture": "#4"}
			}
		},
		{
			"from": [16.53073, 3, 5.69552],
			"to": [16.53073, 10, 9.19552],
			"rotation": {"angle": -22.5, "axis": "y", "origin": [16, 10.5, 5.5]},
			"faces": {
				"east": {"uv": [12, 0.5, 15.5, 7.5], "texture": "#4"},
				"west": {"uv": [12, 8.5, 15.5, 15.5], "rotation": 180, "texture": "#4"}
			}
		},
		{
			"from": [3, 7.80448, 16.53073],
			"to": [10, 11.30448, 16.53073],
			"rotation": {"angle": 22.5, "axis": "x", "origin": [10.5, 10.5, 15]},
			"faces": {
				"north": {"uv": [8.5, 8.5, 15.5, 12], "texture": "#4"},
				"south": {"uv": [8.5, 0.5, 15.5, 4], "texture": "#4"}
			}
		},
		{
			"from": [2.30448, 3, 13.46927],
			"to": [5.80448, 10, 13.46927],
			"rotation": {"angle": 22.5, "axis": "y", "origin": [10.5, 10.5, 15]},
			"faces": {
				"north": {"uv": [8.5, 8.5, 12, 15.5], "rotation": 180, "texture": "#4"},
				"south": {"uv": [8.5, 0.5, 12, 7.5], "texture": "#4"}
			}
		},
		{
			"from": [3, 2.30448, 13.46927],
			"to": [10, 5.80448, 13.46927],
			"rotation": {"angle": -22.5, "axis": "x", "origin": [10.5, 10.5, 15]},
			"faces": {
				"north": {"uv": [8.5, 12, 15.5, 15.5], "texture": "#4"},
				"south": {"uv": [8.5, 4, 15.5, 7.5], "texture": "#4"}
			}
		},
		{
			"from": [7.80448, 3, 16.53073],
			"to": [11.30448, 10, 16.53073],
			"rotation": {"angle": -22.5, "axis": "y", "origin": [10.5, 10.5, 15]},
			"faces": {
				"north": {"uv": [12, 8.5, 15.5, 15.5], "rotation": 180, "texture": "#4"},
				"south": {"uv": [12, 0.5, 15.5, 7.5], "texture": "#4"}
			}
		},
		{
			"from": [6, 6.80448, -0.53073],
			"to": [13, 10.30448, -0.53073],
			"rotation": {"angle": -22.5, "axis": "x", "origin": [5.5, 10.5, 0]},
			"faces": {
				"north": {"uv": [8.5, 0.5, 15.5, 4], "texture": "#4"},
				"south": {"uv": [8.5, 8.5, 15.5, 12], "texture": "#4"}
			}
		},
		{
			"from": [9.19552, 3, 2.53073],
			"to": [12.69552, 10, 2.53073],
			"rotation": {"angle": 22.5, "axis": "y", "origin": [5.5, 10.5, 0]},
			"faces": {
				"north": {"uv": [8.5, 0.5, 12, 7.5], "texture": "#4"},
				"south": {"uv": [8.5, 8.5, 12, 15.5], "rotation": 180, "texture": "#4"}
			}
		},
		{
			"from": [6, 3.30448, 2.53073],
			"to": [13, 6.80448, 2.53073],
			"rotation": {"angle": 22.5, "axis": "x", "origin": [5.5, 10.5, 0]},
			"faces": {
				"north": {"uv": [8.5, 4, 15.5, 7.5], "texture": "#4"},
				"south": {"uv": [8.5, 12, 15.5, 15.5], "texture": "#4"}
			}
		},
		{
			"from": [5.69552, 3, -0.53073],
			"to": [9.19552, 10, -0.53073],
			"rotation": {"angle": -22.5, "axis": "y", "origin": [5.5, 10.5, 0]},
			"faces": {
				"north": {"uv": [12, 0.5, 15.5, 7.5], "texture": "#4"},
				"south": {"uv": [12, 8.5, 15.5, 15.5], "rotation": 180, "texture": "#4"}
			}
		},
		{
			"from": [4.5, 15.53806, 3.69134],
			"to": [11.5, 15.53806, 7.19134],
			"rotation": {"angle": 22.5, "axis": "x", "origin": [8, 15, 8]},
			"faces": {
				"up": {"uv": [8.5, 0.5, 15.5, 4], "texture": "#4", "cullface": "up"},
				"down": {"uv": [8.5, 8.5, 15.5, 12], "rotation": 180, "texture": "#4", "cullface": "up"}
			}
		},
		{
			"from": [3.69134, 15.53806, 4.5],
			"to": [7.19134, 15.53806, 11.5],
			"rotation": {"angle": -22.5, "axis": "z", "origin": [8, 15, 8]},
			"faces": {
				"up": {"uv": [8.5, 0.5, 12, 7.5], "texture": "#4", "cullface": "up"},
				"down": {"uv": [8.5, 8.5, 15.5, 15], "texture": "#4", "cullface": "up"}
			}
		},
		{
			"from": [4.5, 15.53806, 8.80866],
			"to": [11.5, 15.53806, 12.30866],
			"rotation": {"angle": -22.5, "axis": "x", "origin": [8, 15, 8]},
			"faces": {
				"up": {"uv": [8.5, 4, 15.5, 7.5], "texture": "#4", "cullface": "up"},
				"down": {"uv": [8.5, 12, 15.5, 15.5], "rotation": 180, "texture": "#4", "cullface": "up"}
			}
		},
		{
			"from": [8.80866, 15.53806, 4.5],
			"to": [12.30866, 15.53806, 11.5],
			"rotation": {"angle": 22.5, "axis": "z", "origin": [8, 15, 8]},
			"faces": {
				"up": {"uv": [12, 0.5, 15.5, 7.5], "texture": "#4", "cullface": "up"},
				"down": {"uv": [12, 8.5, 15.5, 15.5], "texture": "#4", "cullface": "up"}
			}
		}
	]
}