{
	"credit": "Made with Blockbench",
	"parent": "block/block",
	"texture_size": [64, 64],
	"textures": {
		"0": "block/fence/bamboo",
		"particle": "block/break/fence/bamboo"
	},
	"elements": [
		{
			"name": "top bar",
			"from": [0, 12, 4.5],
			"to": [3, 15, 9.5],
			"rotation": {"angle": 0, "axis": "y", "origin": [1.5, 15, 8]},
			"faces": {
				"east": {"uv": [6.5, 9.75, 9, 8.25], "texture": "#0"},
				"south": {"uv": [4.75, 8.25, 3.25, 9.75], "texture": "#0"},
				"west": {"uv": [9, 10, 6.5, 11.5], "texture": "#0"},
				"up": {"uv": [6.5, 9.75, 9, 8.25], "rotation": 270, "texture": "#0"},
				"down": {"uv": [9, 11.75, 6.5, 13.25], "rotation": 270, "texture": "#0"}
			}
		},
		{
			"name": "top bar",
			"from": [13, 12, 4.5],
			"to": [16, 15, 9.5],
			"rotation": {"angle": 0, "axis": "y", "origin": [14.5, 15, 8]},
			"faces": {
				"east": {"uv": [2.5, 10, 0, 11.5], "texture": "#0"},
				"south": {"uv": [4.75, 8.25, 3.25, 9.75], "texture": "#0"},
				"west": {"uv": [0, 15, 2.5, 13.5], "texture": "#0"},
				"up": {"uv": [2.5, 8.25, 0, 9.75], "rotation": 270, "texture": "#0"},
				"down": {"uv": [0, 13.25, 2.5, 11.75], "rotation": 270, "texture": "#0"}
			}
		},
		{
			"name": "lower bar",
			"from": [13, 6, 4.5],
			"to": [16, 9, 9.5],
			"rotation": {"angle": 0, "axis": "y", "origin": [14.5, 15, 8]},
			"faces": {
				"east": {"uv": [2.5, 13.5, 0, 15], "texture": "#0"},
				"south": {"uv": [4.75, 8.25, 3.25, 9.75], "texture": "#0"},
				"west": {"uv": [0, 11.5, 2.5, 10], "texture": "#0"},
				"up": {"uv": [2.5, 11.75, 0, 13.25], "rotation": 270, "texture": "#0"},
				"down": {"uv": [0, 9.75, 2.5, 8.25], "rotation": 270, "texture": "#0"}
			}
		},
		{
			"name": "lower bar",
			"from": [0, 6, 4.5],
			"to": [3, 9, 9.5],
			"rotation": {"angle": 0, "axis": "y", "origin": [1.5, 15, 8]},
			"faces": {
				"east": {"uv": [6.5, 11.5, 9, 10], "texture": "#0"},
				"south": {"uv": [4.75, 8.25, 3.25, 9.75], "texture": "#0"},
				"west": {"uv": [9, 13.5, 6.5, 15], "texture": "#0"},
				"up": {"uv": [6.5, 13.25, 9, 11.75], "rotation": 270, "texture": "#0"},
				"down": {"uv": [9, 8.25, 6.5, 9.75], "rotation": 270, "texture": "#0"}
			}
		},
		{
			"name": "bar",
			"from": [13, 5, 1.5],
			"to": [16, 16, 4.5],
			"rotation": {"angle": 0, "axis": "y", "origin": [14.5, 15, 8]},
			"faces": {
				"north": {"uv": [13, 10.25, 14.5, 15.75], "texture": "#0"},
				"east": {"uv": [11.25, 10.25, 12.75, 15.75], "texture": "#0"},
				"south": {"uv": [14.5, 10.25, 16, 15.75], "texture": "#0"},
				"west": {"uv": [9.5, 10.25, 11, 15.75], "texture": "#0"},
				"up": {"uv": [3.25, 8.25, 4.75, 9.75], "rotation": 90, "texture": "#0"},
				"down": {"uv": [3.25, 8.25, 4.75, 9.75], "rotation": 270, "texture": "#0"}
			}
		},
		{
			"name": "bar",
			"from": [0, 5, 1.5],
			"to": [3, 16, 4.5],
			"rotation": {"angle": 0, "axis": "y", "origin": [1.5, 15, 8]},
			"faces": {
				"north": {"uv": [13, 4.5, 14.5, 10], "texture": "#0"},
				"east": {"uv": [11.25, 4.5, 12.75, 10], "texture": "#0"},
				"south": {"uv": [14.5, 4.5, 16, 10], "texture": "#0"},
				"west": {"uv": [9.5, 4.5, 11, 10], "texture": "#0"},
				"up": {"uv": [3.25, 8.25, 4.75, 9.75], "rotation": 270, "texture": "#0"},
				"down": {"uv": [3.25, 8.25, 4.75, 9.75], "rotation": 90, "texture": "#0"}
			}
		},
		{
			"from": [1.55, 9, 5.5],
			"to": [1.65, 12, 6],
			"rotation": {"angle": 0, "axis": "y", "origin": [-11.5, 15, 8]},
			"faces": {
				"north": {"uv": [14.25, 0.25, 14, 1.75], "texture": "#0"},
				"east": {"uv": [14, 0.25, 14.25, 1.75], "texture": "#0"},
				"south": {"uv": [14.25, 0.25, 14, 1.75], "texture": "#0"},
				"west": {"uv": [14.25, 0.25, 14, 1.75], "texture": "#0"}
			}
		},
		{
			"from": [1.55, 9, 6.5],
			"to": [1.65, 12, 7],
			"rotation": {"angle": 0, "axis": "y", "origin": [-11.5, 15, 8]},
			"faces": {
				"north": {"uv": [14.5, 0.25, 14.75, 1.75], "texture": "#0"},
				"east": {"uv": [14.75, 0.25, 14.5, 1.75], "texture": "#0"},
				"south": {"uv": [14.5, 0.25, 14.75, 1.75], "texture": "#0"},
				"west": {"uv": [14.5, 0.25, 14.75, 1.75], "texture": "#0"}
			}
		},
		{
			"from": [1.55, 9, 7.5],
			"to": [1.65, 12, 8],
			"rotation": {"angle": 0, "axis": "y", "origin": [-11.5, 15, 8]},
			"faces": {
				"north": {"uv": [15, 0.25, 15.25, 1.75], "texture": "#0"},
				"east": {"uv": [15.25, 0.25, 15, 1.75], "texture": "#0"},
				"south": {"uv": [15, 0.25, 15.25, 1.75], "texture": "#0"},
				"west": {"uv": [15, 0.25, 15.25, 1.75], "texture": "#0"}
			}
		},
		{
			"from": [1.45, 11.5, 4.5],
			"to": [1.55, 12, 8],
			"rotation": {"angle": 0, "axis": "y", "origin": [-11.5, 15, 8]},
			"faces": {
				"east": {"uv": [15.25, 0.25, 13.5, 0.5], "texture": "#0"},
				"south": {"uv": [15, 0.25, 15.25, 0.5], "texture": "#0"},
				"west": {"uv": [13.5, 0.25, 15.25, 0.5], "texture": "#0"},
				"down": {"uv": [13.5, 0.5, 15.25, 0.25], "rotation": 270, "texture": "#0"}
			}
		},
		{
			"from": [1.45, 10.5, 4.5],
			"to": [1.55, 11, 8],
			"rotation": {"angle": 0, "axis": "y", "origin": [-11.5, 15, 8]},
			"faces": {
				"east": {"uv": [15.25, 0.75, 13.5, 1], "texture": "#0"},
				"south": {"uv": [15, 1, 15.25, 0.75], "texture": "#0"},
				"west": {"uv": [13.5, 0.75, 15.25, 1], "texture": "#0"},
				"up": {"uv": [15.25, 1, 13.5, 0.75], "rotation": 270, "texture": "#0"},
				"down": {"uv": [13.5, 1, 15.25, 0.75], "rotation": 270, "texture": "#0"}
			}
		},
		{
			"from": [1.45, 9, 4.5],
			"to": [1.55, 10, 8],
			"rotation": {"angle": 0, "axis": "y", "origin": [-11.5, 15, 8]},
			"faces": {
				"east": {"uv": [15.25, 1.25, 13.5, 1.75], "texture": "#0"},
				"south": {"uv": [15.25, 1.25, 15, 1.75], "texture": "#0"},
				"west": {"uv": [13.5, 1.25, 15.25, 1.75], "texture": "#0"},
				"up": {"uv": [15.25, 1.5, 13.5, 1.25], "rotation": 270, "texture": "#0"}
			}
		},
		{
			"from": [1.55, 9, 4.5],
			"to": [1.65, 12, 5],
			"rotation": {"angle": 0, "axis": "y", "origin": [-11.5, 15, 8]},
			"faces": {
				"east": {"uv": [13.5, 0.25, 13.75, 1.75], "texture": "#0"},
				"south": {"uv": [13.75, 0.25, 13.5, 1.75], "texture": "#0"},
				"west": {"uv": [13.75, 0.25, 13.5, 1.75], "texture": "#0"}
			}
		},
		{
			"from": [14.35, 9, 6],
			"to": [14.45, 12, 6.5],
			"rotation": {"angle": 0, "axis": "y", "origin": [14.5, 15, 8]},
			"faces": {
				"north": {"uv": [15, 2, 15.25, 3.5], "texture": "#0"},
				"east": {"uv": [15, 2, 15.25, 3.5], "texture": "#0"},
				"south": {"uv": [15, 2, 15.25, 3.5], "texture": "#0"},
				"west": {"uv": [15.25, 2, 15, 3.5], "texture": "#0"}
			}
		},
		{
			"from": [14.35, 9, 7],
			"to": [14.45, 12, 7.5],
			"rotation": {"angle": 0, "axis": "y", "origin": [14.5, 15, 8]},
			"faces": {
				"north": {"uv": [14.5, 2, 14.75, 3.5], "texture": "#0"},
				"east": {"uv": [14.5, 2, 14.75, 3.5], "texture": "#0"},
				"south": {"uv": [14.5, 2, 14.75, 3.5], "texture": "#0"},
				"west": {"uv": [14.75, 2, 14.5, 3.5], "texture": "#0"}
			}
		},
		{
			"from": [14.35, 9, 4.5],
			"to": [14.45, 12, 5.5],
			"rotation": {"angle": 0, "axis": "y", "origin": [14.5, 15, 8]},
			"faces": {
				"east": {"uv": [15.5, 2, 16, 3.5], "texture": "#0"},
				"south": {"uv": [15.5, 2, 15.75, 3.5], "texture": "#0"},
				"west": {"uv": [16, 2, 15.5, 3.5], "texture": "#0"}
			}
		},
		{
			"from": [14.45, 11.5, 4.5],
			"to": [14.55, 12, 8],
			"rotation": {"angle": 0, "axis": "y", "origin": [14.5, 15, 8]},
			"faces": {
				"east": {"uv": [14.25, 2, 16, 2.25], "texture": "#0"},
				"south": {"uv": [14.25, 2, 14.5, 2.25], "rotation": 90, "texture": "#0"},
				"west": {"uv": [16, 2, 14.25, 2.25], "texture": "#0"},
				"down": {"uv": [16, 2, 14.25, 2.25], "rotation": 270, "texture": "#0"}
			}
		},
		{
			"from": [14.45, 10.5, 4.5],
			"to": [14.55, 11, 8],
			"rotation": {"angle": 0, "axis": "y", "origin": [14.5, 15, 8]},
			"faces": {
				"east": {"uv": [14.25, 2.5, 16, 2.75], "texture": "#0"},
				"south": {"uv": [14.25, 2.5, 14.5, 2.75], "texture": "#0"},
				"west": {"uv": [16, 2.5, 14.25, 2.75], "texture": "#0"},
				"up": {"uv": [14.25, 2.5, 16, 2.75], "rotation": 270, "texture": "#0"},
				"down": {"uv": [16, 2.5, 14.25, 2.75], "rotation": 270, "texture": "#0"}
			}
		},
		{
			"from": [14.45, 9, 4.5],
			"to": [14.55, 10, 8],
			"rotation": {"angle": 0, "axis": "y", "origin": [14.5, 15, 8]},
			"faces": {
				"east": {"uv": [14.25, 3, 16, 3.5], "texture": "#0"},
				"south": {"uv": [14.5, 3, 14.25, 3.5], "texture": "#0"},
				"west": {"uv": [16, 3, 14.25, 3.5], "texture": "#0"},
				"up": {"uv": [14.25, 3, 16, 3.25], "rotation": 270, "texture": "#0"}
			}
		},
		{
			"from": [0.5, 9, 8.05],
			"to": [1, 12, 8.15],
			"rotation": {"angle": 0, "axis": "y", "origin": [0, 0, 16]},
			"faces": {
				"north": {"uv": [15.5, 0.25, 15.75, 1.75], "texture": "#0"},
				"east": {"uv": [15.5, 0.25, 15.75, 1.75], "texture": "#0"},
				"south": {"uv": [15.75, 0.25, 15.5, 1.75], "texture": "#0"},
				"west": {"uv": [15.5, 0.25, 15.75, 1.75], "texture": "#0"}
			}
		},
		{
			"from": [0, 10.5, 7.95],
			"to": [1.5, 11, 8.05],
			"rotation": {"angle": 0, "axis": "y", "origin": [0, 0, 16]},
			"faces": {
				"north": {"uv": [15.25, 0.75, 16, 1], "texture": "#0"},
				"east": {"uv": [15.25, 1, 15.5, 0.75], "texture": "#0"},
				"south": {"uv": [16, 0.75, 15.25, 1], "texture": "#0"},
				"west": {"uv": [15.75, 1, 16, 0.75], "texture": "#0"},
				"up": {"uv": [15.25, 0.75, 16, 1], "rotation": 180, "texture": "#0"},
				"down": {"uv": [16, 0.75, 15.25, 1], "texture": "#0"}
			}
		},
		{
			"from": [0, 11.5, 7.95],
			"to": [1.5, 12, 8.05],
			"rotation": {"angle": 0, "axis": "y", "origin": [0, 0, 16]},
			"faces": {
				"north": {"uv": [15.25, 0.25, 16, 0.5], "texture": "#0"},
				"east": {"uv": [15.25, 0.25, 15.5, 0.5], "texture": "#0"},
				"south": {"uv": [16, 0.25, 15.25, 0.5], "texture": "#0"},
				"west": {"uv": [15.75, 0.25, 16, 0.5], "texture": "#0"},
				"down": {"uv": [16, 0.25, 15.25, 0.5], "texture": "#0"}
			}
		},
		{
			"from": [0, 9, 7.95],
			"to": [1.5, 10, 8.05],
			"rotation": {"angle": 0, "axis": "y", "origin": [0, 0, 16]},
			"faces": {
				"north": {"uv": [15.25, 1.25, 16, 1.75], "texture": "#0"},
				"east": {"uv": [15.5, 1.25, 15.25, 1.75], "texture": "#0"},
				"south": {"uv": [16, 1.25, 15.25, 1.75], "texture": "#0"},
				"west": {"uv": [16, 1.25, 15.75, 1.75], "texture": "#0"},
				"up": {"uv": [15.25, 1.25, 16, 1.5], "rotation": 180, "texture": "#0"}
			}
		},
		{
			"from": [15.5, 9, 8.05],
			"to": [16, 12, 8.15],
			"rotation": {"angle": 0, "axis": "y", "origin": [16, 0, 0]},
			"faces": {
				"north": {"uv": [13.5, 2, 13.75, 3.5], "texture": "#0"},
				"east": {"uv": [13.5, 2, 13.75, 3.5], "texture": "#0"},
				"south": {"uv": [13.75, 2, 13.5, 3.5], "texture": "#0"},
				"west": {"uv": [13.5, 2, 13.75, 3.5], "texture": "#0"}
			}
		},
		{
			"from": [14.5, 9, 8.05],
			"to": [15, 12, 8.15],
			"rotation": {"angle": 0, "axis": "y", "origin": [16, 0, 0]},
			"faces": {
				"north": {"uv": [14, 2, 14.25, 3.5], "texture": "#0"},
				"east": {"uv": [14, 2, 14.25, 3.5], "texture": "#0"},
				"south": {"uv": [14.25, 2, 14, 3.5], "texture": "#0"},
				"west": {"uv": [14, 2, 14.25, 3.5], "texture": "#0"}
			}
		},
		{
			"from": [14.5, 11.5, 7.95],
			"to": [16, 12, 8.05],
			"rotation": {"angle": 0, "axis": "y", "origin": [16, 0, 0]},
			"faces": {
				"north": {"uv": [13.5, 2, 14.25, 2.25], "texture": "#0"},
				"east": {"uv": [13.5, 2, 13.75, 2.25], "rotation": 90, "texture": "#0"},
				"south": {"uv": [14.25, 2, 13.5, 2.25], "texture": "#0"},
				"west": {"uv": [14, 2, 14.25, 2.25], "rotation": 90, "texture": "#0"},
				"down": {"uv": [13.5, 2.25, 14.25, 2], "rotation": 180, "texture": "#0"}
			}
		},
		{
			"from": [14.5, 10.5, 7.95],
			"to": [16, 11, 8.05],
			"rotation": {"angle": 0, "axis": "y", "origin": [16, 0, 0]},
			"faces": {
				"north": {"uv": [13.5, 2.5, 14.25, 2.75], "texture": "#0"},
				"east": {"uv": [13.5, 2.5, 13.75, 2.75], "texture": "#0"},
				"south": {"uv": [14.25, 2.5, 13.5, 2.75], "texture": "#0"},
				"west": {"uv": [14, 2.5, 14.25, 2.75], "texture": "#0"},
				"up": {"uv": [14.25, 2.75, 13.5, 2.5], "texture": "#0"},
				"down": {"uv": [13.5, 2.75, 14.25, 2.5], "rotation": 180, "texture": "#0"}
			}
		},
		{
			"from": [14.5, 9, 7.95],
			"to": [16, 10, 8.05],
			"rotation": {"angle": 0, "axis": "y", "origin": [16, 0, 0]},
			"faces": {
				"north": {"uv": [13.5, 3, 14.25, 3.5], "texture": "#0"},
				"east": {"uv": [13.75, 3, 13.5, 3.5], "texture": "#0"},
				"south": {"uv": [14.25, 3, 13.5, 3.5], "texture": "#0"},
				"west": {"uv": [14.25, 3, 14, 3.5], "texture": "#0"},
				"up": {"uv": [14.25, 3.25, 13.5, 3], "texture": "#0"}
			}
		}
	],
	"display": {
		"gui": {
			"rotation": [30, 45, 0],
			"translation": [0, -1, 0],
			"scale": [0.8, 0.8, 0.8]
		},
		"head": {
			"translation": [0, -3, -6]
		}
	},
	"groups": [
		0,
		1,
		2,
		3,
		4,
		5,
		{
			"name": "string",
			"origin": [0, 0, 0],
			"color": 0,
			"children": [6, 7, 8, 9, 10, 11, 12]
		},
		{
			"name": "string",
			"origin": [0, 0, 0],
			"color": 0,
			"children": [13, 14, 15, 16, 17, 18]
		},
		19,
		20,
		21,
		22,
		23,
		24,
		25,
		26,
		27
	]
}