{
	"credit": "Made with Blockbench",
	"texture_size": [64, 64],
	"textures": {
		"0": "block/fence/spruce",
		"particle": "block/break/gate/spruce"
	},
	"elements": [
		{
			"from": [13.5, 1, 7],
			"to": [15.5, 15, 9],
			"rotation": {"angle": 0, "axis": "y", "origin": [14.5, 15, 8]},
			"faces": {
				"north": {"uv": [15, 0, 16, 7], "texture": "#0"},
				"east": {"uv": [15, 0, 16, 7], "texture": "#0"},
				"south": {"uv": [15, 0, 16, 7], "texture": "#0"},
				"west": {"uv": [15, 0, 16, 7], "texture": "#0"},
				"up": {"uv": [15, 7.25, 16, 8.25], "rotation": 180, "texture": "#0"},
				"down": {"uv": [15, 7.25, 16, 8.25], "rotation": 180, "texture": "#0"}
			}
		},
		{
			"from": [13.5, 1, 4],
			"to": [15.5, 15, 6],
			"rotation": {"angle": 0, "axis": "y", "origin": [14.5, 15, 8]},
			"faces": {
				"north": {"uv": [15, 0, 16, 7], "texture": "#0"},
				"east": {"uv": [15, 0, 16, 7], "texture": "#0"},
				"south": {"uv": [15, 0, 16, 7], "texture": "#0"},
				"west": {"uv": [15, 0, 16, 7], "texture": "#0"},
				"up": {"uv": [15, 7.25, 16, 8.25], "rotation": 180, "texture": "#0"},
				"down": {"uv": [15, 7.25, 16, 8.25], "rotation": 180, "texture": "#0"}
			}
		},
		{
			"from": [13.5, 0, 1.5],
			"to": [15.5, 16, 3.5],
			"rotation": {"angle": 0, "axis": "y", "origin": [14.5, 15, 8]},
			"faces": {
				"north": {"uv": [13.75, 0, 14.75, 8], "texture": "#0"},
				"east": {"uv": [13.75, 0, 14.75, 8], "texture": "#0"},
				"south": {"uv": [13.75, 0, 14.75, 8], "texture": "#0"},
				"west": {"uv": [13.75, 0, 14.75, 8], "texture": "#0"},
				"up": {"uv": [15, 7.25, 16, 8.25], "rotation": 180, "texture": "#0"},
				"down": {"uv": [15, 7.25, 16, 8.25], "rotation": 180, "texture": "#0"}
			}
		},
		{
			"from": [0.5, 0, 1.5],
			"to": [2.5, 16, 3.5],
			"rotation": {"angle": 0, "axis": "y", "origin": [1.5, 15, 8]},
			"faces": {
				"north": {"uv": [13.75, 0, 14.75, 8], "texture": "#0"},
				"east": {"uv": [13.75, 0, 14.75, 8], "texture": "#0"},
				"south": {"uv": [13.75, 0, 14.75, 8], "texture": "#0"},
				"west": {"uv": [13.75, 0, 14.75, 8], "texture": "#0"},
				"up": {"uv": [15, 7.25, 16, 8.25], "texture": "#0"},
				"down": {"uv": [15, 7.25, 16, 8.25], "texture": "#0"}
			}
		},
		{
			"from": [14, 11.5, 3.5],
			"to": [15, 12.5, 8.5],
			"rotation": {"angle": 0, "axis": "y", "origin": [14.5, 15, 8]},
			"faces": {
				"east": {"uv": [0, 8.25, 2.5, 8.75], "texture": "#0"},
				"west": {"uv": [0, 9.25, 2.5, 9.75], "texture": "#0"},
				"up": {"uv": [0, 9.75, 2.5, 10.25], "rotation": 270, "texture": "#0"},
				"down": {"uv": [0, 8.75, 2.5, 9.25], "rotation": 270, "texture": "#0"}
			}
		},
		{
			"from": [14, 7.5, 3.5],
			"to": [15, 8.5, 8.5],
			"rotation": {"angle": 0, "axis": "y", "origin": [14.5, 15, 8]},
			"faces": {
				"east": {"uv": [3, 8.25, 5.5, 8.75], "texture": "#0"},
				"west": {"uv": [3, 9.25, 5.5, 9.75], "texture": "#0"},
				"up": {"uv": [3, 9.75, 5.5, 10.25], "rotation": 270, "texture": "#0"},
				"down": {"uv": [3, 8.75, 5.5, 9.25], "rotation": 270, "texture": "#0"}
			}
		},
		{
			"from": [14, 3.5, 3.5],
			"to": [15, 4.5, 8.5],
			"rotation": {"angle": 0, "axis": "y", "origin": [14.5, 15, 8]},
			"faces": {
				"east": {"uv": [0, 8.25, 2.5, 8.75], "texture": "#0"},
				"west": {"uv": [0, 9.25, 2.5, 9.75], "texture": "#0"},
				"up": {"uv": [0, 9.75, 2.5, 10.25], "rotation": 270, "texture": "#0"},
				"down": {"uv": [0, 8.75, 2.5, 9.25], "rotation": 270, "texture": "#0"}
			}
		},
		{
			"from": [14, 11.5, 7.5],
			"to": [16, 12.5, 8.5],
			"rotation": {"angle": 0, "axis": "y", "origin": [8, 8, 8]},
			"faces": {
				"north": {"uv": [0, 8.25, 1, 8.75], "texture": "#0"},
				"east": {"uv": [2.5, 8.25, 3, 8.75], "texture": "#0"},
				"south": {"uv": [2, 9.25, 3, 9.75], "texture": "#0"},
				"up": {"uv": [0, 9.75, 1, 10.25], "rotation": 180, "texture": "#0"},
				"down": {"uv": [2, 8.75, 3, 9.25], "texture": "#0"}
			}
		},
		{
			"from": [14, 7.5, 7.5],
			"to": [16, 8.5, 8.5],
			"rotation": {"angle": 0, "axis": "y", "origin": [8, 8, 8]},
			"faces": {
				"north": {"uv": [3, 8.25, 4, 8.75], "texture": "#0"},
				"east": {"uv": [5.5, 8.25, 6, 8.75], "texture": "#0"},
				"south": {"uv": [5, 9.25, 6, 9.75], "texture": "#0"},
				"up": {"uv": [3, 9.75, 4, 10.25], "rotation": 180, "texture": "#0"},
				"down": {"uv": [5, 8.75, 6, 9.25], "texture": "#0"}
			}
		},
		{
			"from": [14, 3.5, 7.5],
			"to": [16, 4.5, 8.5],
			"rotation": {"angle": 0, "axis": "y", "origin": [8, 8, 8]},
			"faces": {
				"north": {"uv": [0, 8.25, 1, 8.75], "texture": "#0"},
				"east": {"uv": [2.5, 8.25, 3, 8.75], "texture": "#0"},
				"south": {"uv": [2, 9.25, 3, 9.75], "texture": "#0"},
				"up": {"uv": [0, 9.75, 1, 10.25], "rotation": 180, "texture": "#0"},
				"down": {"uv": [2, 8.75, 3, 9.25], "texture": "#0"}
			}
		},
		{
			"from": [0.5, 1, 4],
			"to": [2.5, 15, 6],
			"rotation": {"angle": 0, "axis": "y", "origin": [1.5, 15, 8]},
			"faces": {
				"north": {"uv": [16, 0, 15, 7], "texture": "#0"},
				"east": {"uv": [16, 0, 15, 7], "texture": "#0"},
				"south": {"uv": [16, 0, 15, 7], "texture": "#0"},
				"west": {"uv": [16, 0, 15, 7], "texture": "#0"},
				"up": {"uv": [15, 8.25, 16, 7.25], "rotation": 180, "texture": "#0"},
				"down": {"uv": [15, 8.25, 16, 7.25], "rotation": 180, "texture": "#0"}
			}
		},
		{
			"from": [0.5, 1, 7],
			"to": [2.5, 15, 9],
			"rotation": {"angle": 0, "axis": "y", "origin": [1.5, 15, 8]},
			"faces": {
				"north": {"uv": [16, 0, 15, 7], "texture": "#0"},
				"east": {"uv": [16, 0, 15, 7], "texture": "#0"},
				"south": {"uv": [16, 0, 15, 7], "texture": "#0"},
				"west": {"uv": [16, 0, 15, 7], "texture": "#0"},
				"up": {"uv": [15, 8.25, 16, 7.25], "rotation": 180, "texture": "#0"},
				"down": {"uv": [15, 8.25, 16, 7.25], "rotation": 180, "texture": "#0"}
			}
		},
		{
			"from": [1, 11.5, 3.5],
			"to": [2, 12.5, 8.5],
			"rotation": {"angle": 0, "axis": "y", "origin": [1.5, 15, 8]},
			"faces": {
				"east": {"uv": [3, 8.25, 5.5, 8.75], "texture": "#0"},
				"west": {"uv": [3, 9.25, 5.5, 9.75], "texture": "#0"},
				"up": {"uv": [3, 9.75, 5.5, 10.25], "rotation": 270, "texture": "#0"},
				"down": {"uv": [3, 8.75, 5.5, 9.25], "rotation": 270, "texture": "#0"}
			}
		},
		{
			"from": [1, 7.5, 3.5],
			"to": [2, 8.5, 8.5],
			"rotation": {"angle": 0, "axis": "y", "origin": [1.5, 15, 8]},
			"faces": {
				"east": {"uv": [0, 8.25, 2.5, 8.75], "texture": "#0"},
				"west": {"uv": [0, 9.25, 2.5, 9.75], "texture": "#0"},
				"up": {"uv": [0, 9.75, 2.5, 10.25], "rotation": 270, "texture": "#0"},
				"down": {"uv": [0, 8.75, 2.5, 9.25], "rotation": 270, "texture": "#0"}
			}
		},
		{
			"from": [1, 3.5, 3.5],
			"to": [2, 4.5, 8.5],
			"rotation": {"angle": 0, "axis": "y", "origin": [1.5, 15, 8]},
			"faces": {
				"east": {"uv": [3, 8.25, 5.5, 8.75], "texture": "#0"},
				"west": {"uv": [3, 9.25, 5.5, 9.75], "texture": "#0"},
				"up": {"uv": [3, 9.75, 5.5, 10.25], "rotation": 270, "texture": "#0"},
				"down": {"uv": [3, 8.75, 5.5, 9.25], "rotation": 270, "texture": "#0"}
			}
		},
		{
			"from": [0, 11.5, 7.5],
			"to": [2, 12.5, 8.5],
			"rotation": {"angle": 0, "axis": "y", "origin": [8, 8, 8]},
			"faces": {
				"north": {"uv": [5, 9.25, 6, 9.75], "texture": "#0"},
				"south": {"uv": [3, 8.25, 4, 8.75], "texture": "#0"},
				"west": {"uv": [5.5, 8.25, 6, 8.75], "texture": "#0"},
				"up": {"uv": [3, 9.75, 4, 10.25], "texture": "#0"},
				"down": {"uv": [5, 8.75, 6, 9.25], "rotation": 180, "texture": "#0"}
			}
		},
		{
			"from": [0, 7.5, 7.5],
			"to": [2, 8.5, 8.5],
			"rotation": {"angle": 0, "axis": "y", "origin": [8, 8, 8]},
			"faces": {
				"north": {"uv": [2, 9.25, 3, 9.75], "texture": "#0"},
				"south": {"uv": [0, 8.25, 1, 8.75], "texture": "#0"},
				"west": {"uv": [2.5, 8.25, 3, 8.75], "texture": "#0"},
				"up": {"uv": [0, 9.75, 1, 10.25], "texture": "#0"},
				"down": {"uv": [2, 8.75, 3, 9.25], "rotation": 180, "texture": "#0"}
			}
		},
		{
			"from": [0, 3.5, 7.5],
			"to": [2, 4.5, 8.5],
			"rotation": {"angle": 0, "axis": "y", "origin": [8, 8, 8]},
			"faces": {
				"north": {"uv": [5, 9.25, 6, 9.75], "texture": "#0"},
				"south": {"uv": [3, 8.25, 4, 8.75], "texture": "#0"},
				"west": {"uv": [5.5, 8.25, 6, 8.75], "texture": "#0"},
				"up": {"uv": [3, 9.75, 4, 10.25], "texture": "#0"},
				"down": {"uv": [5, 8.75, 6, 9.25], "rotation": 180, "texture": "#0"}
			}
		}
	],
	"display": {
		"thirdperson_righthand": {
			"rotation": [75, 45, 0],
			"translation": [0, 2, 0],
			"scale": [0.375, 0.375, 0.375]
		},
		"thirdperson_lefthand": {
			"rotation": [75, 45, 0],
			"translation": [0, 2, 0],
			"scale": [0.375, 0.375, 0.375]
		},
		"firstperson_righthand": {
			"rotation": [0, 45, 0],
			"scale": [0.4, 0.4, 0.4]
		},
		"firstperson_lefthand": {
			"rotation": [0, 225, 0],
			"scale": [0.4, 0.4, 0.4]
		},
		"ground": {
			"rotation": [90, 0, 0],
			"translation": [0, 1, 0],
			"scale": [0.25, 0.25, 0.25]
		},
		"gui": {
			"rotation": [30, 225, 0],
			"scale": [0.75, 0.75, 0.75]
		},
		"fixed": {
			"scale": [0.5, 0.5, 0.5]
		}
	}
}