{
	"credit": "Made with Blockbench",
	"texture_size": [64, 64],
	"textures": {
		"0": "block/fence/bamboo",
		"particle": "block/break/fence/bamboo"
	},
	"elements": [
		{
			"name": "top bar",
			"from": [6.5, 12, 0],
			"to": [9.5, 15, 6],
			"rotation": {"angle": 0, "axis": "y", "origin": [16, 0, 0]},
			"faces": {
				"north": {"uv": [4.75, 8.25, 3.25, 9.75], "texture": "#0"},
				"east": {"uv": [0, 15, 3, 13.5], "texture": "#0"},
				"west": {"uv": [3, 10, 0, 11.5], "texture": "#0"},
				"up": {"uv": [3, 8.25, 0, 9.75], "rotation": 90, "texture": "#0"},
				"down": {"uv": [0, 13.25, 3, 11.75], "rotation": 90, "texture": "#0"}
			}
		},
		{
			"name": "lower bar",
			"from": [6.5, 6, 0],
			"to": [9.5, 9, 6],
			"rotation": {"angle": 0, "axis": "y", "origin": [16, 0, 0]},
			"faces": {
				"north": {"uv": [4.75, 8.25, 3.25, 9.75], "texture": "#0"},
				"east": {"uv": [0, 11.5, 3, 10], "texture": "#0"},
				"west": {"uv": [3, 13.5, 0, 15], "texture": "#0"},
				"up": {"uv": [3, 11.75, 0, 13.25], "rotation": 90, "texture": "#0"},
				"down": {"uv": [0, 9.75, 3, 8.25], "rotation": 90, "texture": "#0"}
			}
		},
		{
			"from": [7.85, 9, 4.5],
			"to": [7.95, 12, 5],
			"rotation": {"angle": 0, "axis": "y", "origin": [16, 0, 0]},
			"faces": {
				"north": {"uv": [4, 10, 3.75, 11.5], "texture": "#0"},
				"east": {"uv": [4, 10, 3.75, 11.5], "texture": "#0"},
				"south": {"uv": [4, 10, 3.75, 11.5], "texture": "#0"},
				"west": {"uv": [3.75, 10, 4, 11.5], "texture": "#0"}
			}
		},
		{
			"from": [7.85, 9, 3.5],
			"to": [7.95, 12, 4],
			"rotation": {"angle": 0, "axis": "y", "origin": [16, 0, 0]},
			"faces": {
				"north": {"uv": [4.25, 10, 4.5, 11.5], "texture": "#0"},
				"east": {"uv": [4.25, 10, 4.5, 11.5], "texture": "#0"},
				"south": {"uv": [4.25, 10, 4.5, 11.5], "texture": "#0"},
				"west": {"uv": [4.5, 10, 4.25, 11.5], "texture": "#0"}
			}
		},
		{
			"from": [7.85, 9, 2.5],
			"to": [7.95, 12, 3],
			"rotation": {"angle": 0, "axis": "y", "origin": [16, 0, 0]},
			"faces": {
				"north": {"uv": [4.75, 10, 5, 11.5], "texture": "#0"},
				"east": {"uv": [4.75, 10, 5, 11.5], "texture": "#0"},
				"south": {"uv": [4.75, 10, 5, 11.5], "texture": "#0"},
				"west": {"uv": [5, 10, 4.75, 11.5], "texture": "#0"}
			}
		},
		{
			"from": [7.85, 9, 1.5],
			"to": [7.95, 12, 2],
			"rotation": {"angle": 0, "axis": "y", "origin": [16, 0, 0]},
			"faces": {
				"north": {"uv": [5.25, 10, 5.5, 11.5], "texture": "#0"},
				"east": {"uv": [5.25, 10, 5.5, 11.5], "texture": "#0"},
				"south": {"uv": [5.25, 10, 5.5, 11.5], "texture": "#0"},
				"west": {"uv": [5.5, 10, 5.25, 11.5], "texture": "#0"}
			}
		},
		{
			"from": [7.85, 9, 0.5],
			"to": [7.95, 12, 1],
			"rotation": {"angle": 0, "axis": "y", "origin": [16, 0, 0]},
			"faces": {
				"north": {"uv": [5.75, 10, 6, 11.5], "texture": "#0"},
				"east": {"uv": [5.75, 10, 6, 11.5], "texture": "#0"},
				"south": {"uv": [5.75, 10, 6, 11.5], "texture": "#0"},
				"west": {"uv": [6, 10, 5.75, 11.5], "texture": "#0"}
			}
		},
		{
			"from": [7.95, 11.5, 0],
			"to": [8.05, 12, 6],
			"rotation": {"angle": 0, "axis": "y", "origin": [16, 0, 0]},
			"faces": {
				"north": {"uv": [6, 10, 6.25, 10.25], "texture": "#0"},
				"east": {"uv": [3.25, 10, 6.25, 10.25], "texture": "#0"},
				"west": {"uv": [6.25, 10, 3.25, 10.25], "texture": "#0"},
				"down": {"uv": [3.25, 10.25, 6.25, 10], "rotation": 90, "texture": "#0"}
			}
		},
		{
			"from": [7.95, 10.5, 0],
			"to": [8.05, 11, 6],
			"rotation": {"angle": 0, "axis": "y", "origin": [16, 0, 0]},
			"faces": {
				"north": {"uv": [6, 10.75, 6.25, 10.5], "texture": "#0"},
				"east": {"uv": [3.25, 10.5, 6.25, 10.75], "texture": "#0"},
				"west": {"uv": [6.25, 10.5, 3.25, 10.75], "texture": "#0"},
				"up": {"uv": [6.25, 10.75, 3.25, 10.5], "rotation": 90, "texture": "#0"},
				"down": {"uv": [3.25, 10.75, 6.25, 10.5], "rotation": 90, "texture": "#0"}
			}
		},
		{
			"from": [7.95, 9, 0],
			"to": [8.05, 10, 6],
			"rotation": {"angle": 0, "axis": "y", "origin": [16, 0, 0]},
			"faces": {
				"north": {"uv": [6.25, 11, 6, 11.5], "texture": "#0"},
				"east": {"uv": [3.25, 11, 6.25, 11.5], "texture": "#0"},
				"west": {"uv": [6.25, 11, 3.25, 11.5], "texture": "#0"},
				"up": {"uv": [6.25, 11.25, 3.25, 11], "rotation": 90, "texture": "#0"}
			}
		},
		{
			"from": [7.85, 9, 5.5],
			"to": [7.95, 12, 6],
			"rotation": {"angle": 0, "axis": "y", "origin": [16, 0, 0]},
			"faces": {
				"north": {"uv": [3.5, 10, 3.25, 11.5], "texture": "#0"},
				"east": {"uv": [3.5, 10, 3.25, 11.5], "texture": "#0"},
				"west": {"uv": [3.25, 10, 3.5, 11.5], "texture": "#0"}
			}
		}
	],
	"groups": [
		0,
		1,
		{
			"name": "string",
			"origin": [0, 0, 0],
			"color": 0,
			"children": [2, 3, 4, 5, 6, 7, 8, 9, 10]
		}
	]
}