{
	"credit": "Made with Blockbench",
	"texture_size": [64, 64],
	"textures": {
		"1": "block/fence/birch",
		"particle": "block/break/fence/birch"
	},
	"elements": [
		{
			"from": [7, 0, 0],
			"to": [9, 16, 1],
			"faces": {
				"north": {"uv": [15, 0, 16, 8], "texture": "#1"},
				"east": {"uv": [15, 0, 15.5, 8], "texture": "#1"},
				"south": {"uv": [15, 0, 16, 8], "texture": "#1"},
				"west": {"uv": [15.5, 0, 16, 8], "texture": "#1"},
				"up": {"uv": [13.75, 0.5, 14.75, 1], "texture": "#1"},
				"down": {"uv": [13.75, 0, 14.75, 0.5], "texture": "#1"}
			}
		},
		{
			"from": [7.5, 12, 1],
			"to": [8.5, 15, 6],
			"rotation": {"angle": 0, "axis": "y", "origin": [0, 0, 16]},
			"faces": {
				"east": {"uv": [5, 8.25, 2.5, 9.75], "texture": "#1"},
				"south": {"uv": [5.75, 8.25, 5.25, 9.75], "texture": "#1"},
				"west": {"uv": [2.5, 8.25, 5, 9.75], "texture": "#1"},
				"up": {"uv": [5, 13.5, 2.5, 14], "rotation": 90, "texture": "#1"},
				"down": {"uv": [5, 13.5, 2.5, 14], "rotation": 90, "texture": "#1"}
			}
		},
		{
			"from": [7.5, 7, 1],
			"to": [8.5, 10, 6],
			"rotation": {"angle": 0, "axis": "y", "origin": [0, 0, 16]},
			"faces": {
				"east": {"uv": [5, 10, 2.5, 11.5], "texture": "#1"},
				"south": {"uv": [5.75, 8.25, 5.25, 9.75], "texture": "#1"},
				"west": {"uv": [2.5, 10, 5, 11.5], "texture": "#1"},
				"up": {"uv": [5, 13.5, 2.5, 14], "rotation": 90, "texture": "#1"},
				"down": {"uv": [5, 13.5, 2.5, 14], "rotation": 90, "texture": "#1"}
			}
		},
		{
			"from": [7.5, 2, 1],
			"to": [8.5, 5, 6],
			"rotation": {"angle": 0, "axis": "y", "origin": [0, 0, 16]},
			"faces": {
				"east": {"uv": [5, 11.75, 2.5, 13.25], "texture": "#1"},
				"south": {"uv": [5.75, 8.25, 5.25, 9.75], "texture": "#1"},
				"west": {"uv": [2.5, 11.75, 5, 13.25], "texture": "#1"},
				"up": {"uv": [5, 13.5, 2.5, 14], "rotation": 90, "texture": "#1"},
				"down": {"uv": [5, 13.5, 2.5, 14], "rotation": 90, "texture": "#1"}
			}
		}
	]
}