{
	"credit": "Made with Blockbench",
	"texture_size": [64, 64],
	"textures": {
		"0": "block/fence/nether_bricks",
		"particle": "block/break/fence/nether_bricks"
	},
	"elements": [
		{
			"name": "top bar",
			"from": [6, 9.5, 0],
			"to": [10, 14, 6],
			"faces": {
				"north": {"uv": [0, 13, 2, 15.25], "texture": "#0"},
				"east": {"uv": [0, 8.25, 3, 10.5], "texture": "#0"},
				"west": {"uv": [3, 8.25, 0, 10.5], "texture": "#0"},
				"up": {"uv": [3, 10.75, 0, 12.75], "rotation": 90, "texture": "#0"},
				"down": {"uv": [0, 10.75, 3, 12.75], "rotation": 90, "texture": "#0"}
			}
		},
		{
			"name": "top bar",
			"from": [6, 2, 0],
			"to": [10, 6.5, 6],
			"faces": {
				"north": {"uv": [0, 13, 2, 15.25], "texture": "#0"},
				"east": {"uv": [8.25, 3.25, 11.25, 5.5], "texture": "#0"},
				"west": {"uv": [11.25, 3.25, 8.25, 5.5], "texture": "#0"},
				"up": {"uv": [11.25, 5.75, 8.25, 7.75], "rotation": 90, "texture": "#0"},
				"down": {"uv": [8.25, 5.75, 11.25, 7.75], "rotation": 90, "texture": "#0"}
			}
		},
		{
			"name": "panel",
			"from": [7, 0, 1],
			"to": [9, 16, 5],
			"rotation": {"angle": 0, "axis": "y", "origin": [15, 8, 8]},
			"faces": {
				"north": {"uv": [10, 8, 11, 16], "texture": "#0"},
				"east": {"uv": [8, 8, 10, 16], "texture": "#0"},
				"south": {"uv": [13, 8, 14, 16], "texture": "#0"},
				"west": {"uv": [11, 8, 13, 16], "texture": "#0"},
				"up": {"uv": [14, 8, 16, 9], "rotation": 90, "texture": "#0"},
				"down": {"uv": [14, 9, 16, 10], "rotation": 90, "texture": "#0"}
			}
		}
	]
}