{
	"credit": "Made with Blockbench",
	"textures": {
		"1": "block/fence/birch"
	},
	"elements": [
		{
			"from": [7, 0, 7],
			"to": [9, 16, 9],
			"faces": {
				"north": {"uv": [15, 0, 16, 8], "texture": "#1"},
				"east": {"uv": [15, 0, 16, 8], "texture": "#1"},
				"south": {"uv": [15, 0, 16, 8], "texture": "#1"},
				"west": {"uv": [15, 0, 16, 8], "texture": "#1"},
				"up": {"uv": [13.75, 0, 14.75, 1], "texture": "#1"},
				"down": {"uv": [13.75, 0, 14.75, 1], "texture": "#1"}
			}
		},
		{
			"from": [7.5, 2, 2],
			"to": [8.5, 5, 7],
			"rotation": {"angle": 0, "axis": "y", "origin": [0, 0, -16]},
			"faces": {
				"north": {"uv": [5.75, 8.25, 5.25, 9.75], "texture": "#1"},
				"east": {"uv": [2.5, 11.75, 0, 13.25], "texture": "#1"},
				"west": {"uv": [0, 11.75, 2.5, 13.25], "texture": "#1"},
				"up": {"uv": [0, 13.5, 2.5, 14], "rotation": 270, "texture": "#1"},
				"down": {"uv": [0, 13.5, 2.5, 14], "rotation": 270, "texture": "#1"}
			}
		},
		{
			"from": [7.5, 7, 2],
			"to": [8.5, 10, 7],
			"rotation": {"angle": 0, "axis": "y", "origin": [0, 0, -16]},
			"faces": {
				"north": {"uv": [5.75, 8.25, 5.25, 9.75], "texture": "#1"},
				"east": {"uv": [2.5, 10, 0, 11.5], "texture": "#1"},
				"west": {"uv": [0, 10, 2.5, 11.5], "texture": "#1"},
				"up": {"uv": [0, 13.5, 2.5, 14], "rotation": 270, "texture": "#1"},
				"down": {"uv": [0, 13.5, 2.5, 14], "rotation": 270, "texture": "#1"}
			}
		},
		{
			"from": [7.5, 12, 2],
			"to": [8.5, 15, 7],
			"rotation": {"angle": 0, "axis": "y", "origin": [0, 0, -16]},
			"faces": {
				"north": {"uv": [5.75, 8.25, 5.25, 9.75], "texture": "#1"},
				"east": {"uv": [2.5, 8.25, 0, 9.75], "texture": "#1"},
				"west": {"uv": [0, 8.25, 2.5, 9.75], "texture": "#1"},
				"up": {"uv": [0, 13.5, 2.5, 14], "rotation": 270, "texture": "#1"},
				"down": {"uv": [0, 13.5, 2.5, 14], "rotation": 270, "texture": "#1"}
			}
		},
		{
			"from": [7.5, 12, 9],
			"to": [8.5, 15, 14],
			"rotation": {"angle": 0, "axis": "y", "origin": [0, 0, 16]},
			"faces": {
				"east": {"uv": [5, 8.25, 2.5, 9.75], "texture": "#1"},
				"south": {"uv": [5.75, 8.25, 5.25, 9.75], "texture": "#1"},
				"west": {"uv": [2.5, 8.25, 5, 9.75], "texture": "#1"},
				"up": {"uv": [5, 13.5, 2.5, 14], "rotation": 90, "texture": "#1"},
				"down": {"uv": [5, 13.5, 2.5, 14], "rotation": 90, "texture": "#1"}
			}
		},
		{
			"from": [7.5, 2, 9],
			"to": [8.5, 5, 14],
			"rotation": {"angle": 0, "axis": "y", "origin": [0, 0, 16]},
			"faces": {
				"east": {"uv": [5, 11.75, 2.5, 13.25], "texture": "#1"},
				"south": {"uv": [5.75, 8.25, 5.25, 9.75], "texture": "#1"},
				"west": {"uv": [2.5, 11.75, 5, 13.25], "texture": "#1"},
				"up": {"uv": [5, 13.5, 2.5, 14], "rotation": 90, "texture": "#1"},
				"down": {"uv": [5, 13.5, 2.5, 14], "rotation": 90, "texture": "#1"}
			}
		},
		{
			"from": [7.5, 7, 9],
			"to": [8.5, 10, 14],
			"rotation": {"angle": 0, "axis": "y", "origin": [0, 0, 16]},
			"faces": {
				"east": {"uv": [5, 10, 2.5, 11.5], "texture": "#1"},
				"south": {"uv": [5.75, 8.25, 5.25, 9.75], "texture": "#1"},
				"west": {"uv": [2.5, 10, 5, 11.5], "texture": "#1"},
				"up": {"uv": [5, 13.5, 2.5, 14], "rotation": 90, "texture": "#1"},
				"down": {"uv": [5, 13.5, 2.5, 14], "rotation": 90, "texture": "#1"}
			}
		},
		{
			"name": "Center post",
			"from": [6, 0, 14],
			"to": [10, 15.5, 18],
			"faces": {
				"north": {"uv": [0, 0.25, 2, 8], "texture": "#1"},
				"east": {"uv": [6, 0.25, 8, 8], "texture": "#1"},
				"south": {"uv": [4, 0.25, 6, 8], "texture": "#1"},
				"west": {"uv": [2, 0.25, 4, 8], "texture": "#1"},
				"down": {"uv": [8, 0, 10, 2], "texture": "#1"}
			}
		},
		{
			"name": "Center post bottom",
			"from": [6.5, -0.25, 14.5],
			"to": [9.5, 0, 17.5],
			"faces": {
				"north": {"uv": [8.25, 1.5, 9.75, 1.75], "texture": "#1", "cullface": "down"},
				"east": {"uv": [9.5, 0.25, 9.75, 1.75], "rotation": 270, "texture": "#1", "cullface": "down"},
				"south": {"uv": [8.25, 0.25, 9.75, 0.5], "texture": "#1", "cullface": "down"},
				"west": {"uv": [8.25, 0.25, 8.5, 1.75], "rotation": 90, "texture": "#1", "cullface": "down"},
				"down": {"uv": [8.25, 0.25, 9.75, 1.75], "texture": "#1", "cullface": "down"}
			}
		},
		{
			"name": "Center post",
			"from": [6.5, 15.75, 14.5],
			"to": [9.5, 15.75, 17.5],
			"faces": {
				"up": {"uv": [8.25, 0.25, 9.75, 1.75], "texture": "#1", "cullface": "up"}
			}
		},
		{
			"name": "Center post top",
			"from": [6.5, 15.5, 14],
			"to": [9.5, 16, 14.5],
			"faces": {
				"north": {"uv": [0.25, 0, 1.75, 0.25], "texture": "#1"},
				"south": {"uv": [8.25, 0, 9.75, 0.25], "texture": "#1"},
				"up": {"uv": [8.25, 0, 9.75, 0.25], "texture": "#1"}
			}
		},
		{
			"name": "Center post top",
			"from": [9.5, 15.5, 14],
			"to": [10, 16, 18],
			"faces": {
				"north": {"uv": [0, 0, 0.25, 0.25], "texture": "#1"},
				"east": {"uv": [6, 0, 8, 0.25], "texture": "#1"},
				"south": {"uv": [5.75, 0, 6, 0.25], "texture": "#1"},
				"west": {"uv": [9.75, 0, 10, 2], "rotation": 270, "texture": "#1"},
				"up": {"uv": [9.75, 0, 10, 2], "texture": "#1"}
			}
		},
		{
			"name": "Center post top",
			"from": [6.5, 15.5, 17.5],
			"to": [9.5, 16, 18],
			"faces": {
				"north": {"uv": [8.25, 1.75, 9.75, 2], "rotation": 180, "texture": "#1"},
				"south": {"uv": [4.25, 0, 5.75, 0.25], "texture": "#1"},
				"up": {"uv": [8.25, 1.75, 9.75, 2], "texture": "#1"}
			}
		},
		{
			"name": "Center post top",
			"from": [6, 15.5, 14],
			"to": [6.5, 16, 18],
			"faces": {
				"north": {"uv": [1.75, 0, 2, 0.25], "texture": "#1"},
				"east": {"uv": [8, 0, 8.25, 2], "rotation": 90, "texture": "#1"},
				"south": {"uv": [4, 0, 4.25, 0.25], "texture": "#1"},
				"west": {"uv": [2, 0, 4, 0.25], "texture": "#1"},
				"up": {"uv": [8, 0, 8.25, 2], "texture": "#1"}
			}
		},
		{
			"name": "Center post",
			"from": [6, 0, -2],
			"to": [10, 15.5, 2],
			"faces": {
				"north": {"uv": [0, 0.25, 2, 8], "texture": "#1"},
				"east": {"uv": [6, 0.25, 8, 8], "texture": "#1"},
				"south": {"uv": [4, 0.25, 6, 8], "texture": "#1"},
				"west": {"uv": [2, 0.25, 4, 8], "texture": "#1"},
				"down": {"uv": [8, 0, 10, 2], "texture": "#1"}
			}
		},
		{
			"name": "Center post",
			"from": [6.5, 15.75, -1.5],
			"to": [9.5, 15.75, 1.5],
			"faces": {
				"up": {"uv": [8.25, 0.25, 9.75, 1.75], "texture": "#1", "cullface": "up"}
			}
		},
		{
			"name": "Center post top",
			"from": [6.5, 15.5, -2],
			"to": [9.5, 16, -1.5],
			"faces": {
				"north": {"uv": [0.25, 0, 1.75, 0.25], "texture": "#1"},
				"south": {"uv": [8.25, 0, 9.75, 0.25], "texture": "#1"},
				"up": {"uv": [8.25, 0, 9.75, 0.25], "texture": "#1"}
			}
		},
		{
			"name": "Center post top",
			"from": [9.5, 15.5, -2],
			"to": [10, 16, 2],
			"faces": {
				"north": {"uv": [0, 0, 0.25, 0.25], "texture": "#1"},
				"east": {"uv": [6, 0, 8, 0.25], "texture": "#1"},
				"south": {"uv": [5.75, 0, 6, 0.25], "texture": "#1"},
				"west": {"uv": [9.75, 0, 10, 2], "rotation": 270, "texture": "#1"},
				"up": {"uv": [9.75, 0, 10, 2], "texture": "#1"}
			}
		},
		{
			"name": "Center post top",
			"from": [6.5, 15.5, 1.5],
			"to": [9.5, 16, 2],
			"faces": {
				"north": {"uv": [8.25, 1.75, 9.75, 2], "rotation": 180, "texture": "#1"},
				"south": {"uv": [4.25, 0, 5.75, 0.25], "texture": "#1"},
				"up": {"uv": [8.25, 1.75, 9.75, 2], "texture": "#1"}
			}
		},
		{
			"name": "Center post top",
			"from": [6, 15.5, -2],
			"to": [6.5, 16, 2],
			"faces": {
				"north": {"uv": [1.75, 0, 2, 0.25], "texture": "#1"},
				"east": {"uv": [8, 0, 8.25, 2], "rotation": 90, "texture": "#1"},
				"south": {"uv": [4, 0, 4.25, 0.25], "texture": "#1"},
				"west": {"uv": [2, 0, 4, 0.25], "texture": "#1"},
				"up": {"uv": [8, 0, 8.25, 2], "texture": "#1"}
			}
		},
		{
			"name": "Center post bottom",
			"from": [6.5, -0.25, -1.5],
			"to": [9.5, 0, 1.5],
			"faces": {
				"north": {"uv": [8.25, 1.5, 9.75, 1.75], "texture": "#1", "cullface": "down"},
				"east": {"uv": [9.5, 0.25, 9.75, 1.75], "rotation": 270, "texture": "#1", "cullface": "down"},
				"south": {"uv": [8.25, 0.25, 9.75, 0.5], "texture": "#1", "cullface": "down"},
				"west": {"uv": [8.25, 0.25, 8.5, 1.75], "rotation": 90, "texture": "#1", "cullface": "down"},
				"down": {"uv": [8.25, 0.25, 9.75, 1.75], "texture": "#1", "cullface": "down"}
			}
		}
	],
	"display": {
		"thirdperson_righthand": {
			"rotation": [75, 45, 0],
			"translation": [-0.5, 2.5, 0],
			"scale": [0.375, 0.375, 0.375]
		},
		"thirdperson_lefthand": {
			"rotation": [75, 45, 0],
			"translation": [-0.5, 2.5, 0],
			"scale": [0.375, 0.375, 0.375]
		},
		"firstperson_righthand": {
			"rotation": [0, 45, 0],
			"scale": [0.4, 0.4, 0.4]
		},
		"firstperson_lefthand": {
			"rotation": [0, 225, 0],
			"scale": [0.4, 0.4, 0.4]
		},
		"ground": {
			"rotation": [0, 0, 90],
			"translation": [0, 1, 0],
			"scale": [0.25, 0.25, 0.25]
		},
		"gui": {
			"rotation": [30, 225, 0],
			"scale": [0.7, 0.7, 0.7]
		},
		"fixed": {
			"rotation": [0, 90, 0],
			"scale": [0.5, 0.5, 0.5]
		}
	}
}