{
	"credit": "Made with Blockbench",
	"textures": {
		"0": "block/fence/oak"
	},
	"elements": [
		{
			"name": "Center post",
			"from": [6, 0, -2],
			"to": [10, 15.5, 2],
			"faces": {
				"north": {"uv": [0, 0.25, 2, 8], "texture": "#0"},
				"east": {"uv": [6, 0.25, 8, 8], "texture": "#0"},
				"south": {"uv": [4, 0.25, 6, 8], "texture": "#0"},
				"west": {"uv": [2, 0.25, 4, 8], "texture": "#0"},
				"down": {"uv": [8, 0, 10, 2], "texture": "#0"}
			}
		},
		{
			"name": "Center post",
			"from": [6.5, 15.75, -1.5],
			"to": [9.5, 15.75, 1.5],
			"faces": {
				"up": {"uv": [8.25, 0.25, 9.75, 1.75], "texture": "#0", "cullface": "up"}
			}
		},
		{
			"name": "Center post top",
			"from": [6.5, 15.5, -2],
			"to": [9.5, 16, -1.5],
			"faces": {
				"north": {"uv": [0.25, 0, 1.75, 0.25], "texture": "#0"},
				"south": {"uv": [8.25, 0, 9.75, 0.25], "texture": "#0"},
				"up": {"uv": [8.25, 0, 9.75, 0.25], "texture": "#0"}
			}
		},
		{
			"name": "Center post top",
			"from": [9.5, 15.5, -2],
			"to": [10, 16, 2],
			"faces": {
				"north": {"uv": [0, 0, 0.25, 0.25], "texture": "#0"},
				"east": {"uv": [6, 0, 8, 0.25], "texture": "#0"},
				"south": {"uv": [5.75, 0, 6, 0.25], "texture": "#0"},
				"west": {"uv": [9.75, 0, 10, 2], "rotation": 270, "texture": "#0"},
				"up": {"uv": [9.75, 0, 10, 2], "texture": "#0"}
			}
		},
		{
			"name": "Center post top",
			"from": [6.5, 15.5, 1.5],
			"to": [9.5, 16, 2],
			"faces": {
				"north": {"uv": [8.25, 1.75, 9.75, 2], "rotation": 180, "texture": "#0"},
				"south": {"uv": [4.25, 0, 5.75, 0.25], "texture": "#0"},
				"up": {"uv": [8.25, 1.75, 9.75, 2], "texture": "#0"}
			}
		},
		{
			"name": "Center post top",
			"from": [6, 15.5, -2],
			"to": [6.5, 16, 2],
			"faces": {
				"north": {"uv": [1.75, 0, 2, 0.25], "texture": "#0"},
				"east": {"uv": [8, 0, 8.25, 2], "rotation": 90, "texture": "#0"},
				"south": {"uv": [4, 0, 4.25, 0.25], "texture": "#0"},
				"west": {"uv": [2, 0, 4, 0.25], "texture": "#0"},
				"up": {"uv": [8, 0, 8.25, 2], "texture": "#0"}
			}
		},
		{
			"name": "Center post bottom",
			"from": [6.5, -0.25, -1.5],
			"to": [9.5, 0, 1.5],
			"faces": {
				"north": {"uv": [8.25, 1.5, 9.75, 1.75], "texture": "#0", "cullface": "down"},
				"east": {"uv": [9.5, 0.25, 9.75, 1.75], "rotation": 270, "texture": "#0", "cullface": "down"},
				"south": {"uv": [8.25, 0.25, 9.75, 0.5], "texture": "#0", "cullface": "down"},
				"west": {"uv": [8.25, 0.25, 8.5, 1.75], "rotation": 90, "texture": "#0", "cullface": "down"},
				"down": {"uv": [8.25, 0.25, 9.75, 1.75], "texture": "#0", "cullface": "down"}
			}
		},
		{
			"name": "Center post",
			"from": [6, 0, 14],
			"to": [10, 15.5, 18],
			"faces": {
				"north": {"uv": [0, 0.25, 2, 8], "texture": "#0"},
				"east": {"uv": [6, 0.25, 8, 8], "texture": "#0"},
				"south": {"uv": [4, 0.25, 6, 8], "texture": "#0"},
				"west": {"uv": [2, 0.25, 4, 8], "texture": "#0"},
				"down": {"uv": [8, 0, 10, 2], "texture": "#0"}
			}
		},
		{
			"name": "Center post",
			"from": [6.5, 15.75, 14.5],
			"to": [9.5, 15.75, 17.5],
			"faces": {
				"up": {"uv": [8.25, 0.25, 9.75, 1.75], "texture": "#0", "cullface": "up"}
			}
		},
		{
			"name": "Center post top",
			"from": [6.5, 15.5, 14],
			"to": [9.5, 16, 14.5],
			"faces": {
				"north": {"uv": [0.25, 0, 1.75, 0.25], "texture": "#0"},
				"south": {"uv": [8.25, 0, 9.75, 0.25], "texture": "#0"},
				"up": {"uv": [8.25, 0, 9.75, 0.25], "texture": "#0"}
			}
		},
		{
			"name": "Center post top",
			"from": [9.5, 15.5, 14],
			"to": [10, 16, 18],
			"faces": {
				"north": {"uv": [0, 0, 0.25, 0.25], "texture": "#0"},
				"east": {"uv": [6, 0, 8, 0.25], "texture": "#0"},
				"south": {"uv": [5.75, 0, 6, 0.25], "texture": "#0"},
				"west": {"uv": [9.75, 0, 10, 2], "rotation": 270, "texture": "#0"},
				"up": {"uv": [9.75, 0, 10, 2], "texture": "#0"}
			}
		},
		{
			"name": "Center post top",
			"from": [6.5, 15.5, 17.5],
			"to": [9.5, 16, 18],
			"faces": {
				"north": {"uv": [8.25, 1.75, 9.75, 2], "rotation": 180, "texture": "#0"},
				"south": {"uv": [4.25, 0, 5.75, 0.25], "texture": "#0"},
				"up": {"uv": [8.25, 1.75, 9.75, 2], "texture": "#0"}
			}
		},
		{
			"name": "Center post top",
			"from": [6, 15.5, 14],
			"to": [6.5, 16, 18],
			"faces": {
				"north": {"uv": [1.75, 0, 2, 0.25], "texture": "#0"},
				"east": {"uv": [8, 0, 8.25, 2], "rotation": 90, "texture": "#0"},
				"south": {"uv": [4, 0, 4.25, 0.25], "texture": "#0"},
				"west": {"uv": [2, 0, 4, 0.25], "texture": "#0"},
				"up": {"uv": [8, 0, 8.25, 2], "texture": "#0"}
			}
		},
		{
			"name": "Center post bottom",
			"from": [6.5, -0.25, 14.5],
			"to": [9.5, 0, 17.5],
			"faces": {
				"north": {"uv": [8.25, 1.5, 9.75, 1.75], "texture": "#0", "cullface": "down"},
				"east": {"uv": [9.5, 0.25, 9.75, 1.75], "rotation": 270, "texture": "#0", "cullface": "down"},
				"south": {"uv": [8.25, 0.25, 9.75, 0.5], "texture": "#0", "cullface": "down"},
				"west": {"uv": [8.25, 0.25, 8.5, 1.75], "rotation": 90, "texture": "#0", "cullface": "down"},
				"down": {"uv": [8.25, 0.25, 9.75, 1.75], "texture": "#0", "cullface": "down"}
			}
		},
		{
			"from": [7, 11, 2],
			"to": [9, 13, 14],
			"rotation": {"angle": 0, "axis": "y", "origin": [8, 8, 13]},
			"faces": {
				"east": {"uv": [6, 8.25, 0, 9.25], "texture": "#0"},
				"west": {"uv": [0, 8.25, 6, 9.25], "texture": "#0"},
				"up": {"uv": [0, 8.25, 6, 9.25], "rotation": 90, "texture": "#0"},
				"down": {"uv": [6, 8.25, 0, 9.25], "rotation": 90, "texture": "#0"}
			}
		},
		{
			"from": [7, 3, 2],
			"to": [9, 5, 14],
			"rotation": {"angle": 0, "axis": "y", "origin": [8, 8, 13]},
			"faces": {
				"east": {"uv": [0, 8.25, 6, 9.25], "texture": "#0"},
				"west": {"uv": [6, 8.25, 0, 9.25], "texture": "#0"},
				"up": {"uv": [6, 8.25, 0, 9.25], "rotation": 90, "texture": "#0"},
				"down": {"uv": [0, 8.25, 6, 9.25], "rotation": 90, "texture": "#0"}
			}
		},
		{
			"from": [7, 7, 13.5],
			"to": [9, 9, 14],
			"rotation": {"angle": 0, "axis": "y", "origin": [0, 0, 8]},
			"faces": {
				"north": {"uv": [0, 0, 1, 1], "texture": "#0"},
				"east": {"uv": [0, 0, 0.25, 1], "texture": "#0"},
				"west": {"uv": [0.75, 0, 1, 1], "texture": "#0"},
				"up": {"uv": [1, 0, 0, 0.25], "texture": "#0"},
				"down": {"uv": [1, 0.75, 0, 1], "texture": "#0"}
			}
		},
		{
			"from": [7.45, 7.5, 7.75],
			"to": [8.45, 8.5, 13.75],
			"rotation": {"angle": 45, "axis": "x", "origin": [8, 7.5, 13.5]},
			"faces": {
				"east": {"uv": [0, 10.5, 3, 11], "texture": "#0"},
				"west": {"uv": [0, 9.5, 3, 10], "texture": "#0"},
				"up": {"uv": [0, 10, 3, 10.5], "rotation": 90, "texture": "#0"},
				"down": {"uv": [0, 11, 3, 11.5], "rotation": 90, "texture": "#0"}
			}
		},
		{
			"from": [7.55, 2.75, 13.5],
			"to": [8.55, 8.75, 14.5],
			"rotation": {"angle": 45, "axis": "x", "origin": [8, 8.5, 13.5]},
			"faces": {
				"north": {"uv": [3, 11, 6, 11.5], "rotation": 90, "texture": "#0"},
				"east": {"uv": [3, 10.5, 6, 11], "rotation": 90, "texture": "#0"},
				"south": {"uv": [3, 10, 6, 10.5], "rotation": 90, "texture": "#0"},
				"west": {"uv": [3, 9.5, 6, 10], "rotation": 90, "texture": "#0"}
			}
		},
		{
			"from": [7, 7, 2],
			"to": [9, 9, 2.5],
			"rotation": {"angle": 0, "axis": "y", "origin": [16, 0, 8]},
			"faces": {
				"east": {"uv": [7.75, 0, 8, 1], "texture": "#0"},
				"south": {"uv": [7, 0, 8, 1], "texture": "#0"},
				"west": {"uv": [7, 0, 7.25, 1], "texture": "#0"},
				"up": {"uv": [8, 0, 7, 0.25], "rotation": 180, "texture": "#0"},
				"down": {"uv": [8, 0.75, 7, 1], "rotation": 180, "texture": "#0"}
			}
		},
		{
			"from": [7.55, 7.5, 2.25],
			"to": [8.55, 8.5, 8.25],
			"rotation": {"angle": -45, "axis": "x", "origin": [8, 7.5, 2.5]},
			"faces": {
				"east": {"uv": [3, 9.5, 6, 10], "texture": "#0"},
				"west": {"uv": [3, 10.5, 6, 11], "texture": "#0"},
				"up": {"uv": [3, 10, 6, 10.5], "rotation": 270, "texture": "#0"},
				"down": {"uv": [3, 11, 6, 11.5], "rotation": 270, "texture": "#0"}
			}
		},
		{
			"from": [7.45, 2.75, 1.5],
			"to": [8.45, 8.75, 2.5],
			"rotation": {"angle": -45, "axis": "x", "origin": [8, 8.5, 2.5]},
			"faces": {
				"north": {"uv": [0, 10, 3, 10.5], "rotation": 90, "texture": "#0"},
				"east": {"uv": [0, 9.5, 3, 10], "rotation": 90, "texture": "#0"},
				"south": {"uv": [0, 11, 3, 11.5], "rotation": 90, "texture": "#0"},
				"west": {"uv": [0, 10.5, 3, 11], "rotation": 90, "texture": "#0"}
			}
		}
	],
	"display": {
		"thirdperson_righthand": {
			"rotation": [75, 45, 0],
			"translation": [-0.5, 2.5, 0],
			"scale": [0.375, 0.375, 0.375]
		},
		"thirdperson_lefthand": {
			"rotation": [75, 45, 0],
			"translation": [-0.5, 2.5, 0],
			"scale": [0.375, 0.375, 0.375]
		},
		"firstperson_righthand": {
			"rotation": [0, 45, 0],
			"scale": [0.4, 0.4, 0.4]
		},
		"firstperson_lefthand": {
			"rotation": [0, 225, 0],
			"scale": [0.4, 0.4, 0.4]
		},
		"ground": {
			"rotation": [0, 0, 90],
			"translation": [0, 1, 0],
			"scale": [0.25, 0.25, 0.25]
		},
		"gui": {
			"rotation": [30, 225, 0],
			"scale": [0.7, 0.7, 0.7]
		},
		"fixed": {
			"rotation": [0, 90, 0],
			"scale": [0.5, 0.5, 0.5]
		}
	},
	"groups": [
		{
			"name": "post_template",
			"origin": [8, 8, 8],
			"color": 0,
			"children": [0, 1, 2, 3, 4, 5, 6]
		},
		{
			"name": "post_template",
			"origin": [8, 8, 8],
			"color": 0,
			"children": [7, 8, 9, 10, 11, 12, 13]
		},
		{
			"name": "oak",
			"origin": [8, 8, 8],
			"color": 0,
			"children": [14, 15, 16, 17, 18]
		},
		{
			"name": "oak",
			"origin": [8, 8, 8],
			"color": 0,
			"children": [19, 20, 21]
		}
	]
}