{
	"credit": "Made by Justieboy3",
	"ambientocclusion": false,
	"textures": {
		"slab": "block/smooth_stone",
		"particle": "block/repeater/off_1",
		"top": "block/repeater/off_1",
		"unlit": "block/redstone_torch_off"
	},
	"elements": [
		{
			"from": [0, 0, 0],
			"to": [16, 2, 16],
			"faces": {
				"north": {"uv": [0, 14, 16, 16], "texture": "#slab", "cullface": "north"},
				"east": {"uv": [0, 14, 16, 16], "texture": "#slab", "cullface": "east"},
				"south": {"uv": [0, 14, 16, 16], "texture": "#slab", "cullface": "south"},
				"west": {"uv": [0, 14, 16, 16], "texture": "#slab", "cullface": "west"},
				"up": {"uv": [0, 0, 16, 16], "texture": "#top"},
				"down": {"uv": [0, 0, 16, 16], "texture": "#slab", "cullface": "down"}
			}
		},
		{
			"from": [7, 2, 6],
			"to": [9, 7, 8],
			"faces": {
				"north": {"uv": [7, 6, 9, 11], "texture": "#unlit"},
				"east": {"uv": [7, 6, 9, 11], "texture": "#unlit"},
				"south": {"uv": [7, 6, 9, 11], "texture": "#unlit"},
				"west": {"uv": [7, 6, 9, 11], "texture": "#unlit"},
				"up": {"uv": [7, 6, 9, 8], "texture": "#unlit"},
				"down": {"uv": [7, 13, 9, 15], "texture": "#unlit"}
			}
		},
		{
			"from": [7, 2, 2],
			"to": [9, 7, 4],
			"faces": {
				"north": {"uv": [7, 6, 9, 11], "texture": "#unlit"},
				"east": {"uv": [7, 6, 9, 11], "texture": "#unlit"},
				"south": {"uv": [7, 6, 9, 11], "texture": "#unlit"},
				"west": {"uv": [7, 6, 9, 11], "texture": "#unlit"},
				"up": {"uv": [7, 6, 9, 8], "texture": "#unlit"},
				"down": {"uv": [7, 13, 9, 15], "texture": "#unlit"}
			}
		}
	],
	"display": {
		"thirdperson_righthand": {
			"rotation": [75, 45, 0],
			"translation": [0, 3.02, 2.5],
			"scale": [0.375, 0.375, 0.375]
		},
		"thirdperson_lefthand": {
			"rotation": [75, 45, 0],
			"translation": [0, 3.02, 2.5],
			"scale": [0.375, 0.375, 0.375]
		},
		"firstperson_righthand": {
			"rotation": [0, 45, 0],
			"translation": [0, 3.25, 0.5],
			"scale": [0.4, 0.4, 0.4]
		},
		"firstperson_lefthand": {
			"rotation": [0, 45, 0],
			"translation": [0, 3.25, 0.5],
			"scale": [0.4, 0.4, 0.4]
		},
		"ground": {
			"translation": [0, 3, 0],
			"scale": [0.3, 0.3, 0.3]
		},
		"gui": {
			"rotation": [30, 45, 0],
			"translation": [0, 3, 0],
			"scale": [0.625, 0.625, 0.625]
		},
		"fixed": {
			"scale": [0.5, 0.5, 0.5]
		}
	},
	"groups": [0,
		{
			"name": "SouthFront",
			"origin": [8, 9, 15],
			"color": 0,
			"children": [1, 2]
		},
		{
			"name": "WestFront",
			"origin": [8, 0, 0],
			"color": 0,
			"children": []
		},
		{
			"name": "NorthFront",
			"origin": [8, 8, 8],
			"color": 0,
			"children": []
		},
		{
			"name": "EastFront",
			"origin": [8, 8, -3],
			"color": 0,
			"children": []
		}
	]
}