{
	"credit": "Made with Blockbench",
	"texture_size": [64, 64],
	"textures": {
		"0": "block/fence/nether_bricks",
		"particle": "block/break/fence/nether_bricks"
	},
	"elements": [
		{
			"name": "Center post",
			"from": [6, 0, 6],
			"to": [10, 16, 10],
			"faces": {
				"north": {"uv": [0, 0, 2, 8], "texture": "#0"},
				"east": {"uv": [6, 0, 8, 8], "texture": "#0"},
				"south": {"uv": [4, 0, 6, 8], "texture": "#0"},
				"west": {"uv": [2, 0, 4, 8], "texture": "#0"},
				"up": {"uv": [8, 0, 10, 2], "texture": "#0"},
				"down": {"uv": [8, 0, 10, 2], "texture": "#0"}
			}
		}
	]
}