{
	"credit": "Made with Blockbench",
	"ambientocclusion": false,
	"textures": {
		"2": "block/lily_pad11",
		"flower": "block/lily_pad_flower"
	},
	"elements": [
		{
			"from": [0, 0.25, 0],
			"to": [16, 0.25, 16],
			"faces": {
				"up": {"uv": [16, 0, 0, 16], "texture": "#2", "tintindex": 0},
				"down": {"uv": [16, 16, 0, 0], "texture": "#2", "tintindex": 0}
			}
		},
		{
			"from": [8, 0.25, 0],
			"to": [8, 16.25, 16],
			"rotation": {"angle": 45, "axis": "y", "origin": [8, 8, 8]},
			"faces": {
				"east": {"uv": [0, 0, 16, 16], "texture": "#flower"},
				"west": {"uv": [0, 0, 16, 16], "texture": "#flower"}
			}
		},
		{
			"from": [0, 0.25, 8],
			"to": [16, 16.25, 8],
			"rotation": {"angle": 45, "axis": "y", "origin": [8, 8, 8]},
			"faces": {
				"north": {"uv": [0, 0, 16, 16], "texture": "#flower"},
				"south": {"uv": [0, 0, 16, 16], "texture": "#flower"}
			}
		}
	]
}