{
	"credit": "Made with Blockbench",
	"ambientocclusion": false,
	"textures": {
		"flower": "block/lily_pad_flower",
		"particle": "block/lily_pad8",
		"texture": "block/lily_pad8"
	},
	"elements": [
		{
			"from": [0, 0.25, 0],
			"to": [16, 0.25, 16],
			"faces": {
				"up": {"uv": [16, 0, 0, 16], "texture": "#texture", "tintindex": 0},
				"down": {"uv": [16, 16, 0, 0], "texture": "#texture", "tintindex": 0}
			}
		},
		{
			"from": [9, 0.25, -3],
			"to": [9, 16.25, 13],
			"rotation": {"angle": 45, "axis": "y", "origin": [9, 8, 5]},
			"faces": {
				"east": {"uv": [0, 0, 16, 16], "texture": "#flower"},
				"west": {"uv": [0, 0, 16, 16], "texture": "#flower"}
			}
		},
		{
			"from": [1, 0.25, 5],
			"to": [17, 16.25, 5],
			"rotation": {"angle": 45, "axis": "y", "origin": [9, 8, 5]},
			"faces": {
				"north": {"uv": [0, 0, 16, 16], "texture": "#flower"},
				"south": {"uv": [0, 0, 16, 16], "texture": "#flower"}
			}
		}
	]
}