{
	"credit": "Made with Blockbench",
	"ambientocclusion": false,
	"textures": {
		"flower": "block/lily_pad_flower1",
		"particle": "block/lily_pad13",
		"texture": "block/lily_pad13"
	},
	"elements": [
		{
			"from": [0, 0.25, 0],
			"to": [16, 0.25, 16],
			"faces": {
				"up": {"uv": [16, 0, 0, 16], "texture": "#texture", "tintindex": 0},
				"down": {"uv": [16, 16, 0, 0], "texture": "#texture", "tintindex": 0}
			}
		},
		{
			"from": [5, 0.25, 2],
			"to": [5, 16.25, 18],
			"rotation": {"angle": 45, "axis": "y", "origin": [5, 8, 10]},
			"faces": {
				"east": {"uv": [0, 0, 16, 16], "texture": "#flower"},
				"west": {"uv": [0, 0, 16, 16], "texture": "#flower"}
			}
		},
		{
			"from": [-3, 0.25, 10],
			"to": [13, 16.25, 10],
			"rotation": {"angle": 45, "axis": "y", "origin": [5, 8, 10]},
			"faces": {
				"north": {"uv": [0, 0, 16, 16], "texture": "#flower"},
				"south": {"uv": [0, 0, 16, 16], "texture": "#flower"}
			}
		}
	]
}