{
	"credit": "Made with Blockbench",
	"textures": {
		"0": "block/fence/spruce",
		"particle": "block/break/gate/spruce"
	},
	"elements": [
		{
			"from": [13.5, 1, 7],
			"to": [15.5, 15, 9],
			"rotation": {"angle": 0, "axis": "y", "origin": [8, 8, 8]},
			"faces": {
				"north": {"uv": [15, 0, 16, 7], "texture": "#0"},
				"east": {"uv": [15, 0, 16, 7], "texture": "#0"},
				"south": {"uv": [15, 0, 16, 7], "texture": "#0"},
				"west": {"uv": [15, 0, 16, 7], "texture": "#0"},
				"up": {"uv": [15, 7.25, 16, 8.25], "rotation": 90, "texture": "#0"},
				"down": {"uv": [15, 7.25, 16, 8.25], "rotation": 270, "texture": "#0"}
			}
		},
		{
			"from": [10.5, 1, 7],
			"to": [12.5, 15, 9],
			"rotation": {"angle": 0, "axis": "y", "origin": [8, 8, 8]},
			"faces": {
				"north": {"uv": [15, 0, 16, 7], "texture": "#0"},
				"east": {"uv": [15, 0, 16, 7], "texture": "#0"},
				"south": {"uv": [15, 0, 16, 7], "texture": "#0"},
				"west": {"uv": [15, 0, 16, 7], "texture": "#0"},
				"up": {"uv": [15, 7.25, 16, 8.25], "rotation": 90, "texture": "#0"},
				"down": {"uv": [15, 7.25, 16, 8.25], "rotation": 270, "texture": "#0"}
			}
		},
		{
			"from": [8, 0, 7],
			"to": [10, 16, 9],
			"rotation": {"angle": 0, "axis": "y", "origin": [8, 8, 8]},
			"faces": {
				"north": {"uv": [13.75, 0, 14.75, 8], "texture": "#0"},
				"east": {"uv": [13.75, 0, 14.75, 8], "texture": "#0"},
				"south": {"uv": [13.75, 0, 14.75, 8], "texture": "#0"},
				"west": {"uv": [13.75, 0, 14.75, 8], "texture": "#0"},
				"up": {"uv": [15, 7.25, 16, 8.25], "rotation": 90, "texture": "#0"},
				"down": {"uv": [15, 7.25, 16, 8.25], "rotation": 270, "texture": "#0"}
			}
		},
		{
			"from": [6, 0, 7],
			"to": [8, 16, 9],
			"rotation": {"angle": 0, "axis": "y", "origin": [8, 8, 8]},
			"faces": {
				"north": {"uv": [13.75, 0, 14.75, 8], "texture": "#0"},
				"east": {"uv": [13.75, 0, 14.75, 8], "texture": "#0"},
				"south": {"uv": [13.75, 0, 14.75, 8], "texture": "#0"},
				"west": {"uv": [13.75, 0, 14.75, 8], "texture": "#0"},
				"up": {"uv": [15, 7.25, 16, 8.25], "rotation": 90, "texture": "#0"},
				"down": {"uv": [15, 7.25, 16, 8.25], "rotation": 270, "texture": "#0"}
			}
		},
		{
			"from": [10, 11.5, 7.5],
			"to": [16, 12.5, 8.5],
			"rotation": {"angle": 0, "axis": "y", "origin": [8, 8, 8]},
			"faces": {
				"north": {"uv": [0, 8.25, 3, 8.75], "texture": "#0"},
				"east": {"uv": [2.5, 8.25, 3, 8.75], "texture": "#0"},
				"south": {"uv": [0, 9.25, 3, 9.75], "texture": "#0"},
				"up": {"uv": [0, 9.75, 3, 10.25], "rotation": 180, "texture": "#0"},
				"down": {"uv": [0, 8.75, 3, 9.25], "texture": "#0"}
			}
		},
		{
			"from": [10, 7.5, 7.5],
			"to": [16, 8.5, 8.5],
			"rotation": {"angle": 0, "axis": "y", "origin": [8, 8, 8]},
			"faces": {
				"north": {"uv": [3, 8.25, 6, 8.75], "texture": "#0"},
				"east": {"uv": [5.5, 8.25, 6, 8.75], "texture": "#0"},
				"south": {"uv": [3, 9.25, 6, 9.75], "texture": "#0"},
				"up": {"uv": [3, 9.75, 6, 10.25], "rotation": 180, "texture": "#0"},
				"down": {"uv": [3, 8.75, 6, 9.25], "texture": "#0"}
			}
		},
		{
			"from": [10, 3.5, 7.5],
			"to": [16, 4.5, 8.5],
			"rotation": {"angle": 0, "axis": "y", "origin": [8, 8, 8]},
			"faces": {
				"north": {"uv": [0, 8.25, 3, 8.75], "texture": "#0"},
				"east": {"uv": [2.5, 8.25, 3, 8.75], "texture": "#0"},
				"south": {"uv": [0, 9.25, 3, 9.75], "texture": "#0"},
				"up": {"uv": [0, 9.75, 3, 10.25], "rotation": 180, "texture": "#0"},
				"down": {"uv": [0, 8.75, 3, 9.25], "texture": "#0"}
			}
		},
		{
			"from": [3.5, 1, 7],
			"to": [5.5, 15, 9],
			"rotation": {"angle": 0, "axis": "y", "origin": [8, 8, 8]},
			"faces": {
				"north": {"uv": [16, 0, 15, 7], "texture": "#0"},
				"east": {"uv": [16, 0, 15, 7], "texture": "#0"},
				"south": {"uv": [16, 0, 15, 7], "texture": "#0"},
				"west": {"uv": [16, 0, 15, 7], "texture": "#0"},
				"up": {"uv": [15, 8.25, 16, 7.25], "rotation": 270, "texture": "#0"},
				"down": {"uv": [15, 8.25, 16, 7.25], "rotation": 90, "texture": "#0"}
			}
		},
		{
			"from": [0.5, 1, 7],
			"to": [2.5, 15, 9],
			"rotation": {"angle": 0, "axis": "y", "origin": [8, 8, 8]},
			"faces": {
				"north": {"uv": [16, 0, 15, 7], "texture": "#0"},
				"east": {"uv": [16, 0, 15, 7], "texture": "#0"},
				"south": {"uv": [16, 0, 15, 7], "texture": "#0"},
				"west": {"uv": [16, 0, 15, 7], "texture": "#0"},
				"up": {"uv": [15, 8.25, 16, 7.25], "rotation": 270, "texture": "#0"},
				"down": {"uv": [15, 8.25, 16, 7.25], "rotation": 90, "texture": "#0"}
			}
		},
		{
			"from": [0, 11.5, 7.5],
			"to": [6, 12.5, 8.5],
			"rotation": {"angle": 0, "axis": "y", "origin": [8, 8, 8]},
			"faces": {
				"north": {"uv": [3, 9.25, 6, 9.75], "texture": "#0"},
				"south": {"uv": [3, 8.25, 6, 8.75], "texture": "#0"},
				"west": {"uv": [5.5, 8.25, 6, 8.75], "texture": "#0"},
				"up": {"uv": [3, 9.75, 6, 10.25], "texture": "#0"},
				"down": {"uv": [3, 8.75, 6, 9.25], "rotation": 180, "texture": "#0"}
			}
		},
		{
			"from": [0, 7.5, 7.5],
			"to": [6, 8.5, 8.5],
			"rotation": {"angle": 0, "axis": "y", "origin": [8, 8, 8]},
			"faces": {
				"north": {"uv": [0, 9.25, 3, 9.75], "texture": "#0"},
				"south": {"uv": [0, 8.25, 3, 8.75], "texture": "#0"},
				"west": {"uv": [2.5, 8.25, 3, 8.75], "texture": "#0"},
				"up": {"uv": [0, 9.75, 3, 10.25], "texture": "#0"},
				"down": {"uv": [0, 8.75, 3, 9.25], "rotation": 180, "texture": "#0"}
			}
		},
		{
			"from": [0, 3.5, 7.5],
			"to": [6, 4.5, 8.5],
			"rotation": {"angle": 0, "axis": "y", "origin": [8, 8, 8]},
			"faces": {
				"north": {"uv": [3, 9.25, 6, 9.75], "texture": "#0"},
				"south": {"uv": [3, 8.25, 6, 8.75], "texture": "#0"},
				"west": {"uv": [5.5, 8.25, 6, 8.75], "texture": "#0"},
				"up": {"uv": [3, 9.75, 6, 10.25], "texture": "#0"},
				"down": {"uv": [3, 8.75, 6, 9.25], "rotation": 180, "texture": "#0"}
			}
		}
	],
	"display": {
		"thirdperson_righthand": {
			"rotation": [75, 45, 0],
			"translation": [0, 2, 0],
			"scale": [0.375, 0.375, 0.375]
		},
		"thirdperson_lefthand": {
			"rotation": [75, 45, 0],
			"translation": [0, 2, 0],
			"scale": [0.375, 0.375, 0.375]
		},
		"firstperson_righthand": {
			"rotation": [0, 45, 0],
			"scale": [0.4, 0.4, 0.4]
		},
		"firstperson_lefthand": {
			"rotation": [0, 225, 0],
			"scale": [0.4, 0.4, 0.4]
		},
		"ground": {
			"rotation": [90, 0, 0],
			"translation": [0, 1, 0],
			"scale": [0.25, 0.25, 0.25]
		},
		"gui": {
			"rotation": [30, 225, 0],
			"scale": [0.75, 0.75, 0.75]
		},
		"fixed": {
			"scale": [0.5, 0.5, 0.5]
		}
	}
}