{
	"credit": "Made with Blockbench",
	"texture_size": [64, 64],
	"textures": {
		"0": "block/fence/warped",
		"particle": "block/break/gate/warped"
	},
	"elements": [
		{
			"from": [10, 10.5, 7.5],
			"to": [13.5, 14.5, 8.5],
			"faces": {
				"north": {"uv": [0, 8.25, 1.75, 10.25], "texture": "#0"},
				"south": {"uv": [1.75, 8.25, 0, 10.25], "texture": "#0"},
				"up": {"uv": [0, 10.5, 1.75, 11], "texture": "#0"},
				"down": {"uv": [0, 10.5, 1.75, 11], "texture": "#0"}
			}
		},
		{
			"from": [2.5, 10.5, 7.5],
			"to": [6, 14.5, 8.5],
			"faces": {
				"north": {"uv": [4.25, 8.25, 6, 10.25], "texture": "#0"},
				"south": {"uv": [6, 8.25, 4.25, 10.25], "texture": "#0"},
				"up": {"uv": [4.25, 10.5, 6, 11], "texture": "#0"},
				"down": {"uv": [4.25, 10.5, 6, 11], "texture": "#0"}
			}
		},
		{
			"from": [10, 3, 7.5],
			"to": [13.5, 7, 8.5],
			"faces": {
				"north": {"uv": [6, 8.25, 4.25, 10.25], "texture": "#0"},
				"south": {"uv": [4.25, 8.25, 6, 10.25], "texture": "#0"},
				"up": {"uv": [6, 10.5, 4.25, 11], "texture": "#0"},
				"down": {"uv": [6, 10.5, 4.25, 11], "texture": "#0"}
			}
		},
		{
			"from": [2.5, 3, 7.5],
			"to": [6, 7, 8.5],
			"faces": {
				"north": {"uv": [1.75, 8.25, 0, 10.25], "texture": "#0"},
				"south": {"uv": [0, 8.25, 1.75, 10.25], "texture": "#0"},
				"up": {"uv": [1.75, 10.5, 0, 11], "texture": "#0"},
				"down": {"uv": [1.75, 10.5, 0, 11], "texture": "#0"}
			}
		},
		{
			"from": [6, 2.5, 7],
			"to": [8, 15, 9],
			"rotation": {"angle": 0, "axis": "y", "origin": [5.83333, 9.91667, 8]},
			"faces": {
				"north": {"uv": [15, 0, 16, 6.25], "texture": "#0"},
				"east": {"uv": [15, 0, 16, 6.25], "texture": "#0"},
				"south": {"uv": [15, 0, 16, 6.25], "texture": "#0"},
				"west": {"uv": [15, 0, 16, 6.25], "texture": "#0"},
				"up": {"uv": [15, 6.5, 16, 7.5], "rotation": 90, "texture": "#0"},
				"down": {"uv": [15, 6.5, 16, 7.5], "rotation": 90, "texture": "#0"}
			}
		},
		{
			"from": [8, 2.5, 7],
			"to": [10, 15, 9],
			"faces": {
				"north": {"uv": [15, 0, 16, 6.25], "texture": "#0"},
				"east": {"uv": [15, 0, 16, 6.25], "texture": "#0"},
				"south": {"uv": [15, 0, 16, 6.25], "texture": "#0"},
				"west": {"uv": [15, 0, 16, 6.25], "texture": "#0"},
				"up": {"uv": [15, 6.5, 16, 7.5], "rotation": 90, "texture": "#0"},
				"down": {"uv": [15, 6.5, 16, 7.5], "rotation": 90, "texture": "#0"}
			}
		},
		{
			"from": [13.5, 15.5, 8.75],
			"to": [16, 16, 9.25],
			"rotation": {"angle": 0, "axis": "y", "origin": [8, 6.25, 8]},
			"faces": {
				"north": {"uv": [8, 3.25, 9.25, 3.5], "texture": "#0"},
				"east": {"uv": [6.5, 0, 6.75, 0.25], "texture": "#0"},
				"south": {"uv": [5.25, 0, 6.5, 0.25], "texture": "#0"},
				"west": {"uv": [5.25, 0, 5, 0.25], "texture": "#0"},
				"up": {"uv": [8, 3.25, 9.25, 3.5], "texture": "#0"}
			}
		},
		{
			"from": [0, 15.5, 8.75],
			"to": [2.5, 16, 9.25],
			"rotation": {"angle": 0, "axis": "y", "origin": [1.25, 6.3125, 8]},
			"faces": {
				"north": {"uv": [8, 2.25, 9.25, 2.5], "texture": "#0"},
				"east": {"uv": [4, 0, 4.25, 0.25], "texture": "#0"},
				"south": {"uv": [2.75, 0, 4, 0.25], "texture": "#0"},
				"west": {"uv": [7.5, 0, 7.75, 0.25], "texture": "#0"},
				"up": {"uv": [8, 2.25, 9.25, 2.5], "rotation": 180, "texture": "#0"}
			}
		},
		{
			"from": [13.5, 0, 6.75],
			"to": [16, 15.5, 9.25],
			"rotation": {"angle": 0, "axis": "y", "origin": [8, 6.25, 8]},
			"faces": {
				"north": {"uv": [2.75, 0.25, 4, 8], "texture": "#0"},
				"east": {"uv": [6.5, 0.25, 7.75, 8], "texture": "#0"},
				"south": {"uv": [5.25, 0.25, 6.5, 8], "texture": "#0"},
				"west": {"uv": [4, 0.25, 5.25, 8], "texture": "#0"},
				"down": {"uv": [8, 2.25, 9.25, 3.5], "texture": "#0"}
			}
		},
		{
			"from": [14, -0.25, 7.25],
			"to": [15.5, 0, 8.75],
			"rotation": {"angle": 0, "axis": "y", "origin": [8, 6.25, 8]},
			"faces": {
				"north": {"uv": [9, 3, 8.25, 3.25], "texture": "#0"},
				"east": {"uv": [8.25, 3.25, 8.5, 2.5], "rotation": 90, "texture": "#0"},
				"south": {"uv": [8.25, 2.5, 9, 2.75], "texture": "#0"},
				"west": {"uv": [8.75, 2.5, 9, 3.25], "rotation": 90, "texture": "#0"},
				"down": {"uv": [8.25, 2.5, 9, 3.25], "texture": "#0"}
			}
		},
		{
			"from": [13.5, 15.75, 6.75],
			"to": [16, 15.75, 9.25],
			"rotation": {"angle": 0, "axis": "y", "origin": [8, 6.25, 8]},
			"faces": {
				"up": {"uv": [8, 2.25, 9.25, 3.5], "texture": "#0"}
			}
		},
		{
			"from": [13.5, 15.5, 7.25],
			"to": [14, 16, 8.75],
			"rotation": {"angle": 0, "axis": "y", "origin": [8, 6.25, 8]},
			"faces": {
				"east": {"uv": [8, 2.5, 8.25, 3.25], "rotation": 90, "texture": "#0"},
				"west": {"uv": [4.25, 0, 5, 0.25], "texture": "#0"},
				"up": {"uv": [8, 2.5, 8.25, 3.25], "texture": "#0"}
			}
		},
		{
			"from": [15.5, 15.5, 7.25],
			"to": [16, 16, 8.75],
			"rotation": {"angle": 0, "axis": "y", "origin": [8, 6.25, 8]},
			"faces": {
				"east": {"uv": [6.75, 0, 7.5, 0.25], "texture": "#0"},
				"west": {"uv": [9, 3.25, 9.25, 2.5], "rotation": 90, "texture": "#0"},
				"up": {"uv": [9, 2.5, 9.25, 3.25], "texture": "#0"}
			}
		},
		{
			"from": [13.5, 15.5, 6.75],
			"to": [16, 16, 7.25],
			"rotation": {"angle": 0, "axis": "y", "origin": [8, 6.25, 8]},
			"faces": {
				"north": {"uv": [2.75, 0, 4, 0.25], "texture": "#0"},
				"east": {"uv": [7.5, 0, 7.75, 0.25], "texture": "#0"},
				"south": {"uv": [8, 2.25, 9.25, 2.5], "texture": "#0"},
				"west": {"uv": [4, 0, 4.25, 0.25], "texture": "#0"},
				"up": {"uv": [8, 2.25, 9.25, 2.5], "texture": "#0"}
			}
		},
		{
			"from": [0, 15.5, 6.75],
			"to": [2.5, 16, 7.25],
			"rotation": {"angle": 0, "axis": "y", "origin": [1.25, 6.3125, 8]},
			"faces": {
				"north": {"uv": [5.25, 0, 6.5, 0.25], "texture": "#0"},
				"east": {"uv": [5.25, 0, 5, 0.25], "texture": "#0"},
				"south": {"uv": [8, 3.25, 9.25, 3.5], "texture": "#0"},
				"west": {"uv": [6.5, 0, 6.75, 0.25], "texture": "#0"},
				"up": {"uv": [8, 3.25, 9.25, 3.5], "rotation": 180, "texture": "#0"}
			}
		},
		{
			"from": [0, 0, 6.75],
			"to": [2.5, 15.5, 9.25],
			"rotation": {"angle": 0, "axis": "y", "origin": [1.25, 6.3125, 8]},
			"faces": {
				"north": {"uv": [5.25, 0.25, 6.5, 8], "texture": "#0"},
				"east": {"uv": [4, 0.25, 5.25, 8], "texture": "#0"},
				"south": {"uv": [2.75, 0.25, 4, 8], "texture": "#0"},
				"west": {"uv": [6.5, 0.25, 7.75, 8], "texture": "#0"},
				"down": {"uv": [8, 2.25, 9.25, 3.5], "rotation": 180, "texture": "#0"}
			}
		},
		{
			"from": [0.5, -0.25, 7.25],
			"to": [2, 0, 8.75],
			"rotation": {"angle": 0, "axis": "y", "origin": [1.25, 6.3125, 8]},
			"faces": {
				"north": {"uv": [8.25, 2.5, 9, 2.75], "texture": "#0"},
				"east": {"uv": [8.75, 2.5, 9, 3.25], "rotation": 90, "texture": "#0"},
				"south": {"uv": [9, 3, 8.25, 3.25], "texture": "#0"},
				"west": {"uv": [8.25, 3.25, 8.5, 2.5], "rotation": 90, "texture": "#0"},
				"down": {"uv": [8.25, 2.5, 9, 3.25], "rotation": 180, "texture": "#0"}
			}
		},
		{
			"from": [0, 15.75, 6.75],
			"to": [2.5, 15.75, 9.25],
			"rotation": {"angle": 0, "axis": "y", "origin": [1.25, 6.3125, 8]},
			"faces": {
				"up": {"uv": [8, 2.25, 9.25, 3.5], "rotation": 180, "texture": "#0"}
			}
		},
		{
			"from": [2, 15.5, 7.25],
			"to": [2.5, 16, 8.75],
			"rotation": {"angle": 0, "axis": "y", "origin": [1.25, 6.3125, 8]},
			"faces": {
				"east": {"uv": [4.25, 0, 5, 0.25], "texture": "#0"},
				"west": {"uv": [8, 2.5, 8.25, 3.25], "rotation": 90, "texture": "#0"},
				"up": {"uv": [8, 2.5, 8.25, 3.25], "rotation": 180, "texture": "#0"}
			}
		},
		{
			"from": [0, 15.5, 7.25],
			"to": [0.5, 16, 8.75],
			"rotation": {"angle": 0, "axis": "y", "origin": [1.25, 6.3125, 8]},
			"faces": {
				"east": {"uv": [9, 3.25, 9.25, 2.5], "rotation": 90, "texture": "#0"},
				"west": {"uv": [6.75, 0, 7.5, 0.25], "texture": "#0"},
				"up": {"uv": [9, 2.5, 9.25, 3.25], "rotation": 180, "texture": "#0"}
			}
		}
	],
	"display": {
		"thirdperson_righthand": {
			"rotation": [75, 45, 0],
			"translation": [0, 2, 0],
			"scale": [0.375, 0.375, 0.375]
		},
		"thirdperson_lefthand": {
			"rotation": [75, 45, 0],
			"translation": [0, 2, 0],
			"scale": [0.375, 0.375, 0.375]
		},
		"firstperson_righthand": {
			"rotation": [0, 45, 0],
			"scale": [0.4, 0.4, 0.4]
		},
		"firstperson_lefthand": {
			"rotation": [0, 225, 0],
			"scale": [0.4, 0.4, 0.4]
		},
		"ground": {
			"rotation": [90, 0, 0],
			"translation": [0, 1, 0],
			"scale": [0.25, 0.25, 0.25]
		},
		"gui": {
			"rotation": [30, 225, 0],
			"scale": [0.75, 0.75, 0.75]
		},
		"fixed": {
			"scale": [0.5, 0.5, 0.5]
		}
	}
}