{
	"credit": "Made with Blockbench",
	"parent": "block/slab",
	"textures": {
		"all": "block/cake/5",
		"particle": "block/break/cake"
	},
	"elements": [
		{
			"name": "cake",
			"from": [1.5, 0, 1.5],
			"to": [14.5, 8, 14.5],
			"faces": {
				"north": {"uv": [12.625, 3.625, 15.875, 5.625], "texture": "#all"},
				"east": {"uv": [12.625, 3.625, 15.875, 5.625], "texture": "#all"},
				"south": {"uv": [12.625, 3.625, 15.875, 5.625], "texture": "#all"},
				"west": {"uv": [12.625, 3.625, 15.875, 5.625], "texture": "#all"},
				"up": {"uv": [12.625, 0.125, 15.875, 3.375], "texture": "#all"},
				"down": {"uv": [12.75, 5.75, 16, 9], "texture": "#all"}
			}
		},
		{
			"name": "cream",
			"from": [1, 5.5, 14.5],
			"to": [15, 8, 15],
			"rotation": {"angle": 0, "axis": "y", "origin": [8, 0, 8]},
			"faces": {
				"east": {"uv": [12.5, 3.625, 12.625, 4.25], "texture": "#all"},
				"south": {"uv": [12.5, 3.625, 16, 4.25], "texture": "#all"},
				"west": {"uv": [15.875, 3.625, 16, 4.25], "texture": "#all"},
				"up": {"uv": [12.5, 3.375, 16, 3.5], "texture": "#all"},
				"down": {"uv": [12.5, 4.125, 16, 4.25], "texture": "#all"}
			}
		},
		{
			"name": "cream",
			"from": [4.5, 5, 14.5],
			"to": [7, 5.5, 15],
			"rotation": {"angle": 0, "axis": "y", "origin": [8, 0, 8]},
			"faces": {
				"east": {"uv": [13.875, 4.25, 14, 4.375], "texture": "#all"},
				"south": {"uv": [13.375, 4.25, 14, 4.375], "texture": "#all"},
				"west": {"uv": [13.375, 4.25, 13.5, 4.375], "texture": "#all"},
				"down": {"uv": [13.375, 4.25, 14, 4.375], "texture": "#all"}
			}
		},
		{
			"name": "cream",
			"from": [5, 4.5, 14.5],
			"to": [6.5, 5, 15],
			"rotation": {"angle": 0, "axis": "y", "origin": [8, 0, 8]},
			"faces": {
				"east": {"uv": [13.875, 4.5, 13.75, 4.375], "texture": "#all"},
				"south": {"uv": [13.5, 4.375, 13.875, 4.5], "texture": "#all"},
				"west": {"uv": [13.625, 4.5, 13.5, 4.375], "texture": "#all"},
				"down": {"uv": [13.5, 4.375, 13.875, 4.5], "texture": "#all"}
			}
		},
		{
			"name": "cream",
			"from": [1, 4.5, 14.5],
			"to": [2, 5, 15],
			"rotation": {"angle": 0, "axis": "y", "origin": [8, 0, 8]},
			"faces": {
				"east": {"uv": [12.75, 4.5, 12.625, 4.375], "texture": "#all"},
				"south": {"uv": [12.5, 4.375, 12.75, 4.5], "texture": "#all"},
				"west": {"uv": [16, 4.5, 15.875, 4.375], "texture": "#all"},
				"down": {"uv": [12.5, 4.375, 12.75, 4.5], "texture": "#all"}
			}
		},
		{
			"name": "cream",
			"from": [1, 5, 14.5],
			"to": [2.5, 5.5, 15],
			"rotation": {"angle": 0, "axis": "y", "origin": [8, 0, 8]},
			"faces": {
				"east": {"uv": [12.75, 4.25, 12.875, 4.375], "texture": "#all"},
				"south": {"uv": [12.5, 4.25, 12.875, 4.375], "texture": "#all"},
				"west": {"uv": [16, 4.25, 15.875, 4.375], "texture": "#all"},
				"down": {"uv": [12.5, 4.25, 12.875, 4.375], "texture": "#all"}
			}
		},
		{
			"name": "cream",
			"from": [9, 5, 14.5],
			"to": [11.5, 5.5, 15],
			"rotation": {"angle": 0, "axis": "y", "origin": [8, 0, 8]},
			"faces": {
				"east": {"uv": [15, 4.25, 15.125, 4.375], "texture": "#all"},
				"south": {"uv": [14.5, 4.25, 15.125, 4.375], "texture": "#all"},
				"west": {"uv": [14.5, 4.25, 14.625, 4.375], "texture": "#all"},
				"down": {"uv": [14.5, 4.25, 15.125, 4.375], "texture": "#all"}
			}
		},
		{
			"name": "cream",
			"from": [9.5, 4.5, 14.5],
			"to": [11, 5, 15],
			"rotation": {"angle": 0, "axis": "y", "origin": [8, 0, 8]},
			"faces": {
				"east": {"uv": [15, 4.5, 14.875, 4.375], "texture": "#all"},
				"south": {"uv": [14.625, 4.375, 15, 4.5], "texture": "#all"},
				"west": {"uv": [14.75, 4.5, 14.625, 4.375], "texture": "#all"},
				"down": {"uv": [14.625, 4.375, 15, 4.5], "texture": "#all"}
			}
		},
		{
			"name": "cream",
			"from": [13.5, 5, 14.5],
			"to": [15, 5.5, 15],
			"rotation": {"angle": 0, "axis": "y", "origin": [8, 0, 8]},
			"faces": {
				"east": {"uv": [12.5, 4.25, 12.625, 4.375], "texture": "#all"},
				"south": {"uv": [15.625, 4.25, 16, 4.375], "texture": "#all"},
				"west": {"uv": [15.625, 4.25, 15.75, 4.375], "texture": "#all"},
				"down": {"uv": [15.625, 4.25, 16, 4.375], "texture": "#all"}
			}
		},
		{
			"name": "cream",
			"from": [14, 4.5, 14.5],
			"to": [15, 5, 15],
			"rotation": {"angle": 0, "axis": "y", "origin": [8, 0, 8]},
			"faces": {
				"east": {"uv": [12.625, 4.5, 12.5, 4.375], "texture": "#all"},
				"south": {"uv": [15.75, 4.375, 16, 4.5], "texture": "#all"},
				"west": {"uv": [15.875, 4.5, 15.75, 4.375], "texture": "#all"},
				"down": {"uv": [15.75, 4.375, 16, 4.5], "texture": "#all"}
			}
		},
		{
			"name": "cream",
			"from": [1, 5.5, 1],
			"to": [15, 8, 1.5],
			"rotation": {"angle": 0, "axis": "y", "origin": [8, 0, 8]},
			"faces": {
				"north": {"uv": [12.5, 3.625, 16, 4.25], "texture": "#all"},
				"east": {"uv": [15.875, 3.625, 16, 4.25], "texture": "#all"},
				"west": {"uv": [12.5, 3.625, 12.625, 4.25], "texture": "#all"},
				"up": {"uv": [12.5, 0, 16, 0.125], "texture": "#all"},
				"down": {"uv": [12.5, 4.125, 16, 4.25], "rotation": 180, "texture": "#all"}
			}
		},
		{
			"name": "cream",
			"from": [9, 5, 1],
			"to": [11.5, 5.5, 1.5],
			"rotation": {"angle": 0, "axis": "y", "origin": [8, 0, 8]},
			"faces": {
				"north": {"uv": [13.375, 4.25, 14, 4.375], "texture": "#all"},
				"east": {"uv": [13.375, 4.25, 13.5, 4.375], "texture": "#all"},
				"west": {"uv": [13.875, 4.25, 14, 4.375], "texture": "#all"},
				"down": {"uv": [13.375, 4.25, 14, 4.375], "rotation": 180, "texture": "#all"}
			}
		},
		{
			"name": "cream",
			"from": [9.5, 4.5, 1],
			"to": [11, 5, 1.5],
			"rotation": {"angle": 0, "axis": "y", "origin": [8, 0, 8]},
			"faces": {
				"north": {"uv": [13.5, 4.375, 13.875, 4.5], "texture": "#all"},
				"east": {"uv": [13.625, 4.5, 13.5, 4.375], "texture": "#all"},
				"west": {"uv": [13.875, 4.5, 13.75, 4.375], "texture": "#all"},
				"down": {"uv": [13.5, 4.375, 13.875, 4.5], "rotation": 180, "texture": "#all"}
			}
		},
		{
			"name": "cream",
			"from": [14, 4.5, 1],
			"to": [15, 5, 1.5],
			"rotation": {"angle": 0, "axis": "y", "origin": [8, 0, 8]},
			"faces": {
				"north": {"uv": [12.5, 4.375, 12.75, 4.5], "texture": "#all"},
				"east": {"uv": [16, 4.5, 15.875, 4.375], "texture": "#all"},
				"west": {"uv": [12.75, 4.5, 12.625, 4.375], "texture": "#all"},
				"down": {"uv": [12.5, 4.375, 12.75, 4.5], "rotation": 180, "texture": "#all"}
			}
		},
		{
			"name": "cream",
			"from": [13.5, 5, 1],
			"to": [15, 5.5, 1.5],
			"rotation": {"angle": 0, "axis": "y", "origin": [8, 0, 8]},
			"faces": {
				"north": {"uv": [12.5, 4.25, 12.875, 4.375], "texture": "#all"},
				"east": {"uv": [16, 4.25, 15.875, 4.375], "texture": "#all"},
				"west": {"uv": [12.75, 4.25, 12.875, 4.375], "texture": "#all"},
				"down": {"uv": [12.5, 4.25, 12.875, 4.375], "rotation": 180, "texture": "#all"}
			}
		},
		{
			"name": "cream",
			"from": [4.5, 5, 1],
			"to": [7, 5.5, 1.5],
			"rotation": {"angle": 0, "axis": "y", "origin": [8, 0, 8]},
			"faces": {
				"north": {"uv": [14.5, 4.25, 15.125, 4.375], "texture": "#all"},
				"east": {"uv": [14.5, 4.25, 14.625, 4.375], "texture": "#all"},
				"west": {"uv": [15, 4.25, 15.125, 4.375], "texture": "#all"},
				"down": {"uv": [14.5, 4.25, 15.125, 4.375], "rotation": 180, "texture": "#all"}
			}
		},
		{
			"name": "cream",
			"from": [5, 4.5, 1],
			"to": [6.5, 5, 1.5],
			"rotation": {"angle": 0, "axis": "y", "origin": [8, 0, 8]},
			"faces": {
				"north": {"uv": [14.625, 4.375, 15, 4.5], "texture": "#all"},
				"east": {"uv": [14.75, 4.5, 14.625, 4.375], "texture": "#all"},
				"west": {"uv": [15, 4.5, 14.875, 4.375], "texture": "#all"},
				"down": {"uv": [14.625, 4.375, 15, 4.5], "rotation": 180, "texture": "#all"}
			}
		},
		{
			"name": "cream",
			"from": [1, 5, 1],
			"to": [2.5, 5.5, 1.5],
			"rotation": {"angle": 0, "axis": "y", "origin": [8, 0, 8]},
			"faces": {
				"north": {"uv": [15.625, 4.25, 16, 4.375], "texture": "#all"},
				"east": {"uv": [15.625, 4.25, 15.75, 4.375], "texture": "#all"},
				"west": {"uv": [12.5, 4.25, 12.625, 4.375], "texture": "#all"},
				"down": {"uv": [15.625, 4.25, 16, 4.375], "rotation": 180, "texture": "#all"}
			}
		},
		{
			"name": "cream",
			"from": [1, 4.5, 1],
			"to": [2, 5, 1.5],
			"rotation": {"angle": 0, "axis": "y", "origin": [8, 0, 8]},
			"faces": {
				"north": {"uv": [15.75, 4.375, 16, 4.5], "texture": "#all"},
				"east": {"uv": [15.875, 4.5, 15.75, 4.375], "texture": "#all"},
				"west": {"uv": [12.625, 4.5, 12.5, 4.375], "texture": "#all"},
				"down": {"uv": [15.75, 4.375, 16, 4.5], "rotation": 180, "texture": "#all"}
			}
		},
		{
			"name": "cream",
			"from": [14.5, 5.5, 1.5],
			"to": [15, 8, 14.5],
			"rotation": {"angle": 0, "axis": "y", "origin": [8, 0, 8]},
			"faces": {
				"east": {"uv": [12.625, 3.625, 15.875, 4.25], "texture": "#all"},
				"up": {"uv": [15.875, 0.125, 16, 3.375], "texture": "#all"},
				"down": {"uv": [12.625, 4.125, 15.875, 4.25], "rotation": 90, "texture": "#all"}
			}
		},
		{
			"name": "cream",
			"from": [14.5, 5, 9],
			"to": [15, 5.5, 11.5],
			"rotation": {"angle": 0, "axis": "y", "origin": [8, 0, 8]},
			"faces": {
				"north": {"uv": [13.875, 4.25, 14, 4.375], "texture": "#all"},
				"east": {"uv": [13.375, 4.25, 14, 4.375], "texture": "#all"},
				"south": {"uv": [13.375, 4.25, 13.5, 4.375], "texture": "#all"},
				"down": {"uv": [13.375, 4.25, 14, 4.375], "rotation": 90, "texture": "#all"}
			}
		},
		{
			"name": "cream",
			"from": [14.5, 5, 13.5],
			"to": [15, 5.5, 14.5],
			"rotation": {"angle": 0, "axis": "y", "origin": [8, 0, 8]},
			"faces": {
				"north": {"uv": [12.75, 4.25, 12.875, 4.375], "texture": "#all"},
				"east": {"uv": [12.625, 4.25, 12.875, 4.375], "texture": "#all"},
				"down": {"uv": [12.625, 4.25, 12.875, 4.375], "rotation": 90, "texture": "#all"}
			}
		},
		{
			"name": "cream",
			"from": [14.5, 4.5, 14],
			"to": [15, 5, 14.5],
			"rotation": {"angle": 0, "axis": "y", "origin": [8, 0, 8]},
			"faces": {
				"north": {"uv": [12.625, 4.375, 12.75, 4.5], "texture": "#all"},
				"east": {"uv": [12.625, 4.375, 12.75, 4.5], "texture": "#all"},
				"down": {"uv": [12.625, 4.375, 12.75, 4.5], "texture": "#all"}
			}
		},
		{
			"name": "cream",
			"from": [14.5, 4.5, 9.5],
			"to": [15, 5, 11],
			"rotation": {"angle": 0, "axis": "y", "origin": [8, 0, 8]},
			"faces": {
				"north": {"uv": [13.75, 4.375, 13.875, 4.5], "texture": "#all"},
				"east": {"uv": [13.5, 4.375, 13.875, 4.5], "texture": "#all"},
				"south": {"uv": [13.5, 4.375, 13.625, 4.5], "texture": "#all"},
				"down": {"uv": [13.5, 4.375, 13.875, 4.5], "rotation": 90, "texture": "#all"}
			}
		},
		{
			"name": "cream",
			"from": [14.5, 4.5, 5],
			"to": [15, 5, 6.5],
			"rotation": {"angle": 0, "axis": "y", "origin": [8, 0, 8]},
			"faces": {
				"north": {"uv": [14.875, 4.375, 15, 4.5], "texture": "#all"},
				"east": {"uv": [14.625, 4.375, 15, 4.5], "texture": "#all"},
				"south": {"uv": [14.625, 4.375, 14.75, 4.5], "texture": "#all"},
				"down": {"uv": [14.625, 4.375, 15, 4.5], "rotation": 90, "texture": "#all"}
			}
		},
		{
			"name": "cream",
			"from": [14.5, 4.5, 1.5],
			"to": [15, 5, 2],
			"rotation": {"angle": 0, "axis": "y", "origin": [8, 0, 8]},
			"faces": {
				"east": {"uv": [15.75, 4.375, 15.875, 4.5], "texture": "#all"},
				"south": {"uv": [15.75, 4.375, 15.875, 4.5], "texture": "#all"},
				"down": {"uv": [15.75, 4.375, 15.875, 4.5], "texture": "#all"}
			}
		},
		{
			"name": "cream",
			"from": [14.5, 5, 4.5],
			"to": [15, 5.5, 7],
			"rotation": {"angle": 0, "axis": "y", "origin": [8, 0, 8]},
			"faces": {
				"north": {"uv": [15, 4.25, 15.125, 4.375], "texture": "#all"},
				"east": {"uv": [14.5, 4.25, 15.125, 4.375], "texture": "#all"},
				"south": {"uv": [14.5, 4.25, 14.625, 4.375], "texture": "#all"},
				"down": {"uv": [14.5, 4.25, 15.125, 4.375], "rotation": 90, "texture": "#all"}
			}
		},
		{
			"name": "cream",
			"from": [14.5, 5, 1.5],
			"to": [15, 5.5, 2.5],
			"rotation": {"angle": 0, "axis": "y", "origin": [8, 0, 8]},
			"faces": {
				"east": {"uv": [15.625, 4.25, 15.875, 4.375], "texture": "#all"},
				"south": {"uv": [15.625, 4.25, 15.75, 4.375], "texture": "#all"},
				"down": {"uv": [15.625, 4.25, 15.875, 4.375], "rotation": 90, "texture": "#all"}
			}
		},
		{
			"name": "cream",
			"from": [1, 5.5, 1.5],
			"to": [1.5, 8, 14.5],
			"rotation": {"angle": 0, "axis": "y", "origin": [8, 0, 8]},
			"faces": {
				"west": {"uv": [12.625, 3.625, 15.875, 4.25], "texture": "#all"},
				"up": {"uv": [12.5, 0.125, 12.625, 3.375], "texture": "#all"},
				"down": {"uv": [12.625, 4.125, 15.875, 4.25], "rotation": 270, "texture": "#all"}
			}
		},
		{
			"name": "cream",
			"from": [1, 5, 4.5],
			"to": [1.5, 5.5, 7],
			"rotation": {"angle": 0, "axis": "y", "origin": [8, 0, 8]},
			"faces": {
				"north": {"uv": [13.375, 4.25, 13.5, 4.375], "texture": "#all"},
				"south": {"uv": [13.875, 4.25, 14, 4.375], "texture": "#all"},
				"west": {"uv": [13.375, 4.25, 14, 4.375], "texture": "#all"},
				"down": {"uv": [13.375, 4.25, 14, 4.375], "rotation": 270, "texture": "#all"}
			}
		},
		{
			"name": "cream",
			"from": [1, 5, 1.5],
			"to": [1.5, 5.5, 2.5],
			"rotation": {"angle": 0, "axis": "y", "origin": [8, 0, 8]},
			"faces": {
				"south": {"uv": [12.75, 4.25, 12.875, 4.375], "texture": "#all"},
				"west": {"uv": [12.625, 4.25, 12.875, 4.375], "texture": "#all"},
				"down": {"uv": [12.625, 4.25, 12.875, 4.375], "rotation": 270, "texture": "#all"}
			}
		},
		{
			"name": "cream",
			"from": [1, 4.5, 1.5],
			"to": [1.5, 5, 2],
			"rotation": {"angle": 0, "axis": "y", "origin": [8, 0, 8]},
			"faces": {
				"south": {"uv": [12.625, 4.375, 12.75, 4.5], "texture": "#all"},
				"west": {"uv": [12.625, 4.375, 12.75, 4.5], "texture": "#all"},
				"down": {"uv": [12.625, 4.375, 12.75, 4.5], "rotation": 180, "texture": "#all"}
			}
		},
		{
			"name": "cream",
			"from": [1, 4.5, 5],
			"to": [1.5, 5, 6.5],
			"rotation": {"angle": 0, "axis": "y", "origin": [8, 0, 8]},
			"faces": {
				"north": {"uv": [13.5, 4.375, 13.625, 4.5], "texture": "#all"},
				"south": {"uv": [13.75, 4.375, 13.875, 4.5], "texture": "#all"},
				"west": {"uv": [13.5, 4.375, 13.875, 4.5], "texture": "#all"},
				"down": {"uv": [13.5, 4.375, 13.875, 4.5], "rotation": 270, "texture": "#all"}
			}
		},
		{
			"name": "cream",
			"from": [1, 4.5, 9.5],
			"to": [1.5, 5, 11],
			"rotation": {"angle": 0, "axis": "y", "origin": [8, 0, 8]},
			"faces": {
				"north": {"uv": [14.625, 4.375, 14.75, 4.5], "texture": "#all"},
				"south": {"uv": [14.875, 4.375, 15, 4.5], "texture": "#all"},
				"west": {"uv": [14.625, 4.375, 15, 4.5], "texture": "#all"},
				"down": {"uv": [14.625, 4.375, 15, 4.5], "rotation": 270, "texture": "#all"}
			}
		},
		{
			"name": "cream",
			"from": [1, 4.5, 14],
			"to": [1.5, 5, 14.5],
			"rotation": {"angle": 0, "axis": "y", "origin": [8, 0, 8]},
			"faces": {
				"north": {"uv": [15.75, 4.375, 15.875, 4.5], "texture": "#all"},
				"west": {"uv": [15.75, 4.375, 15.875, 4.5], "texture": "#all"},
				"down": {"uv": [15.75, 4.375, 15.875, 4.5], "rotation": 180, "texture": "#all"}
			}
		},
		{
			"name": "cream",
			"from": [1, 5, 9],
			"to": [1.5, 5.5, 11.5],
			"rotation": {"angle": 0, "axis": "y", "origin": [8, 0, 8]},
			"faces": {
				"north": {"uv": [14.5, 4.25, 14.625, 4.375], "texture": "#all"},
				"south": {"uv": [15, 4.25, 15.125, 4.375], "texture": "#all"},
				"west": {"uv": [14.5, 4.25, 15.125, 4.375], "texture": "#all"},
				"down": {"uv": [14.5, 4.25, 15.125, 4.375], "rotation": 270, "texture": "#all"}
			}
		},
		{
			"name": "cream",
			"from": [1, 5, 13.5],
			"to": [1.5, 5.5, 14.5],
			"rotation": {"angle": 0, "axis": "y", "origin": [8, 0, 8]},
			"faces": {
				"north": {"uv": [15.625, 4.25, 15.75, 4.375], "texture": "#all"},
				"west": {"uv": [15.625, 4.25, 15.875, 4.375], "texture": "#all"},
				"down": {"uv": [15.625, 4.25, 15.875, 4.375], "rotation": 270, "texture": "#all"}
			}
		}
	],
	"groups": [
		0,
		{
			"name": "cream south",
			"origin": [8, 8, 8],
			"color": 0,
			"children": [1, 2, 3, 4, 5, 6, 7, 8, 9]
		},
		{
			"name": "cream north",
			"origin": [8, 8, 8],
			"color": 0,
			"children": [10, 11, 12, 13, 14, 15, 16, 17, 18]
		},
		{
			"name": "cream east",
			"origin": [8, 8, 8],
			"color": 0,
			"children": [19, 20, 21, 22, 23, 24, 25, 26, 27]
		},
		{
			"name": "cream west",
			"origin": [8, 8, 8],
			"color": 0,
			"children": [28, 29, 30, 31, 32, 33, 34, 35, 36]
		}
	]
}