{
	"credit": "Made with Blockbench",
	"parent": "block/slab",
	"textures": {
		"all": "block/cake/11",
		"particle": "block/break/cake"
	},
	"elements": [
		{
			"name": "cake",
			"from": [9.5, 0, 1.5],
			"to": [14.5, 8, 14.5],
			"faces": {
				"north": {"uv": [12.625, 3.625, 13.875, 5.625], "texture": "#all"},
				"east": {"uv": [12.625, 3.625, 15.875, 5.625], "texture": "#all"},
				"south": {"uv": [14.625, 3.625, 15.875, 5.625], "texture": "#all"},
				"west": {"uv": [12.75, 9.125, 16, 11.125], "texture": "#all"},
				"up": {"uv": [14.625, 0.125, 15.875, 3.375], "texture": "#all"},
				"down": {"uv": [14.75, 5.75, 16, 9], "texture": "#all"}
			}
		},
		{
			"name": "cream",
			"from": [9, 5.5, 14.5],
			"to": [15, 8, 15],
			"rotation": {"angle": 0, "axis": "y", "origin": [8, 0, 8]},
			"faces": {
				"north": {"uv": [3.125, 3, 1.625, 3.625], "texture": "#all"},
				"east": {"uv": [12.5, 3.625, 12.625, 4.25], "texture": "#all"},
				"south": {"uv": [1.625, 3, 3.125, 3.625], "texture": "#all"},
				"west": {"uv": [1.625, 3, 1.75, 3.625], "texture": "#all"},
				"up": {"uv": [14.5, 3.375, 16, 3.5], "texture": "#all"},
				"down": {"uv": [1.625, 3.5, 3.125, 3.625], "texture": "#all"}
			}
		},
		{
			"name": "cream",
			"from": [9, 5, 14.5],
			"to": [11.5, 5.5, 15],
			"rotation": {"angle": 0, "axis": "y", "origin": [8, 0, 8]},
			"faces": {
				"north": {"uv": [2.25, 3.625, 1.625, 3.75], "texture": "#all"},
				"east": {"uv": [2.125, 3.625, 2.25, 3.75], "texture": "#all"},
				"south": {"uv": [1.625, 3.625, 2.25, 3.75], "texture": "#all"},
				"west": {"uv": [1.625, 3.625, 1.75, 3.75], "texture": "#all"},
				"down": {"uv": [1.625, 3.625, 2.25, 3.75], "texture": "#all"}
			}
		},
		{
			"name": "cream",
			"from": [9.5, 4.5, 14.5],
			"to": [11, 5, 15],
			"rotation": {"angle": 0, "axis": "y", "origin": [8, 0, 8]},
			"faces": {
				"east": {"uv": [2.125, 3.875, 2, 3.75], "texture": "#all"},
				"south": {"uv": [1.75, 3.75, 2.125, 3.875], "texture": "#all"},
				"west": {"uv": [14.75, 4.5, 14.625, 4.375], "texture": "#all"},
				"down": {"uv": [1.75, 3.75, 2.125, 3.875], "texture": "#all"}
			}
		},
		{
			"name": "cream",
			"from": [13.5, 5, 14.5],
			"to": [15, 5.5, 15],
			"rotation": {"angle": 0, "axis": "y", "origin": [8, 0, 8]},
			"faces": {
				"east": {"uv": [12.5, 4.25, 12.625, 4.375], "texture": "#all"},
				"south": {"uv": [15.625, 4.25, 16, 4.375], "texture": "#all"},
				"west": {"uv": [15.625, 4.25, 15.75, 4.375], "texture": "#all"},
				"down": {"uv": [15.625, 4.25, 16, 4.375], "texture": "#all"}
			}
		},
		{
			"name": "cream",
			"from": [14, 4.5, 14.5],
			"to": [15, 5, 15],
			"rotation": {"angle": 0, "axis": "y", "origin": [8, 0, 8]},
			"faces": {
				"east": {"uv": [12.625, 4.5, 12.5, 4.375], "texture": "#all"},
				"south": {"uv": [15.75, 4.375, 16, 4.5], "texture": "#all"},
				"west": {"uv": [15.875, 4.5, 15.75, 4.375], "texture": "#all"},
				"down": {"uv": [15.75, 4.375, 16, 4.5], "texture": "#all"}
			}
		},
		{
			"name": "cream",
			"from": [9, 5.5, 1],
			"to": [15, 8, 1.5],
			"rotation": {"angle": 0, "axis": "y", "origin": [8, 0, 8]},
			"faces": {
				"north": {"uv": [0, 3, 1.5, 3.625], "texture": "#all"},
				"east": {"uv": [15.875, 3.625, 16, 4.25], "texture": "#all"},
				"south": {"uv": [1.5, 3, 0, 3.625], "texture": "#all"},
				"west": {"uv": [1.375, 3, 1.5, 3.625], "texture": "#all"},
				"up": {"uv": [14.5, 0, 16, 0.125], "texture": "#all"},
				"down": {"uv": [0, 3.5, 1.5, 3.625], "rotation": 180, "texture": "#all"}
			}
		},
		{
			"name": "cream",
			"from": [9, 5, 1],
			"to": [11.5, 5.5, 1.5],
			"rotation": {"angle": 0, "axis": "y", "origin": [8, 0, 8]},
			"faces": {
				"north": {"uv": [0.875, 3.625, 1.5, 3.75], "texture": "#all"},
				"east": {"uv": [0.875, 3.625, 1, 3.75], "texture": "#all"},
				"south": {"uv": [1.5, 3.625, 0.875, 3.75], "texture": "#all"},
				"west": {"uv": [1.375, 3.625, 1.5, 3.75], "texture": "#all"},
				"down": {"uv": [0.875, 3.625, 1.5, 3.75], "rotation": 180, "texture": "#all"}
			}
		},
		{
			"name": "cream",
			"from": [9.5, 4.5, 1],
			"to": [11, 5, 1.5],
			"rotation": {"angle": 0, "axis": "y", "origin": [8, 0, 8]},
			"faces": {
				"north": {"uv": [1, 3.75, 1.375, 3.875], "texture": "#all"},
				"east": {"uv": [1.125, 3.875, 1, 3.75], "texture": "#all"},
				"west": {"uv": [1.375, 3.875, 1.25, 3.75], "texture": "#all"},
				"down": {"uv": [1, 3.75, 1.375, 3.875], "rotation": 180, "texture": "#all"}
			}
		},
		{
			"name": "cream",
			"from": [14, 4.5, 1],
			"to": [15, 5, 1.5],
			"rotation": {"angle": 0, "axis": "y", "origin": [8, 0, 8]},
			"faces": {
				"north": {"uv": [12.5, 4.375, 12.75, 4.5], "texture": "#all"},
				"east": {"uv": [16, 4.5, 15.875, 4.375], "texture": "#all"},
				"west": {"uv": [12.75, 4.5, 12.625, 4.375], "texture": "#all"},
				"down": {"uv": [12.5, 4.375, 12.75, 4.5], "rotation": 180, "texture": "#all"}
			}
		},
		{
			"name": "cream",
			"from": [13.5, 5, 1],
			"to": [15, 5.5, 1.5],
			"rotation": {"angle": 0, "axis": "y", "origin": [8, 0, 8]},
			"faces": {
				"north": {"uv": [12.5, 4.25, 12.875, 4.375], "texture": "#all"},
				"east": {"uv": [16, 4.25, 15.875, 4.375], "texture": "#all"},
				"west": {"uv": [12.75, 4.25, 12.875, 4.375], "texture": "#all"},
				"down": {"uv": [12.5, 4.25, 12.875, 4.375], "rotation": 180, "texture": "#all"}
			}
		},
		{
			"name": "cream",
			"from": [14.5, 5.5, 1.5],
			"to": [15, 8, 14.5],
			"rotation": {"angle": 0, "axis": "y", "origin": [8, 0, 8]},
			"faces": {
				"east": {"uv": [12.625, 3.625, 15.875, 4.25], "texture": "#all"},
				"up": {"uv": [15.875, 0.125, 16, 3.375], "texture": "#all"},
				"down": {"uv": [12.625, 4.125, 15.875, 4.25], "rotation": 90, "texture": "#all"}
			}
		},
		{
			"name": "cream",
			"from": [14.5, 5, 9],
			"to": [15, 5.5, 11.5],
			"rotation": {"angle": 0, "axis": "y", "origin": [8, 0, 8]},
			"faces": {
				"north": {"uv": [13.875, 4.25, 14, 4.375], "texture": "#all"},
				"east": {"uv": [13.375, 4.25, 14, 4.375], "texture": "#all"},
				"south": {"uv": [13.375, 4.25, 13.5, 4.375], "texture": "#all"},
				"down": {"uv": [13.375, 4.25, 14, 4.375], "rotation": 90, "texture": "#all"}
			}
		},
		{
			"name": "cream",
			"from": [14.5, 5, 13.5],
			"to": [15, 5.5, 14.5],
			"rotation": {"angle": 0, "axis": "y", "origin": [8, 0, 8]},
			"faces": {
				"north": {"uv": [12.75, 4.25, 12.875, 4.375], "texture": "#all"},
				"east": {"uv": [12.625, 4.25, 12.875, 4.375], "texture": "#all"},
				"down": {"uv": [12.625, 4.25, 12.875, 4.375], "rotation": 90, "texture": "#all"}
			}
		},
		{
			"name": "cream",
			"from": [14.5, 4.5, 14],
			"to": [15, 5, 14.5],
			"rotation": {"angle": 0, "axis": "y", "origin": [8, 0, 8]},
			"faces": {
				"north": {"uv": [12.625, 4.375, 12.75, 4.5], "texture": "#all"},
				"east": {"uv": [12.625, 4.375, 12.75, 4.5], "texture": "#all"},
				"down": {"uv": [12.625, 4.375, 12.75, 4.5], "texture": "#all"}
			}
		},
		{
			"name": "cream",
			"from": [14.5, 4.5, 9.5],
			"to": [15, 5, 11],
			"rotation": {"angle": 0, "axis": "y", "origin": [8, 0, 8]},
			"faces": {
				"north": {"uv": [13.75, 4.375, 13.875, 4.5], "texture": "#all"},
				"east": {"uv": [13.5, 4.375, 13.875, 4.5], "texture": "#all"},
				"south": {"uv": [13.5, 4.375, 13.625, 4.5], "texture": "#all"},
				"down": {"uv": [13.5, 4.375, 13.875, 4.5], "rotation": 90, "texture": "#all"}
			}
		},
		{
			"name": "cream",
			"from": [14.5, 4.5, 5],
			"to": [15, 5, 6.5],
			"rotation": {"angle": 0, "axis": "y", "origin": [8, 0, 8]},
			"faces": {
				"north": {"uv": [14.875, 4.375, 15, 4.5], "texture": "#all"},
				"east": {"uv": [14.625, 4.375, 15, 4.5], "texture": "#all"},
				"south": {"uv": [14.625, 4.375, 14.75, 4.5], "texture": "#all"},
				"down": {"uv": [14.625, 4.375, 15, 4.5], "rotation": 90, "texture": "#all"}
			}
		},
		{
			"name": "cream",
			"from": [14.5, 4.5, 1.5],
			"to": [15, 5, 2],
			"rotation": {"angle": 0, "axis": "y", "origin": [8, 0, 8]},
			"faces": {
				"east": {"uv": [15.75, 4.375, 15.875, 4.5], "texture": "#all"},
				"south": {"uv": [15.75, 4.375, 15.875, 4.5], "texture": "#all"},
				"down": {"uv": [15.75, 4.375, 15.875, 4.5], "texture": "#all"}
			}
		},
		{
			"name": "cream",
			"from": [14.5, 5, 4.5],
			"to": [15, 5.5, 7],
			"rotation": {"angle": 0, "axis": "y", "origin": [8, 0, 8]},
			"faces": {
				"north": {"uv": [15, 4.25, 15.125, 4.375], "texture": "#all"},
				"east": {"uv": [14.5, 4.25, 15.125, 4.375], "texture": "#all"},
				"south": {"uv": [14.5, 4.25, 14.625, 4.375], "texture": "#all"},
				"down": {"uv": [14.5, 4.25, 15.125, 4.375], "rotation": 90, "texture": "#all"}
			}
		},
		{
			"name": "cream",
			"from": [14.5, 5, 1.5],
			"to": [15, 5.5, 2.5],
			"rotation": {"angle": 0, "axis": "y", "origin": [8, 0, 8]},
			"faces": {
				"east": {"uv": [15.625, 4.25, 15.875, 4.375], "texture": "#all"},
				"south": {"uv": [15.625, 4.25, 15.75, 4.375], "texture": "#all"},
				"down": {"uv": [15.625, 4.25, 15.875, 4.375], "rotation": 90, "texture": "#all"}
			}
		},
		{
			"name": "cream",
			"from": [9, 7, 1.5],
			"to": [9.5, 8, 14.5],
			"rotation": {"angle": 0, "axis": "y", "origin": [8, 0, 8]},
			"faces": {
				"west": {"uv": [12.875, 9.125, 15.875, 9.375], "texture": "#all"},
				"up": {"uv": [14.5, 0.125, 14.625, 3.375], "texture": "#all"},
				"down": {"uv": [12.875, 9.25, 15.875, 9.375], "rotation": 270, "texture": "#all"}
			}
		},
		{
			"name": "cream",
			"from": [9, 6.5, 2.5],
			"to": [9.5, 7, 5.5],
			"rotation": {"angle": 0, "axis": "y", "origin": [8, 0, 8]},
			"faces": {
				"north": {"uv": [13, 9.375, 13.125, 9.5], "texture": "#all"},
				"south": {"uv": [13.625, 9.375, 13.75, 9.5], "texture": "#all"},
				"west": {"uv": [13, 9.375, 13.75, 9.5], "texture": "#all"},
				"down": {"uv": [13, 9.375, 13.75, 9.5], "rotation": 270, "texture": "#all"}
			}
		},
		{
			"name": "cream",
			"from": [9, 6, 3.5],
			"to": [9.5, 6.5, 5],
			"rotation": {"angle": 0, "axis": "y", "origin": [8, 0, 8]},
			"faces": {
				"north": {"uv": [13.25, 9.5, 13.375, 9.625], "texture": "#all"},
				"south": {"uv": [13.5, 9.5, 13.625, 9.625], "texture": "#all"},
				"west": {"uv": [13.25, 9.5, 13.625, 9.625], "texture": "#all"},
				"down": {"uv": [13.25, 9.5, 13.625, 9.625], "rotation": 270, "texture": "#all"}
			}
		},
		{
			"name": "cream",
			"from": [9, 6.5, 11],
			"to": [9.5, 7, 12.5],
			"rotation": {"angle": 0, "axis": "y", "origin": [8, 0, 8]},
			"faces": {
				"north": {"uv": [15.125, 9.375, 15.25, 9.5], "texture": "#all"},
				"south": {"uv": [15.375, 9.375, 15.5, 9.5], "texture": "#all"},
				"west": {"uv": [15.125, 9.375, 15.5, 9.5], "texture": "#all"},
				"down": {"uv": [15.125, 9.375, 15.5, 9.5], "rotation": 270, "texture": "#all"}
			}
		},
		{
			"name": "cream",
			"from": [9, 6.5, 13.5],
			"to": [9.5, 7, 14.5],
			"rotation": {"angle": 0, "axis": "y", "origin": [8, 0, 8]},
			"faces": {
				"north": {"uv": [15.75, 9.375, 15.875, 9.5], "texture": "#all"},
				"west": {"uv": [15.75, 9.375, 16, 9.5], "texture": "#all"},
				"down": {"uv": [15.75, 9.375, 16, 9.5], "rotation": 270, "texture": "#all"}
			}
		},
		{
			"name": "cream",
			"from": [9, 5.5, 3.5],
			"to": [9.5, 6, 4.5],
			"rotation": {"angle": 0, "axis": "y", "origin": [8, 0, 8]},
			"faces": {
				"north": {"uv": [13.25, 9.625, 13.375, 9.75], "texture": "#all"},
				"south": {"uv": [13.375, 9.625, 13.5, 9.75], "texture": "#all"},
				"west": {"uv": [13.25, 9.625, 13.5, 9.75], "texture": "#all"},
				"down": {"uv": [13.25, 9.625, 13.5, 9.75], "rotation": 270, "texture": "#all"}
			}
		},
		{
			"name": "cream",
			"from": [9, 6.5, 1.5],
			"to": [9.5, 7, 2],
			"rotation": {"angle": 0, "axis": "y", "origin": [8, 0, 8]},
			"faces": {
				"south": {"uv": [12.75, 9.375, 12.875, 9.5], "texture": "#all"},
				"west": {"uv": [12.75, 9.375, 12.875, 9.5], "texture": "#all"},
				"down": {"uv": [12.75, 9.375, 12.875, 9.5], "rotation": 270, "texture": "#all"}
			}
		},
		{
			"name": "cream",
			"from": [9, 5, 4],
			"to": [9.5, 5.5, 4.5],
			"rotation": {"angle": 0, "axis": "y", "origin": [8, 0, 8]},
			"faces": {
				"north": {"uv": [13.375, 9.75, 13.5, 9.875], "texture": "#all"},
				"south": {"uv": [13.375, 9.75, 13.5, 9.875], "texture": "#all"},
				"west": {"uv": [13.375, 9.75, 13.5, 9.875], "texture": "#all"},
				"down": {"uv": [13.375, 9.75, 13.5, 9.875], "rotation": 270, "texture": "#all"}
			}
		},
		{
			"name": "cream",
			"from": [9, 5.5, 11.5],
			"to": [9.5, 6.5, 12],
			"rotation": {"angle": 0, "axis": "y", "origin": [8, 0, 8]},
			"faces": {
				"north": {"uv": [15.25, 9.5, 15.375, 9.75], "texture": "#all"},
				"south": {"uv": [15.25, 9.5, 15.375, 9.75], "texture": "#all"},
				"west": {"uv": [15.25, 9.5, 15.375, 9.75], "texture": "#all"},
				"down": {"uv": [15.25, 9.625, 15.375, 9.75], "rotation": 270, "texture": "#all"}
			}
		},
		{
			"from": [10.5, 8, 2],
			"to": [11.5, 8.5, 3],
			"rotation": {"angle": 0, "axis": "y", "origin": [4, 8, 12]},
			"faces": {
				"north": {"uv": [11.75, 0.125, 11.5, 0.25], "texture": "#all"},
				"east": {"uv": [11.625, 0.125, 11.75, 0.375], "rotation": 90, "texture": "#all"},
				"south": {"uv": [11.5, 0.25, 11.75, 0.375], "texture": "#all"},
				"west": {"uv": [11.5, 0.375, 11.625, 0.125], "rotation": 90, "texture": "#all"},
				"up": {"uv": [11.5, 0.125, 11.75, 0.375], "texture": "#all"}
			}
		},
		{
			"from": [11, 8, 5],
			"to": [12, 8.5, 6],
			"rotation": {"angle": 0, "axis": "y", "origin": [4, 8, 12]},
			"faces": {
				"north": {"uv": [11.875, 0.875, 11.625, 1], "texture": "#all"},
				"east": {"uv": [11.75, 0.875, 11.875, 1.125], "rotation": 90, "texture": "#all"},
				"south": {"uv": [11.625, 1, 11.875, 1.125], "texture": "#all"},
				"west": {"uv": [11.625, 1.125, 11.75, 0.875], "rotation": 90, "texture": "#all"},
				"up": {"uv": [11.625, 0.875, 11.875, 1.125], "texture": "#all"}
			}
		},
		{
			"from": [13, 8, 9],
			"to": [14, 8.5, 10],
			"rotation": {"angle": 0, "axis": "y", "origin": [4, 8, 12]},
			"faces": {
				"north": {"uv": [12.375, 1.875, 12.125, 2], "texture": "#all"},
				"east": {"uv": [12.25, 1.875, 12.375, 2.125], "rotation": 90, "texture": "#all"},
				"south": {"uv": [12.125, 2, 12.375, 2.125], "texture": "#all"},
				"west": {"uv": [12.125, 2.125, 12.25, 1.875], "rotation": 90, "texture": "#all"},
				"up": {"uv": [12.125, 1.875, 12.375, 2.125], "texture": "#all"}
			}
		},
		{
			"from": [10, 8, 12],
			"to": [11, 8.5, 13],
			"rotation": {"angle": 0, "axis": "y", "origin": [4, 8, 12]},
			"faces": {
				"north": {"uv": [11.625, 2.625, 11.375, 2.75], "texture": "#all"},
				"east": {"uv": [11.5, 2.625, 11.625, 2.875], "rotation": 90, "texture": "#all"},
				"south": {"uv": [11.375, 2.75, 11.625, 2.875], "texture": "#all"},
				"west": {"uv": [11.375, 2.875, 11.5, 2.625], "rotation": 90, "texture": "#all"},
				"up": {"uv": [11.375, 2.625, 11.625, 2.875], "texture": "#all"}
			}
		}
	],
	"groups": [
		0,
		{
			"name": "cream south",
			"origin": [8, 8, 8],
			"color": 0,
			"children": [1, 2, 3, 4, 5]
		},
		{
			"name": "cream north",
			"origin": [8, 8, 8],
			"color": 0,
			"children": [6, 7, 8, 9, 10]
		},
		{
			"name": "cream east",
			"origin": [8, 8, 8],
			"color": 0,
			"children": [11, 12, 13, 14, 15, 16, 17, 18, 19]
		},
		{
			"name": "cream west",
			"origin": [8, 8, 8],
			"color": 0,
			"children": [20, 21, 22, 23, 24, 25, 26, 27, 28]
		},
		{
			"name": "cherry",
			"origin": [8, 8, 8],
			"color": 0,
			"children": [29, 30, 31, 32]
		}
	]
}