{
  "variants": {
    "": 
	[ { "model": "block/grass_block/dirt_path/1"},
	{ "model": "block/grass_block/dirt_path/1", "y": 90},
	{ "model": "block/grass_block/dirt_path/1", "y": 180},
	{ "model": "block/grass_block/dirt_path/1", "y": 270},
	{ "model": "block/grass_block/dirt_path/2"},
	{ "model": "block/grass_block/dirt_path/2", "y": 90},
	{ "model": "block/grass_block/dirt_path/2", "y": 180},
	{ "model": "block/grass_block/dirt_path/2", "y": 270},
	{ "model": "block/grass_block/dirt_path/3"},
	{ "model": "block/grass_block/dirt_path/3", "y": 90},
	{ "model": "block/grass_block/dirt_path/3", "y": 180},
	{ "model": "block/grass_block/dirt_path/3", "y": 270},
	{ "model": "block/grass_block/dirt_path/4"},
	{ "model": "block/grass_block/dirt_path/4", "y": 90},
	{ "model": "block/grass_block/dirt_path/4", "y": 180},
	{ "model": "block/grass_block/dirt_path/4", "y": 270},
	{ "model": "block/grass_block/dirt_path/5"},
	{ "model": "block/grass_block/dirt_path/5", "y": 90},
	{ "model": "block/grass_block/dirt_path/5", "y": 180},
	{ "model": "block/grass_block/dirt_path/5", "y": 270},
	{ "model": "block/grass_block/dirt_path/6"},
	{ "model": "block/grass_block/dirt_path/6", "y": 90},
	{ "model": "block/grass_block/dirt_path/6", "y": 180},
	{ "model": "block/grass_block/dirt_path/6", "y": 270} ]
  }
}