{
  "variants": {
    "snowy=false": [
      { "model": "block/grass_block/mycelium/1" },
      { "model": "block/grass_block/mycelium/1", "y": 90 },
      { "model": "block/grass_block/mycelium/1", "y": 180 },
      { "model": "block/grass_block/mycelium/1", "y": 270 },
      { "model": "block/grass_block/mycelium/2" },
      { "model": "block/grass_block/mycelium/2", "y": 90 },
      { "model": "block/grass_block/mycelium/2", "y": 180 },
      { "model": "block/grass_block/mycelium/2", "y": 270 },
      { "model": "block/grass_block/mycelium/3" },
      { "model": "block/grass_block/mycelium/3", "y": 90 },
      { "model": "block/grass_block/mycelium/3", "y": 180 },
      { "model": "block/grass_block/mycelium/3", "y": 270 },
      { "model": "block/grass_block/mycelium/4" },
      { "model": "block/grass_block/mycelium/4", "y": 90 },
      { "model": "block/grass_block/mycelium/4", "y": 180 },
      { "model": "block/grass_block/mycelium/4", "y": 270 },
      { "model": "block/grass_block/mycelium/5" },
      { "model": "block/grass_block/mycelium/5", "y": 90 },
      { "model": "block/grass_block/mycelium/5", "y": 180 },
      { "model": "block/grass_block/mycelium/5", "y": 270 },
      { "model": "block/grass_block/mycelium/6" },
      { "model": "block/grass_block/mycelium/6", "y": 90 },
      { "model": "block/grass_block/mycelium/6", "y": 180 },
      { "model": "block/grass_block/mycelium/6", "y": 270 }
 ],

	 "snowy=true": [ { "model": "block/grass_block/snow_mycelium/1"},
            { "model": "block/grass_block/snow_mycelium/1", "y": 90 },
            { "model": "block/grass_block/snow_mycelium/1", "y": 180 },
            { "model": "block/grass_block/snow_mycelium/1", "y": 270 },
            { "model": "block/grass_block/snow_mycelium/2"},
            { "model": "block/grass_block/snow_mycelium/2", "y": 90 },
            { "model": "block/grass_block/snow_mycelium/2", "y": 180 },
            { "model": "block/grass_block/snow_mycelium/2", "y": 270 },
            { "model": "block/grass_block/snow_mycelium/3"},
            { "model": "block/grass_block/snow_mycelium/3", "y": 90 },
            { "model": "block/grass_block/snow_mycelium/3", "y": 180 },
            { "model": "block/grass_block/snow_mycelium/3", "y": 270 },
            { "model": "block/grass_block/snow_mycelium/4"},
            { "model": "block/grass_block/snow_mycelium/4", "y": 90 },
            { "model": "block/grass_block/snow_mycelium/4", "y": 180 },
            { "model": "block/grass_block/snow_mycelium/4", "y": 270 },
            { "model": "block/grass_block/snow_mycelium/5"},
            { "model": "block/grass_block/snow_mycelium/5", "y": 90 },
            { "model": "block/grass_block/snow_mycelium/5", "y": 180 },
            { "model": "block/grass_block/snow_mycelium/5", "y": 270 },
            { "model": "block/grass_block/snow_mycelium/6"},
            { "model": "block/grass_block/snow_mycelium/6", "y": 90 },
            { "model": "block/grass_block/snow_mycelium/6", "y": 180 },
            { "model": "block/grass_block/snow_mycelium/6", "y": 270 }
        ]
    }
}