{
  "variants": {
    "snowy=false": [
      { "model": "block/grass_block/podzol/1", "weight": 100 },
      { "model": "block/grass_block/podzol/1", "y": 90, "weight": 100 },
      { "model": "block/grass_block/podzol/1", "y": 180, "weight": 100 },
      { "model": "block/grass_block/podzol/1", "y": 270, "weight": 100 },
      { "model": "block/grass_block/podzol/2", "weight": 100 },
      { "model": "block/grass_block/podzol/2", "y": 90, "weight": 100 },
      { "model": "block/grass_block/podzol/2", "y": 180, "weight": 100 },
      { "model": "block/grass_block/podzol/2", "y": 270, "weight": 100 },
      { "model": "block/grass_block/podzol/3", "weight": 100 },
      { "model": "block/grass_block/podzol/3", "y": 90, "weight": 100 },
      { "model": "block/grass_block/podzol/3", "y": 180, "weight": 100 },
      { "model": "block/grass_block/podzol/3", "y": 270, "weight": 100 },
      { "model": "block/grass_block/podzol/4", "weight": 100 },
      { "model": "block/grass_block/podzol/4", "y": 90, "weight": 100 },
      { "model": "block/grass_block/podzol/4", "y": 180, "weight": 100 },
      { "model": "block/grass_block/podzol/4", "y": 270, "weight": 100 },
      { "model": "block/grass_block/podzol/5", "weight": 100 },
      { "model": "block/grass_block/podzol/5", "y": 90, "weight": 100 },
      { "model": "block/grass_block/podzol/5", "y": 180, "weight": 100 },
      { "model": "block/grass_block/podzol/5", "y": 270, "weight": 100 },
      { "model": "block/grass_block/podzol/6", "weight": 100 },
      { "model": "block/grass_block/podzol/6", "y": 90, "weight": 100 },
      { "model": "block/grass_block/podzol/6", "y": 180, "weight": 100 },
      { "model": "block/grass_block/podzol/6", "y": 270, "weight": 100 },
      { "model": "block/grass_block/podzol/7", "weight": 1 },
      { "model": "block/grass_block/podzol/7", "y": 90, "weight": 1 },
      { "model": "block/grass_block/podzol/7", "y": 180, "weight": 1 },
      { "model": "block/grass_block/podzol/7", "y": 270, "weight": 1 },
      { "model": "block/grass_block/podzol/8", "weight": 1 },
      { "model": "block/grass_block/podzol/8", "y": 90, "weight": 1 },
      { "model": "block/grass_block/podzol/8", "y": 180, "weight": 1 },
      { "model": "block/grass_block/podzol/8", "y": 270, "weight": 1 },
      { "model": "block/grass_block/podzol/9", "weight": 1 },
      { "model": "block/grass_block/podzol/9", "y": 90, "weight": 1 },
      { "model": "block/grass_block/podzol/9", "y": 180, "weight": 1 },
      { "model": "block/grass_block/podzol/9", "y": 270, "weight": 1 }
 ],
	 
	"snowy=true": [ { "model": "block/grass_block/snow_podzol/1"},
            { "model": "block/grass_block/snow_podzol/1", "y": 90 },
            { "model": "block/grass_block/snow_podzol/1", "y": 180 },
            { "model": "block/grass_block/snow_podzol/1", "y": 270 },
            { "model": "block/grass_block/snow_podzol/2"},
            { "model": "block/grass_block/snow_podzol/2", "y": 90 },
            { "model": "block/grass_block/snow_podzol/2", "y": 180 },
            { "model": "block/grass_block/snow_podzol/2", "y": 270 },
            { "model": "block/grass_block/snow_podzol/3"},
            { "model": "block/grass_block/snow_podzol/3", "y": 90 },
            { "model": "block/grass_block/snow_podzol/3", "y": 180 },
            { "model": "block/grass_block/snow_podzol/3", "y": 270 },
            { "model": "block/grass_block/snow_podzol/4"},
            { "model": "block/grass_block/snow_podzol/4", "y": 90 },
            { "model": "block/grass_block/snow_podzol/4", "y": 180 },
            { "model": "block/grass_block/snow_podzol/4", "y": 270 },
            { "model": "block/grass_block/snow_podzol/5"},
            { "model": "block/grass_block/snow_podzol/5", "y": 90 },
            { "model": "block/grass_block/snow_podzol/5", "y": 180 },
            { "model": "block/grass_block/snow_podzol/5", "y": 270 },
            { "model": "block/grass_block/snow_podzol/6"},
            { "model": "block/grass_block/snow_podzol/6", "y": 90 },
            { "model": "block/grass_block/snow_podzol/6", "y": 180 },
            { "model": "block/grass_block/snow_podzol/6", "y": 270 }
        ]
    }
}