{
	"ambientocclusion": false,
	"textures": {
		"particle": "block/flower_pot",
		"flowerpot": "block/flower_pot",
		"cactus": "block/potted_cactus2"
	},
	"elements": [
		{
			"from": [5, 0, 5],
			"to": [6, 6, 11],
			"faces": {
				"north": {"uv": [10, 10, 11, 16], "texture": "#flowerpot"},
				"east": {"uv": [5, 10, 11, 16], "texture": "#flowerpot"},
				"south": {"uv": [5, 10, 6, 16], "texture": "#flowerpot"},
				"west": {"uv": [5, 10, 11, 16], "texture": "#flowerpot"},
				"up": {"uv": [5, 5, 6, 11], "texture": "#flowerpot"},
				"down": {"uv": [5, 5, 6, 11], "texture": "#flowerpot", "cullface": "down"}
			}
		},
		{
			"from": [10, 0, 5],
			"to": [11, 6, 11],
			"faces": {
				"north": {"uv": [5, 10, 6, 16], "texture": "#flowerpot"},
				"east": {"uv": [5, 10, 11, 16], "texture": "#flowerpot"},
				"south": {"uv": [10, 10, 11, 16], "texture": "#flowerpot"},
				"west": {"uv": [5, 10, 11, 16], "texture": "#flowerpot"},
				"up": {"uv": [10, 5, 11, 11], "texture": "#flowerpot"},
				"down": {"uv": [10, 5, 11, 11], "texture": "#flowerpot", "cullface": "down"}
			}
		},
		{
			"from": [6, 0, 5],
			"to": [10, 6, 6],
			"faces": {
				"north": {"uv": [6, 10, 10, 16], "texture": "#flowerpot"},
				"south": {"uv": [6, 10, 10, 16], "texture": "#flowerpot"},
				"up": {"uv": [6, 5, 10, 6], "texture": "#flowerpot"},
				"down": {"uv": [6, 10, 10, 11], "texture": "#flowerpot", "cullface": "down"}
			}
		},
		{
			"from": [6, 0, 10],
			"to": [10, 6, 11],
			"faces": {
				"north": {"uv": [6, 10, 10, 16], "texture": "#flowerpot"},
				"south": {"uv": [6, 10, 10, 16], "texture": "#flowerpot"},
				"up": {"uv": [6, 10, 10, 11], "texture": "#flowerpot"},
				"down": {"uv": [6, 5, 10, 6], "texture": "#flowerpot", "cullface": "down"}
			}
		},
		{
			"from": [6, 4, 6],
			"to": [10, 16, 10],
			"faces": {
				"north": {"uv": [0.5, 4, 4.5, 15.5], "texture": "#cactus"},
				"east": {"uv": [0.5, 4, 4.5, 15.5], "texture": "#cactus"},
				"south": {"uv": [0.5, 4, 4.5, 15.5], "texture": "#cactus"},
				"west": {"uv": [0.5, 4, 4.5, 15.5], "texture": "#cactus"},
				"up": {"uv": [0.5, 0, 4.5, 4], "texture": "#cactus"}
			}
		},
		{
			"from": [10, 4, 5.5],
			"to": [10, 16, 10.5],
			"faces": {
				"east": {"uv": [0, 4, 5, 15.5], "texture": "#cactus"}
			}
		},
		{
			"from": [5.5, 4, 6],
			"to": [10.5, 16, 6],
			"faces": {
				"north": {"uv": [0, 4, 5, 15.5], "texture": "#cactus"}
			}
		},
		{
			"from": [6, 4, 5.5],
			"to": [6, 16, 10.5],
			"faces": {
				"west": {"uv": [0, 4, 5, 15.5], "texture": "#cactus"}
			}
		},
		{
			"from": [5.5, 4, 10],
			"to": [10.5, 16, 10],
			"faces": {
				"south": {"uv": [0, 4, 5, 15.5], "texture": "#cactus"}
			}
		}
	]
}