{
	"credit": "Made with Blockbench",
	"textures": {
		"particle": "#wall"
	},
	"elements": [
		{
			"from": [5, 0, 0],
			"to": [11, 16, 4],
			"faces": {
				"north": {"uv": [5, 0, 11, 16], "texture": "#side_w", "cullface": "north"},
				"east": {"uv": [12, 0, 16, 16], "texture": "#side_w"},
				"west": {"uv": [0, 0, 4, 16], "texture": "#side_w"},
				"up": {"uv": [5, 0, 11, 4], "texture": "#top_w", "cullface": "up"},
				"down": {"uv": [5, 12, 11, 16], "texture": "#bottom_w", "cullface": "down"}
			}
		}
	]
}