{
	"credit": "Made with Blockbench",
	"parent": "block/block",
	"textures": {
		"0": "block/scaffolding_bottom",
		"1": "block/scaffolding_side",
		"2": "block/scaffolding_top",
		"particle": "block/scaffolding_top"
	},
	"elements": [
		{
			"from": [0, 2, 0],
			"to": [2, 16, 2],
			"faces": {
				"north": {"uv": [14, 0, 16, 14], "texture": "#1"},
				"east": {"uv": [14, 0, 16, 14], "texture": "#1"},
				"south": {"uv": [0, 0, 2, 14], "texture": "#1"},
				"west": {"uv": [0, 0, 2, 14], "texture": "#1"},
				"up": {"uv": [0, 0, 2, 2], "texture": "#2"},
				"down": {"uv": [14, 0, 16, 2], "texture": "#0"}
			}
		},
		{
			"from": [14, 2, 0],
			"to": [16, 16, 2],
			"faces": {
				"north": {"uv": [0, 0, 2, 14], "texture": "#1"},
				"east": {"uv": [14, 0, 16, 14], "texture": "#1"},
				"south": {"uv": [14, 0, 16, 14], "texture": "#1"},
				"west": {"uv": [0, 0, 2, 14], "texture": "#1"},
				"up": {"uv": [14, 0, 16, 2], "texture": "#2"},
				"down": {"uv": [0, 0, 2, 2], "texture": "#0"}
			}
		},
		{
			"from": [2, 14, 0],
			"to": [14, 16, 2],
			"faces": {
				"north": {"uv": [2, 0, 14, 2], "texture": "#1"},
				"south": {"uv": [2, 2, 14, 4], "texture": "#1"},
				"up": {"uv": [2, 0, 14, 2], "texture": "#2"},
				"down": {"uv": [2, 0, 14, 2], "texture": "#0"}
			}
		},
		{
			"from": [0, 14, 2],
			"to": [2, 16, 14],
			"faces": {
				"east": {"uv": [2, 0, 14, 2], "texture": "#1"},
				"west": {"uv": [2, 2, 14, 4], "texture": "#1"},
				"up": {"uv": [0, 2, 2, 14], "texture": "#2"},
				"down": {"uv": [0, 2, 2, 14], "texture": "#0"}
			}
		},
		{
			"from": [2, 14, 14],
			"to": [14, 16, 16],
			"faces": {
				"north": {"uv": [2, 2, 14, 4], "texture": "#1"},
				"south": {"uv": [2, 0, 14, 2], "texture": "#1"},
				"up": {"uv": [2, 14, 14, 16], "texture": "#2"},
				"down": {"uv": [2, 14, 14, 16], "texture": "#0"}
			}
		},
		{
			"from": [14, 14, 2],
			"to": [16, 16, 14],
			"faces": {
				"east": {"uv": [2, 2, 14, 4], "texture": "#1"},
				"west": {"uv": [2, 0, 14, 2], "texture": "#1"},
				"up": {"uv": [14, 2, 16, 14], "texture": "#2"},
				"down": {"uv": [14, 2, 16, 14], "texture": "#0"}
			}
		},
		{
			"from": [14, 2, 14],
			"to": [16, 16, 16],
			"faces": {
				"north": {"uv": [0, 0, 2, 14], "texture": "#1"},
				"east": {"uv": [0, 0, 2, 14], "texture": "#1"},
				"south": {"uv": [14, 0, 16, 14], "texture": "#1"},
				"west": {"uv": [14, 0, 16, 14], "texture": "#1"},
				"up": {"uv": [14, 14, 16, 16], "texture": "#2"},
				"down": {"uv": [0, 14, 2, 16], "texture": "#0"}
			}
		},
		{
			"from": [0, 2, 14],
			"to": [2, 16, 16],
			"faces": {
				"north": {"uv": [14, 0, 16, 14], "texture": "#1"},
				"east": {"uv": [0, 0, 2, 14], "texture": "#1"},
				"south": {"uv": [0, 0, 2, 14], "texture": "#1"},
				"west": {"uv": [14, 0, 16, 14], "texture": "#1"},
				"up": {"uv": [0, 14, 2, 16], "texture": "#2"},
				"down": {"uv": [14, 14, 16, 16], "texture": "#0"}
			}
		},
		{
			"from": [2, 15.9, 2],
			"to": [3, 16, 14],
			"faces": {
				"east": {"uv": [2.5, 2, 3, 14], "rotation": 90, "texture": "#2"},
				"up": {"uv": [2, 2, 3, 14], "texture": "#2"},
				"down": {"uv": [3, 2, 2, 14], "texture": "#2"}
			}
		},
		{
			"from": [3.5, 15.7, 2],
			"to": [4, 15.8, 14],
			"faces": {
				"east": {"uv": [3.5, 2, 4, 14], "rotation": 90, "texture": "#2"},
				"west": {"uv": [3.5, 2, 4, 14], "rotation": 270, "texture": "#2"},
				"up": {"uv": [3.5, 2, 4, 14], "texture": "#2"},
				"down": {"uv": [3.5, 14, 4, 2], "texture": "#2"}
			}
		},
		{
			"from": [4.5, 15.7, 2],
			"to": [5, 15.8, 14],
			"faces": {
				"east": {"uv": [4.5, 2, 5, 14], "rotation": 90, "texture": "#2"},
				"west": {"uv": [4.5, 2, 5, 14], "rotation": 270, "texture": "#2"},
				"up": {"uv": [4.5, 2, 5, 14], "texture": "#2"},
				"down": {"uv": [4.5, 14, 5, 2], "texture": "#2"}
			}
		},
		{
			"from": [5.5, 15.7, 2],
			"to": [6, 15.8, 14],
			"faces": {
				"east": {"uv": [5.5, 2, 6, 14], "rotation": 90, "texture": "#2"},
				"west": {"uv": [5.5, 2, 6, 14], "rotation": 270, "texture": "#2"},
				"up": {"uv": [5.5, 2, 6, 14], "texture": "#2"},
				"down": {"uv": [5.5, 14, 6, 2], "texture": "#2"}
			}
		},
		{
			"from": [6.5, 15.7, 2],
			"to": [7, 15.8, 14],
			"faces": {
				"east": {"uv": [6.5, 2, 7, 14], "rotation": 90, "texture": "#2"},
				"west": {"uv": [6.5, 2, 7, 14], "rotation": 270, "texture": "#2"},
				"up": {"uv": [6.5, 2, 7, 14], "texture": "#2"},
				"down": {"uv": [6.5, 14, 7, 2], "texture": "#2"}
			}
		},
		{
			"from": [7.5, 15.7, 2],
			"to": [8, 15.8, 14],
			"faces": {
				"east": {"uv": [7.5, 2, 8, 14], "rotation": 90, "texture": "#2"},
				"west": {"uv": [7.5, 2, 8, 14], "rotation": 270, "texture": "#2"},
				"up": {"uv": [7.5, 2, 8, 14], "texture": "#2"},
				"down": {"uv": [7.5, 14, 8, 2], "texture": "#2"}
			}
		},
		{
			"from": [8.5, 15.7, 2],
			"to": [9, 15.8, 14],
			"faces": {
				"east": {"uv": [8.5, 2, 9, 14], "rotation": 90, "texture": "#2"},
				"west": {"uv": [8.5, 2, 9, 14], "rotation": 270, "texture": "#2"},
				"up": {"uv": [8.5, 2, 9, 14], "texture": "#2"},
				"down": {"uv": [8.5, 14, 9, 2], "texture": "#2"}
			}
		},
		{
			"from": [9.5, 15.7, 2],
			"to": [10, 15.8, 14],
			"faces": {
				"east": {"uv": [9.5, 2, 10, 14], "rotation": 90, "texture": "#2"},
				"west": {"uv": [9.5, 2, 10, 14], "rotation": 270, "texture": "#2"},
				"up": {"uv": [9.5, 2, 10, 14], "texture": "#2"},
				"down": {"uv": [9.5, 14, 10, 2], "texture": "#2"}
			}
		},
		{
			"from": [10.5, 15.7, 2],
			"to": [11, 15.8, 14],
			"faces": {
				"east": {"uv": [10.5, 2, 11, 14], "rotation": 90, "texture": "#2"},
				"west": {"uv": [10.5, 2, 11, 14], "rotation": 270, "texture": "#2"},
				"up": {"uv": [10.5, 2, 11, 14], "texture": "#2"},
				"down": {"uv": [10.5, 14, 11, 2], "texture": "#2"}
			}
		},
		{
			"from": [11.5, 15.7, 2],
			"to": [12, 15.8, 14],
			"faces": {
				"east": {"uv": [11.5, 2, 12, 14], "rotation": 90, "texture": "#2"},
				"west": {"uv": [11.5, 2, 12, 14], "rotation": 270, "texture": "#2"},
				"up": {"uv": [11.5, 2, 12, 14], "texture": "#2"},
				"down": {"uv": [11.5, 14, 12, 2], "texture": "#2"}
			}
		},
		{
			"from": [12.5, 15.7, 2],
			"to": [13, 15.8, 14],
			"faces": {
				"east": {"uv": [12.5, 2, 13, 14], "rotation": 90, "texture": "#2"},
				"west": {"uv": [12.5, 2, 13, 14], "rotation": 270, "texture": "#2"},
				"up": {"uv": [12.5, 2, 13, 14], "texture": "#2"},
				"down": {"uv": [12.5, 14, 13, 2], "texture": "#2"}
			}
		},
		{
			"from": [13.5, 15.7, 2],
			"to": [14, 15.8, 14],
			"faces": {
				"west": {"uv": [13.5, 2, 14, 14], "rotation": 270, "texture": "#2"},
				"up": {"uv": [13.5, 2, 14, 14], "texture": "#2"},
				"down": {"uv": [13.5, 14, 14, 2], "texture": "#2"}
			}
		},
		{
			"from": [2, 15.8, 13],
			"to": [14, 15.9, 14],
			"faces": {
				"north": {"uv": [2, 13, 14, 13.5], "rotation": 180, "texture": "#2"},
				"up": {"uv": [2, 13, 14, 14], "texture": "#2"},
				"down": {"uv": [14, 13, 2, 14], "rotation": 180, "texture": "#2"}
			}
		},
		{
			"from": [2, 15.8, 12],
			"to": [14, 15.9, 12.5],
			"faces": {
				"north": {"uv": [2, 12, 14, 12.5], "rotation": 180, "texture": "#2"},
				"south": {"uv": [2, 12, 14, 12.5], "texture": "#2"},
				"up": {"uv": [2, 12, 14, 12.5], "texture": "#2"},
				"down": {"uv": [14, 12, 2, 12.5], "rotation": 180, "texture": "#2"}
			}
		},
		{
			"from": [2, 15.8, 11],
			"to": [14, 15.9, 11.5],
			"faces": {
				"north": {"uv": [2, 11, 14, 11.5], "rotation": 180, "texture": "#2"},
				"south": {"uv": [2, 11, 14, 11.5], "texture": "#2"},
				"up": {"uv": [2, 11, 14, 11.5], "texture": "#2"},
				"down": {"uv": [14, 11, 2, 11.5], "rotation": 180, "texture": "#2"}
			}
		},
		{
			"from": [2, 15.8, 10],
			"to": [14, 15.9, 10.5],
			"faces": {
				"north": {"uv": [2, 10, 14, 10.5], "rotation": 180, "texture": "#2"},
				"south": {"uv": [2, 10, 14, 10.5], "texture": "#2"},
				"up": {"uv": [2, 10, 14, 10.5], "texture": "#2"},
				"down": {"uv": [14, 10, 2, 10.5], "rotation": 180, "texture": "#2"}
			}
		},
		{
			"from": [2, 15.8, 9],
			"to": [14, 15.9, 9.5],
			"faces": {
				"north": {"uv": [2, 9, 14, 9.5], "rotation": 180, "texture": "#2"},
				"south": {"uv": [2, 9, 14, 9.5], "texture": "#2"},
				"up": {"uv": [2, 9, 14, 9.5], "texture": "#2"},
				"down": {"uv": [14, 9, 2, 9.5], "rotation": 180, "texture": "#2"}
			}
		},
		{
			"from": [2, 15.8, 8],
			"to": [14, 15.9, 8.5],
			"faces": {
				"north": {"uv": [2, 8, 14, 8.5], "rotation": 180, "texture": "#2"},
				"south": {"uv": [2, 8, 14, 8.5], "texture": "#2"},
				"up": {"uv": [2, 8, 14, 8.5], "texture": "#2"},
				"down": {"uv": [14, 8, 2, 8.5], "rotation": 180, "texture": "#2"}
			}
		},
		{
			"from": [2, 15.8, 7],
			"to": [14, 15.9, 7.5],
			"faces": {
				"north": {"uv": [2, 7, 14, 7.5], "rotation": 180, "texture": "#2"},
				"south": {"uv": [2, 7, 14, 7.5], "texture": "#2"},
				"up": {"uv": [2, 7, 14, 7.5], "texture": "#2"},
				"down": {"uv": [14, 7, 2, 7.5], "rotation": 180, "texture": "#2"}
			}
		},
		{
			"from": [2, 15.8, 6],
			"to": [14, 15.9, 6.5],
			"faces": {
				"north": {"uv": [2, 6, 14, 6.5], "rotation": 180, "texture": "#2"},
				"south": {"uv": [2, 6, 14, 6.5], "texture": "#2"},
				"up": {"uv": [2, 6, 14, 6.5], "texture": "#2"},
				"down": {"uv": [14, 6, 2, 6.5], "rotation": 180, "texture": "#2"}
			}
		},
		{
			"from": [2, 15.8, 5],
			"to": [14, 15.9, 5.5],
			"faces": {
				"north": {"uv": [2, 5, 14, 5.5], "rotation": 180, "texture": "#2"},
				"south": {"uv": [2, 5, 14, 5.5], "texture": "#2"},
				"up": {"uv": [2, 5, 14, 5.5], "texture": "#2"},
				"down": {"uv": [14, 5, 2, 5.5], "rotation": 180, "texture": "#2"}
			}
		},
		{
			"from": [2, 15.8, 4],
			"to": [14, 15.9, 4.5],
			"faces": {
				"north": {"uv": [2, 4, 14, 4.5], "rotation": 180, "texture": "#2"},
				"south": {"uv": [2, 4, 14, 4.5], "texture": "#2"},
				"up": {"uv": [2, 4, 14, 4.5], "texture": "#2"},
				"down": {"uv": [14, 4, 2, 4.5], "rotation": 180, "texture": "#2"}
			}
		},
		{
			"from": [2, 15.8, 3],
			"to": [14, 15.9, 3.5],
			"faces": {
				"north": {"uv": [2, 3, 14, 3.5], "rotation": 180, "texture": "#2"},
				"south": {"uv": [2, 3, 14, 3.5], "texture": "#2"},
				"up": {"uv": [2, 3, 14, 3.5], "texture": "#2"},
				"down": {"uv": [14, 3, 2, 3.5], "rotation": 180, "texture": "#2"}
			}
		},
		{
			"from": [2, 15.8, 2],
			"to": [14, 15.9, 2.5],
			"faces": {
				"south": {"uv": [2, 2, 14, 2.5], "texture": "#2"},
				"up": {"uv": [2, 2, 14, 2.5], "texture": "#2"},
				"down": {"uv": [14, 2, 2, 2.5], "rotation": 180, "texture": "#2"}
			}
		},
		{
			"from": [2, 2, 0],
			"to": [14, 4, 2],
			"faces": {
				"north": {"uv": [2, 0, 14, 2], "texture": "#1"},
				"south": {"uv": [2, 2, 14, 4], "texture": "#1"},
				"up": {"uv": [2, 0, 14, 2], "texture": "#2"},
				"down": {"uv": [2, 0, 14, 2], "texture": "#0"}
			}
		},
		{
			"from": [0, 2, 2],
			"to": [2, 4, 14],
			"faces": {
				"east": {"uv": [2, 0, 14, 2], "texture": "#1"},
				"west": {"uv": [2, 2, 14, 4], "texture": "#1"},
				"up": {"uv": [0, 2, 2, 14], "texture": "#2"},
				"down": {"uv": [0, 2, 2, 14], "texture": "#0"}
			}
		},
		{
			"from": [2, 2, 14],
			"to": [14, 4, 16],
			"faces": {
				"north": {"uv": [2, 2, 14, 4], "texture": "#1"},
				"south": {"uv": [2, 0, 14, 2], "texture": "#1"},
				"up": {"uv": [2, 14, 14, 16], "texture": "#2"},
				"down": {"uv": [2, 14, 14, 16], "texture": "#0"}
			}
		},
		{
			"from": [14, 2, 2],
			"to": [16, 4, 14],
			"faces": {
				"east": {"uv": [2, 2, 14, 4], "texture": "#1"},
				"west": {"uv": [2, 0, 14, 2], "texture": "#1"},
				"up": {"uv": [14, 2, 16, 14], "texture": "#2"},
				"down": {"uv": [14, 2, 16, 14], "texture": "#0"}
			}
		},
		{
			"from": [2, 3.9, 2],
			"to": [3, 4, 14],
			"faces": {
				"east": {"uv": [2.5, 2, 3, 14], "rotation": 90, "texture": "#2"},
				"up": {"uv": [2, 2, 3, 14], "texture": "#2"},
				"down": {"uv": [3, 2, 2, 14], "texture": "#2"}
			}
		},
		{
			"from": [3.5, 3.7, 2],
			"to": [4, 3.8, 14],
			"faces": {
				"east": {"uv": [3.5, 2, 4, 14], "rotation": 90, "texture": "#2"},
				"west": {"uv": [3.5, 2, 4, 14], "rotation": 270, "texture": "#2"},
				"up": {"uv": [3.5, 2, 4, 14], "texture": "#2"},
				"down": {"uv": [3.5, 14, 4, 2], "texture": "#2"}
			}
		},
		{
			"from": [4.5, 3.7, 2],
			"to": [5, 3.8, 14],
			"faces": {
				"east": {"uv": [4.5, 2, 5, 14], "rotation": 90, "texture": "#2"},
				"west": {"uv": [4.5, 2, 5, 14], "rotation": 270, "texture": "#2"},
				"up": {"uv": [4.5, 2, 5, 14], "texture": "#2"},
				"down": {"uv": [4.5, 14, 5, 2], "texture": "#2"}
			}
		},
		{
			"from": [5.5, 3.7, 2],
			"to": [6, 3.8, 14],
			"faces": {
				"east": {"uv": [5.5, 2, 6, 14], "rotation": 90, "texture": "#2"},
				"west": {"uv": [5.5, 2, 6, 14], "rotation": 270, "texture": "#2"},
				"up": {"uv": [5.5, 2, 6, 14], "texture": "#2"},
				"down": {"uv": [5.5, 14, 6, 2], "texture": "#2"}
			}
		},
		{
			"from": [6.5, 3.7, 2],
			"to": [7, 3.8, 14],
			"faces": {
				"east": {"uv": [6.5, 2, 7, 14], "rotation": 90, "texture": "#2"},
				"west": {"uv": [6.5, 2, 7, 14], "rotation": 270, "texture": "#2"},
				"up": {"uv": [6.5, 2, 7, 14], "texture": "#2"},
				"down": {"uv": [6.5, 14, 7, 2], "texture": "#2"}
			}
		},
		{
			"from": [7.5, 3.7, 2],
			"to": [8, 3.8, 14],
			"faces": {
				"east": {"uv": [7.5, 2, 8, 14], "rotation": 90, "texture": "#2"},
				"west": {"uv": [7.5, 2, 8, 14], "rotation": 270, "texture": "#2"},
				"up": {"uv": [7.5, 2, 8, 14], "texture": "#2"},
				"down": {"uv": [7.5, 14, 8, 2], "texture": "#2"}
			}
		},
		{
			"from": [8.5, 3.7, 2],
			"to": [9, 3.8, 14],
			"faces": {
				"east": {"uv": [8.5, 2, 9, 14], "rotation": 90, "texture": "#2"},
				"west": {"uv": [8.5, 2, 9, 14], "rotation": 270, "texture": "#2"},
				"up": {"uv": [8.5, 2, 9, 14], "texture": "#2"},
				"down": {"uv": [8.5, 14, 9, 2], "texture": "#2"}
			}
		},
		{
			"from": [9.5, 3.7, 2],
			"to": [10, 3.8, 14],
			"faces": {
				"east": {"uv": [9.5, 2, 10, 14], "rotation": 90, "texture": "#2"},
				"west": {"uv": [9.5, 2, 10, 14], "rotation": 270, "texture": "#2"},
				"up": {"uv": [9.5, 2, 10, 14], "texture": "#2"},
				"down": {"uv": [9.5, 14, 10, 2], "texture": "#2"}
			}
		},
		{
			"from": [10.5, 3.7, 2],
			"to": [11, 3.8, 14],
			"faces": {
				"east": {"uv": [10.5, 2, 11, 14], "rotation": 90, "texture": "#2"},
				"west": {"uv": [10.5, 2, 11, 14], "rotation": 270, "texture": "#2"},
				"up": {"uv": [10.5, 2, 11, 14], "texture": "#2"},
				"down": {"uv": [10.5, 14, 11, 2], "texture": "#2"}
			}
		},
		{
			"from": [11.5, 3.7, 2],
			"to": [12, 3.8, 14],
			"faces": {
				"east": {"uv": [11.5, 2, 12, 14], "rotation": 90, "texture": "#2"},
				"west": {"uv": [11.5, 2, 12, 14], "rotation": 270, "texture": "#2"},
				"up": {"uv": [11.5, 2, 12, 14], "texture": "#2"},
				"down": {"uv": [11.5, 14, 12, 2], "texture": "#2"}
			}
		},
		{
			"from": [12.5, 3.7, 2],
			"to": [13, 3.8, 14],
			"faces": {
				"east": {"uv": [12.5, 2, 13, 14], "rotation": 90, "texture": "#2"},
				"west": {"uv": [12.5, 2, 13, 14], "rotation": 270, "texture": "#2"},
				"up": {"uv": [12.5, 2, 13, 14], "texture": "#2"},
				"down": {"uv": [12.5, 14, 13, 2], "texture": "#2"}
			}
		},
		{
			"from": [13.5, 3.7, 2],
			"to": [14, 3.8, 14],
			"faces": {
				"west": {"uv": [13.5, 2, 14, 14], "rotation": 270, "texture": "#2"},
				"up": {"uv": [13.5, 2, 14, 14], "texture": "#2"},
				"down": {"uv": [13.5, 14, 14, 2], "texture": "#2"}
			}
		},
		{
			"from": [2, 3.8, 13],
			"to": [14, 3.9, 14],
			"faces": {
				"north": {"uv": [2, 13, 14, 13.5], "rotation": 180, "texture": "#2"},
				"up": {"uv": [2, 13, 14, 14], "texture": "#2"},
				"down": {"uv": [14, 13, 2, 14], "rotation": 180, "texture": "#2"}
			}
		},
		{
			"from": [2, 3.8, 12],
			"to": [14, 3.9, 12.5],
			"faces": {
				"north": {"uv": [2, 12, 14, 12.5], "rotation": 180, "texture": "#2"},
				"south": {"uv": [2, 12, 14, 12.5], "texture": "#2"},
				"up": {"uv": [2, 12, 14, 12.5], "texture": "#2"},
				"down": {"uv": [14, 12, 2, 12.5], "rotation": 180, "texture": "#2"}
			}
		},
		{
			"from": [2, 3.8, 11],
			"to": [14, 3.9, 11.5],
			"faces": {
				"north": {"uv": [2, 11, 14, 11.5], "rotation": 180, "texture": "#2"},
				"south": {"uv": [2, 11, 14, 11.5], "texture": "#2"},
				"up": {"uv": [2, 11, 14, 11.5], "texture": "#2"},
				"down": {"uv": [14, 11, 2, 11.5], "rotation": 180, "texture": "#2"}
			}
		},
		{
			"from": [2, 3.8, 10],
			"to": [14, 3.9, 10.5],
			"faces": {
				"north": {"uv": [2, 10, 14, 10.5], "rotation": 180, "texture": "#2"},
				"south": {"uv": [2, 10, 14, 10.5], "texture": "#2"},
				"up": {"uv": [2, 10, 14, 10.5], "texture": "#2"},
				"down": {"uv": [14, 10, 2, 10.5], "rotation": 180, "texture": "#2"}
			}
		},
		{
			"from": [2, 3.8, 9],
			"to": [14, 3.9, 9.5],
			"faces": {
				"north": {"uv": [2, 9, 14, 9.5], "rotation": 180, "texture": "#2"},
				"south": {"uv": [2, 9, 14, 9.5], "texture": "#2"},
				"up": {"uv": [2, 9, 14, 9.5], "texture": "#2"},
				"down": {"uv": [14, 9, 2, 9.5], "rotation": 180, "texture": "#2"}
			}
		},
		{
			"from": [2, 3.8, 8],
			"to": [14, 3.9, 8.5],
			"faces": {
				"north": {"uv": [2, 8, 14, 8.5], "rotation": 180, "texture": "#2"},
				"south": {"uv": [2, 8, 14, 8.5], "texture": "#2"},
				"up": {"uv": [2, 8, 14, 8.5], "texture": "#2"},
				"down": {"uv": [14, 8, 2, 8.5], "rotation": 180, "texture": "#2"}
			}
		},
		{
			"from": [2, 3.8, 7],
			"to": [14, 3.9, 7.5],
			"faces": {
				"north": {"uv": [2, 7, 14, 7.5], "rotation": 180, "texture": "#2"},
				"south": {"uv": [2, 7, 14, 7.5], "texture": "#2"},
				"up": {"uv": [2, 7, 14, 7.5], "texture": "#2"},
				"down": {"uv": [14, 7, 2, 7.5], "rotation": 180, "texture": "#2"}
			}
		},
		{
			"from": [2, 3.8, 6],
			"to": [14, 3.9, 6.5],
			"faces": {
				"north": {"uv": [2, 6, 14, 6.5], "rotation": 180, "texture": "#2"},
				"south": {"uv": [2, 6, 14, 6.5], "texture": "#2"},
				"up": {"uv": [2, 6, 14, 6.5], "texture": "#2"},
				"down": {"uv": [14, 6, 2, 6.5], "rotation": 180, "texture": "#2"}
			}
		},
		{
			"from": [2, 3.8, 5],
			"to": [14, 3.9, 5.5],
			"faces": {
				"north": {"uv": [2, 5, 14, 5.5], "rotation": 180, "texture": "#2"},
				"south": {"uv": [2, 5, 14, 5.5], "texture": "#2"},
				"up": {"uv": [2, 5, 14, 5.5], "texture": "#2"},
				"down": {"uv": [14, 5, 2, 5.5], "rotation": 180, "texture": "#2"}
			}
		},
		{
			"from": [2, 3.8, 4],
			"to": [14, 3.9, 4.5],
			"faces": {
				"north": {"uv": [2, 4, 14, 4.5], "rotation": 180, "texture": "#2"},
				"south": {"uv": [2, 4, 14, 4.5], "texture": "#2"},
				"up": {"uv": [2, 4, 14, 4.5], "texture": "#2"},
				"down": {"uv": [14, 4, 2, 4.5], "rotation": 180, "texture": "#2"}
			}
		},
		{
			"from": [2, 3.8, 3],
			"to": [14, 3.9, 3.5],
			"faces": {
				"north": {"uv": [2, 3, 14, 3.5], "rotation": 180, "texture": "#2"},
				"south": {"uv": [2, 3, 14, 3.5], "texture": "#2"},
				"up": {"uv": [2, 3, 14, 3.5], "texture": "#2"},
				"down": {"uv": [14, 3, 2, 3.5], "rotation": 180, "texture": "#2"}
			}
		},
		{
			"from": [2, 3.8, 2],
			"to": [14, 3.9, 2.5],
			"faces": {
				"south": {"uv": [2, 2, 14, 2.5], "texture": "#2"},
				"up": {"uv": [2, 2, 14, 2.5], "texture": "#2"},
				"down": {"uv": [14, 2, 2, 2.5], "rotation": 180, "texture": "#2"}
			}
		}
	],
	"groups": [
		{
			"name": "scaffolding_stable",
			"origin": [8, 8, 8],
			"color": 0,
			"children": [
				0,
				1,
				2,
				3,
				4,
				5,
				6,
				7,
				{
					"name": "string",
					"origin": [8, 8, 8],
					"color": 0,
					"children": [8, 9, 10, 11, 12, 13, 14, 15, 16, 17, 18, 19, 20, 21, 22, 23, 24, 25, 26, 27, 28, 29, 30, 31]
				}
			]
		},
		{
			"name": "scaffolding_stable",
			"origin": [8, 8, 8],
			"color": 0,
			"children": [
				32,
				33,
				34,
				35,
				{
					"name": "string",
					"origin": [8, 8, 8],
					"color": 0,
					"children": [36, 37, 38, 39, 40, 41, 42, 43, 44, 45, 46, 47, 48, 49, 50, 51, 52, 53, 54, 55, 56, 57, 58, 59]
				}
			]
		}
	]
}