{"multipart":

[{"apply":
[{"model":"block/fence/post/bamboo/0"},
{"model":"block/fence/post/bamboo/1"},
{"model":"block/fence/post/bamboo/2"},
{"model":"block/fence/post/bamboo/3"}]},

{"when":{"north":"true"},"apply":
{"model":"block/fence/side/bamboo"}},

{"when":{"east":"true"},"apply":
{"model":"block/fence/side/bamboo","y":90}},

{"when":{"south":"true"},"apply":
{"model":"block/fence/side_inverted/bamboo","y":180}},

{"when":{"west":"true"},"apply":
{"model":"block/fence/side_inverted/bamboo","y":270}}]}