{"variants":

{"facing=east,open=false":
{"y":90,"model":"block/gate/gate/dark_oak"},

"facing=east,open=true":
{"y":90,"model":"block/gate/gate_open_inverted/dark_oak"},


"facing=north,open=false":
{"model":"block/gate/gate/dark_oak"},

"facing=north,open=true":
{"model":"block/gate/gate_open_inverted/dark_oak"},

"facing=south,open=false":
{"model":"block/gate/gate/dark_oak"},

"facing=south,open=true":
{"model":"block/gate/gate_open/dark_oak"},

"facing=west,open=false":
{"y":90,"model":"block/gate/gate/dark_oak"},

"facing=west,open=true":
{"y":90,"model":"block/gate/gate_open/dark_oak"}}}