{"variants":

{"facing=east,open=false":
{"y":90,"model":"block/gate/gate/mangrove"},

"facing=east,open=true":
{"y":90,"model":"block/gate/gate_open_inverted/mangrove"},


"facing=north,open=false":
{"model":"block/gate/gate/mangrove"},

"facing=north,open=true":
{"model":"block/gate/gate_open_inverted/mangrove"},

"facing=south,open=false":
{"model":"block/gate/gate/mangrove"},

"facing=south,open=true":
{"model":"block/gate/gate_open/mangrove"},

"facing=west,open=false":
{"y":90,"model":"block/gate/gate/mangrove"},

"facing=west,open=true":
{"y":90,"model":"block/gate/gate_open/mangrove"}}}