{"variants":

{"facing=east,open=false":
{"y":90,"model":"block/gate/gate/oak"},

"facing=east,open=true":
{"y":90,"model":"block/gate/gate_open_inverted/oak"},


"facing=north,open=false":
{"model":"block/gate/gate/oak"},

"facing=north,open=true":
{"model":"block/gate/gate_open_inverted/oak"},

"facing=south,open=false":
{"model":"block/gate/gate/oak"},

"facing=south,open=true":
{"model":"block/gate/gate_open/oak"},

"facing=west,open=false":
{"y":90,"model":"block/gate/gate/oak"},

"facing=west,open=true":
{"y":90,"model":"block/gate/gate_open/oak"}}}