{
    "variants": {
        "moisture=0": [
				{ "model": "minecraft:block/farmland/1" },
				{ "model": "minecraft:block/farmland/2" },
				{ "model": "minecraft:block/farmland/3" }
			],
		"moisture=1": [
				{ "model": "minecraft:block/farmland/1" },
				{ "model": "minecraft:block/farmland/2" },
				{ "model": "minecraft:block/farmland/3" }
			],
		"moisture=2": [
				{ "model": "minecraft:block/farmland/1" },
				{ "model": "minecraft:block/farmland/2" },
				{ "model": "minecraft:block/farmland/3" }
			],
		"moisture=3": [
				{ "model": "minecraft:block/farmland/1" },
				{ "model": "minecraft:block/farmland/2" },
				{ "model": "minecraft:block/farmland/3" }
			],
		"moisture=4": [
				{ "model": "minecraft:block/farmland/1" },
				{ "model": "minecraft:block/farmland/2" },
				{ "model": "minecraft:block/farmland/3" }
			],
		"moisture=5": [
				{ "model": "minecraft:block/farmland/1" },
				{ "model": "minecraft:block/farmland/2" },
				{ "model": "minecraft:block/farmland/3" }
			],
		"moisture=6": [
				{ "model": "minecraft:block/farmland/1" },
				{ "model": "minecraft:block/farmland/2" },
				{ "model": "minecraft:block/farmland/3" }
			],
		"moisture=7": [
				{ "model": "minecraft:block/farmland_moist/1" },
				{ "model": "minecraft:block/farmland_moist/2" },
				{ "model": "minecraft:block/farmland_moist/3" }
			]
    }
}
