{
	"credit": "Designed by Progical",
	"textures": {
		"0": "block/lily_pad",
    "flower": "block/lily_pad_flower",
		"particle": "block/lily_pad"
	},
	"elements": [
		{
			"name": "lily_pad_0",
			"from": [4.5, 0, 1],
			"to": [6, 0.5, 13.5],
			"faces": {
				"north": {"uv": [6, 1, 4.5, 1.5], "texture": "#0", "tintindex": 0},
				"east": {"uv": [5.5, 1, 6, 13.5], "rotation": 90, "texture": "#0", "tintindex": 0},
				"south": {"uv": [4.5, 13, 6, 13.5], "texture": "#0", "tintindex": 0},
				"west": {"uv": [4.5, 1, 5, 13.5], "rotation": 270, "texture": "#0", "tintindex": 0},
				"up": {"uv": [4.5, 1, 6, 13.5], "texture": "#0", "tintindex": 0},
				"down": {"uv": [4.5, 13.5, 6, 1], "texture": "#0", "tintindex": 0}
			}
		},
		{
			"name": "lily_pad_1",
			"from": [10.5, 0, 1],
			"to": [12, 0.5, 13.5],
			"faces": {
				"north": {"uv": [12, 1, 10.5, 1.5], "texture": "#0", "tintindex": 0},
				"east": {"uv": [11.5, 1, 12, 13.5], "rotation": 90, "texture": "#0", "tintindex": 0},
				"south": {"uv": [10.5, 13, 12, 13.5], "texture": "#0", "tintindex": 0},
				"west": {"uv": [10.5, 1, 11, 13.5], "rotation": 270, "texture": "#0", "tintindex": 0},
				"up": {"uv": [10.5, 1, 12, 13.5], "texture": "#0", "tintindex": 0},
				"down": {"uv": [10.5, 13.5, 12, 1], "texture": "#0", "tintindex": 0}
			}
		},
		{
			"name": "lily_pad_2",
			"from": [4, 0, 1.5],
			"to": [4.5, 0.5, 13],
			"faces": {
				"north": {"uv": [4.5, 1.5, 4, 2], "texture": "#0", "tintindex": 0},
				"south": {"uv": [4, 12.5, 4.5, 13], "texture": "#0", "tintindex": 0},
				"west": {"uv": [4, 1.5, 4.5, 13], "rotation": 270, "texture": "#0", "tintindex": 0},
				"up": {"uv": [4, 1.5, 4.5, 13], "texture": "#0", "tintindex": 0},
				"down": {"uv": [4, 13, 4.5, 1.5], "texture": "#0", "tintindex": 0}
			}
		},
		{
			"name": "lily_pad_3",
			"from": [6, 0, 1.5],
			"to": [6.5, 0.5, 14],
			"faces": {
				"north": {"uv": [6.5, 1.5, 6, 2], "texture": "#0", "tintindex": 0},
				"east": {"uv": [6, 1.5, 6.5, 14], "rotation": 90, "texture": "#0", "tintindex": 0},
				"south": {"uv": [6, 13.5, 6.5, 14], "texture": "#0", "tintindex": 0},
				"up": {"uv": [6, 1.5, 6.5, 14], "texture": "#0", "tintindex": 0},
				"down": {"uv": [6, 14, 6.5, 1.5], "texture": "#0", "tintindex": 0}
			}
		},
		{
			"name": "lily_pad_4",
			"from": [10, 0, 1.5],
			"to": [10.5, 0.5, 14],
			"faces": {
				"north": {"uv": [10.5, 1.5, 10, 2], "texture": "#0", "tintindex": 0},
				"south": {"uv": [10, 13.5, 10.5, 14], "texture": "#0", "tintindex": 0},
				"west": {"uv": [10, 1.5, 10.5, 14], "rotation": 270, "texture": "#0", "tintindex": 0},
				"up": {"uv": [10, 1.5, 10.5, 14], "texture": "#0", "tintindex": 0},
				"down": {"uv": [10, 14, 10.5, 1.5], "texture": "#0", "tintindex": 0}
			}
		},
		{
			"name": "lily_pad_5",
			"from": [12, 0, 1.5],
			"to": [12.5, 0.5, 13],
			"faces": {
				"north": {"uv": [12.5, 1.5, 12, 2], "texture": "#0", "tintindex": 0},
				"east": {"uv": [12, 1.5, 12.5, 13], "rotation": 90, "texture": "#0", "tintindex": 0},
				"south": {"uv": [12, 12.5, 12.5, 13], "texture": "#0", "tintindex": 0},
				"up": {"uv": [12, 1.5, 12.5, 13], "texture": "#0", "tintindex": 0},
				"down": {"uv": [12, 13, 12.5, 1.5], "texture": "#0", "tintindex": 0}
			}
		},
		{
			"name": "lily_pad_6",
			"from": [3.5, 0, 2],
			"to": [4, 0.5, 12.5],
			"faces": {
				"north": {"uv": [4, 2, 3.5, 2.5], "texture": "#0", "tintindex": 0},
				"south": {"uv": [3.5, 12, 4, 12.5], "texture": "#0", "tintindex": 0},
				"west": {"uv": [3.5, 2, 4, 12.5], "rotation": 270, "texture": "#0", "tintindex": 0},
				"up": {"uv": [3.5, 2, 4, 12.5], "texture": "#0", "tintindex": 0},
				"down": {"uv": [3.5, 12.5, 4, 2], "texture": "#0", "tintindex": 0}
			}
		},
		{
			"name": "lily_pad_7",
			"from": [6.5, 0, 2],
			"to": [7, 0.5, 14],
			"faces": {
				"north": {"uv": [7, 2, 6.5, 2.5], "texture": "#0", "tintindex": 0},
				"east": {"uv": [6.5, 2, 7, 14], "rotation": 90, "texture": "#0", "tintindex": 0},
				"south": {"uv": [6.5, 13.5, 7, 14], "texture": "#0", "tintindex": 0},
				"up": {"uv": [6.5, 2, 7, 14], "texture": "#0", "tintindex": 0},
				"down": {"uv": [6.5, 14, 7, 2], "texture": "#0", "tintindex": 0}
			}
		},
		{
			"name": "lily_pad_8",
			"from": [9.5, 0, 2],
			"to": [10, 0.5, 14],
			"faces": {
				"north": {"uv": [10, 2, 9.5, 2.5], "texture": "#0", "tintindex": 0},
				"south": {"uv": [9.5, 13.5, 10, 14], "texture": "#0", "tintindex": 0},
				"west": {"uv": [9.5, 2, 10, 14], "rotation": 270, "texture": "#0", "tintindex": 0},
				"up": {"uv": [9.5, 2, 10, 14], "texture": "#0", "tintindex": 0},
				"down": {"uv": [9.5, 14, 10, 2], "texture": "#0", "tintindex": 0}
			}
		},
		{
			"name": "lily_pad_9",
			"from": [12.5, 0, 2],
			"to": [13, 0.5, 12.5],
			"faces": {
				"north": {"uv": [13, 2, 12.5, 2.5], "texture": "#0", "tintindex": 0},
				"east": {"uv": [12.5, 2, 13, 12.5], "rotation": 90, "texture": "#0", "tintindex": 0},
				"south": {"uv": [12.5, 12, 13, 12.5], "texture": "#0", "tintindex": 0},
				"up": {"uv": [12.5, 2, 13, 12.5], "texture": "#0", "tintindex": 0},
				"down": {"uv": [12.5, 12.5, 13, 2], "texture": "#0", "tintindex": 0}
			}
		},
		{
			"name": "lily_pad_10",
			"from": [3, 0, 2.5],
			"to": [3.5, 0.5, 12],
			"faces": {
				"north": {"uv": [3.5, 2.5, 3, 3], "texture": "#0", "tintindex": 0},
				"south": {"uv": [3, 11.5, 3.5, 12], "texture": "#0", "tintindex": 0},
				"west": {"uv": [3, 2.5, 3.5, 12], "rotation": 270, "texture": "#0", "tintindex": 0},
				"up": {"uv": [3, 2.5, 3.5, 12], "texture": "#0", "tintindex": 0},
				"down": {"uv": [3, 12, 3.5, 2.5], "texture": "#0", "tintindex": 0}
			}
		},
		{
			"name": "lily_pad_11",
			"from": [13, 0, 2.5],
			"to": [13.5, 0.5, 12],
			"faces": {
				"north": {"uv": [13.5, 2.5, 13, 3], "texture": "#0", "tintindex": 0},
				"east": {"uv": [13, 2.5, 13.5, 12], "rotation": 90, "texture": "#0", "tintindex": 0},
				"south": {"uv": [13, 11.5, 13.5, 12], "texture": "#0", "tintindex": 0},
				"up": {"uv": [13, 2.5, 13.5, 12], "texture": "#0", "tintindex": 0},
				"down": {"uv": [13, 12, 13.5, 2.5], "texture": "#0", "tintindex": 0}
			}
		},
		{
			"name": "lily_pad_12",
			"from": [7, 0, 3],
			"to": [7.5, 0.5, 14.5],
			"faces": {
				"north": {"uv": [7.5, 3, 7, 3.5], "texture": "#0", "tintindex": 0},
				"east": {"uv": [7, 3, 7.5, 14.5], "rotation": 90, "texture": "#0", "tintindex": 0},
				"south": {"uv": [7, 14, 7.5, 14.5], "texture": "#0", "tintindex": 0},
				"west": {"uv": [7, 3, 7.5, 14.5], "rotation": 270, "texture": "#0", "tintindex": 0},
				"up": {"uv": [7, 3, 7.5, 14.5], "texture": "#0", "tintindex": 0},
				"down": {"uv": [7, 14.5, 7.5, 3], "texture": "#0", "tintindex": 0}
			}
		},
		{
			"name": "lily_pad_13",
			"from": [9, 0, 3],
			"to": [9.5, 0.5, 14.5],
			"faces": {
				"north": {"uv": [9.5, 3, 9, 3.5], "texture": "#0", "tintindex": 0},
				"east": {"uv": [9, 3, 9.5, 14.5], "rotation": 90, "texture": "#0", "tintindex": 0},
				"south": {"uv": [9, 14, 9.5, 14.5], "texture": "#0", "tintindex": 0},
				"west": {"uv": [9, 3, 9.5, 14.5], "rotation": 270, "texture": "#0", "tintindex": 0},
				"up": {"uv": [9, 3, 9.5, 14.5], "texture": "#0", "tintindex": 0},
				"down": {"uv": [9, 14.5, 9.5, 3], "texture": "#0", "tintindex": 0}
			}
		},
		{
			"name": "lily_pad_14",
			"from": [2.5, 0, 3.5],
			"to": [3, 0.5, 11],
			"faces": {
				"north": {"uv": [3, 3.5, 2.5, 4], "texture": "#0", "tintindex": 0},
				"south": {"uv": [2.5, 10.5, 3, 11], "texture": "#0", "tintindex": 0},
				"west": {"uv": [2.5, 3.5, 3, 11], "rotation": 270, "texture": "#0", "tintindex": 0},
				"up": {"uv": [2.5, 3.5, 3, 11], "texture": "#0", "tintindex": 0},
				"down": {"uv": [2.5, 11, 3, 3.5], "texture": "#0", "tintindex": 0}
			}
		},
		{
			"name": "lily_pad_15",
			"from": [13.5, 0, 3.5],
			"to": [14, 0.5, 11],
			"faces": {
				"north": {"uv": [14, 3.5, 13.5, 4], "texture": "#0", "tintindex": 0},
				"east": {"uv": [13.5, 3.5, 14, 11], "rotation": 90, "texture": "#0", "tintindex": 0},
				"south": {"uv": [13.5, 10.5, 14, 11], "texture": "#0", "tintindex": 0},
				"up": {"uv": [13.5, 3.5, 14, 11], "texture": "#0", "tintindex": 0},
				"down": {"uv": [13.5, 11, 14, 3.5], "texture": "#0", "tintindex": 0}
			}
		},
		{
			"name": "lily_pad_16",
			"from": [7.5, 0, 4],
			"to": [8, 0.5, 14.5],
			"faces": {
				"north": {"uv": [8, 4, 7.5, 4.5], "texture": "#0", "tintindex": 0},
				"east": {"uv": [7.5, 4, 8, 14.5], "rotation": 90, "texture": "#0", "tintindex": 0},
				"south": {"uv": [7.5, 14, 8, 14.5], "texture": "#0", "tintindex": 0},
				"up": {"uv": [7.5, 4, 8, 14.5], "texture": "#0", "tintindex": 0},
				"down": {"uv": [7.5, 14.5, 8, 4], "texture": "#0", "tintindex": 0}
			}
		},
		{
			"name": "lily_pad_17",
			"from": [8.5, 0, 4],
			"to": [9, 0.5, 14.5],
			"faces": {
				"north": {"uv": [9, 4, 8.5, 4.5], "texture": "#0", "tintindex": 0},
				"south": {"uv": [8.5, 14, 9, 14.5], "texture": "#0", "tintindex": 0},
				"west": {"uv": [8.5, 4, 9, 14.5], "rotation": 270, "texture": "#0", "tintindex": 0},
				"up": {"uv": [8.5, 4, 9, 14.5], "texture": "#0", "tintindex": 0},
				"down": {"uv": [8.5, 14.5, 9, 4], "texture": "#0", "tintindex": 0}
			}
		},
		{
			"name": "lily_pad_18",
			"from": [2, 0, 5],
			"to": [2.5, 0.5, 9.5],
			"faces": {
				"north": {"uv": [2.5, 5, 2, 5.5], "texture": "#0", "tintindex": 0},
				"south": {"uv": [2, 9, 2.5, 9.5], "texture": "#0", "tintindex": 0},
				"west": {"uv": [2, 5, 2.5, 9.5], "rotation": 270, "texture": "#0", "tintindex": 0},
				"up": {"uv": [2, 5, 2.5, 9.5], "texture": "#0", "tintindex": 0},
				"down": {"uv": [2, 9.5, 2.5, 5], "texture": "#0", "tintindex": 0}
			}
		},
		{
			"name": "lily_pad_19",
			"from": [14, 0, 5],
			"to": [14.5, 0.5, 9.5],
			"faces": {
				"north": {"uv": [14.5, 5, 14, 5.5], "texture": "#0", "tintindex": 0},
				"east": {"uv": [14, 5, 14.5, 9.5], "rotation": 90, "texture": "#0", "tintindex": 0},
				"south": {"uv": [14, 9, 14.5, 9.5], "texture": "#0", "tintindex": 0},
				"up": {"uv": [14, 5, 14.5, 9.5], "texture": "#0", "tintindex": 0},
				"down": {"uv": [14, 9.5, 14.5, 5], "texture": "#0", "tintindex": 0}
			}
		},
		{
			"name": "lily_pad_20",
			"from": [8, 0, 5.5],
			"to": [8.5, 0.5, 14.5],
			"faces": {
				"north": {"uv": [8.5, 5.5, 8, 6], "texture": "#0", "tintindex": 0},
				"south": {"uv": [8, 14, 8.5, 14.5], "texture": "#0", "tintindex": 0},
				"up": {"uv": [8, 5.5, 8.5, 14.5], "texture": "#0", "tintindex": 0},
				"down": {"uv": [8, 14.5, 8.5, 5.5], "texture": "#0", "tintindex": 0}
			}
		},
		{
			"name": "lily_pad_21",
			"from": [5.5, 0, 13.5],
			"to": [6, 0.5, 14],
			"faces": {
				"south": {"uv": [5.5, 13.5, 6, 14], "texture": "#0", "tintindex": 0},
				"west": {"uv": [5.5, 13.5, 6, 14], "rotation": 270, "texture": "#0", "tintindex": 0},
				"up": {"uv": [5.5, 13.5, 6, 14], "texture": "#0", "tintindex": 0},
				"down": {"uv": [5.5, 14, 6, 13.5], "texture": "#0", "tintindex": 0}
			}
		},
		{
			"name": "lily_pad_22",
			"from": [10.5, 0, 13.5],
			"to": [11, 0.5, 14],
			"faces": {
				"east": {"uv": [10.5, 13.5, 11, 14], "rotation": 90, "texture": "#0", "tintindex": 0},
				"south": {"uv": [10.5, 13.5, 11, 14], "texture": "#0", "tintindex": 0},
				"up": {"uv": [10.5, 13.5, 11, 14], "texture": "#0", "tintindex": 0},
				"down": {"uv": [10.5, 14, 11, 13.5], "texture": "#0", "tintindex": 0}
			}
		},
		{
			"from": [8, 0.25, 0],
			"to": [8, 16.25, 16],
			"rotation": {"angle": 45, "axis": "y", "origin": [8, 8, 8]},
			"faces": {
				"east": {"uv": [0, 0, 16, 16], "texture": "#flower"},
				"west": {"uv": [0, 0, 16, 16], "texture": "#flower"}
			}
		},
		{
			"from": [0, 0.25, 8],
			"to": [16, 16.25, 8],
			"rotation": {"angle": 45, "axis": "y", "origin": [8, 8, 8]},
			"faces": {
				"north": {"uv": [0, 0, 16, 16], "texture": "#flower"},
				"south": {"uv": [0, 0, 16, 16], "texture": "#flower"}
			}
		}
	],
	"groups": [
		{
			"name": "lily_pad",
			"origin": [8, 8, 8],
			"children": [0, 1, 2, 3, 4, 5, 6, 7, 8, 9, 10, 11, 12, 13, 14, 15, 16, 17, 18, 19, 20, 21, 22]
		}
	]
}