{
	"credit": "Made with Blockbench",
	"textures": {
		"2": "block/fence/acacia",
		"particle": "block/break/fence/acacia"
	},
	"elements": [
		{
			"from": [7, 0, 1],
			"to": [9, 15, 4],
			"faces": {
				"north": {"uv": [12, 0, 13, 7.5], "texture": "#2"},
				"east": {"uv": [10.25, 0, 11.75, 7.5], "texture": "#2"},
				"south": {"uv": [12, 0, 13, 7.5], "texture": "#2"},
				"west": {"uv": [10.25, 0, 11.75, 7.5], "texture": "#2"},
				"up": {"uv": [10.25, 7.75, 11.75, 8.75], "rotation": 90, "texture": "#2"},
				"down": {"uv": [10.25, 7.75, 11.75, 8.75], "rotation": 90, "texture": "#2"}
			}
		},
		{
			"from": [7.5, 6, 0],
			"to": [8.5, 9, 6],
			"faces": {
				"north": {"uv": [6.75, 8.25, 6.25, 9.75], "texture": "#2"},
				"east": {"uv": [6, 8.25, 3, 9.75], "texture": "#2"},
				"south": {"uv": [6.75, 8.25, 6.25, 9.75], "texture": "#2"},
				"west": {"uv": [3, 8.25, 6, 9.75], "texture": "#2"},
				"up": {"uv": [3, 10.5, 6, 10], "rotation": 90, "texture": "#2"},
				"down": {"uv": [3, 10.5, 6, 10], "rotation": 90, "texture": "#2"}
			}
		}
	]
}