{
	"credit": "Made with Blockbench",
	"texture_size": [64, 64],
	"textures": {
		"2": "block/fence/crimson",
		"particle": "block/break/fence/crimson"
	},
	"elements": [
		{
			"from": [7.25, 0.5, 0],
			"to": [8.75, 12, 6],
			"faces": {
				"north": {"uv": [16, 7, 15.25, 12.75], "texture": "#2"},
				"east": {"uv": [0, 8.25, 3, 14], "texture": "#2"},
				"south": {"uv": [16, 7, 15.25, 12.75], "texture": "#2"},
				"west": {"uv": [3, 8.25, 0, 14], "texture": "#2"},
				"up": {"uv": [3, 15, 0, 14.25], "rotation": 90, "texture": "#2"},
				"down": {"uv": [0, 15, 3, 14.25], "rotation": 90, "texture": "#2"}
			}
		}
	]
}