{
	"credit": "Made with Blockbench",
	"texture_size": [64, 64],
	"textures": {
		"1": "block/fence/dark_oak",
		"particle": "block/break/fence/dark_oak"
	},
	"elements": [
		{
			"from": [6, 0, 0],
			"to": [10, 14, 1],
			"faces": {
				"north": {"uv": [12.75, 0, 14.75, 7], "texture": "#1"},
				"east": {"uv": [15, 0, 15.5, 7], "texture": "#1"},
				"south": {"uv": [12.75, 0, 14.75, 7], "texture": "#1"},
				"west": {"uv": [15.5, 0, 16, 7], "texture": "#1"},
				"up": {"uv": [12.75, 7.75, 14.75, 7.25], "texture": "#1"},
				"down": {"uv": [12.75, 7.25, 14.75, 7.75], "texture": "#1"}
			}
		},
		{
			"from": [6.5, 11, 1],
			"to": [9.5, 13, 6],
			"faces": {
				"east": {"uv": [5, 10, 2.5, 11], "texture": "#1"},
				"south": {"uv": [5.25, 8.25, 6.75, 9.25], "texture": "#1"},
				"west": {"uv": [2.5, 10, 5, 11], "texture": "#1"},
				"up": {"uv": [2.5, 8.25, 5, 9.75], "rotation": 90, "texture": "#1"},
				"down": {"uv": [5, 8.25, 2.5, 9.75], "rotation": 90, "texture": "#1"}
			}
		},
		{
			"from": [6.5, 7, 1],
			"to": [9.5, 9, 6],
			"faces": {
				"east": {"uv": [5, 10, 2.5, 11], "texture": "#1"},
				"south": {"uv": [5.25, 8.25, 6.75, 9.25], "texture": "#1"},
				"west": {"uv": [2.5, 10, 5, 11], "texture": "#1"},
				"up": {"uv": [2.5, 8.25, 5, 9.75], "rotation": 90, "texture": "#1"},
				"down": {"uv": [5, 8.25, 2.5, 9.75], "rotation": 90, "texture": "#1"}
			}
		},
		{
			"from": [6.5, 3, 1],
			"to": [9.5, 5, 6],
			"faces": {
				"east": {"uv": [5, 10, 2.5, 11], "texture": "#1"},
				"south": {"uv": [5.25, 8.25, 6.75, 9.25], "texture": "#1"},
				"west": {"uv": [2.5, 10, 5, 11], "texture": "#1"},
				"up": {"uv": [2.5, 8.25, 5, 9.75], "rotation": 90, "texture": "#1"},
				"down": {"uv": [5, 8.25, 2.5, 9.75], "rotation": 90, "texture": "#1"}
			}
		}
	]
}