{
	"credit": "Made with Blockbench",
	"texture_size": [64, 64],
	"textures": {
		"0": "block/fence/jungle",
		"particle": "block/break/fence/jungle"
	},
	"elements": [
		{
			"from": [7, 0, 2.5],
			"to": [9, 14, 4.5],
			"faces": {
				"north": {"uv": [15, 0, 16, 7], "texture": "#0"},
				"east": {"uv": [15, 0, 16, 7], "texture": "#0"},
				"south": {"uv": [15, 0, 16, 7], "texture": "#0"},
				"west": {"uv": [15, 0, 16, 7], "texture": "#0"},
				"up": {"uv": [15, 8.25, 16, 7.25], "texture": "#0"},
				"down": {"uv": [15, 8.25, 16, 7.25], "texture": "#0"}
			}
		},
		{
			"from": [7, 0, 0],
			"to": [9, 14, 1],
			"faces": {
				"north": {"uv": [15, 0, 16, 7], "texture": "#0"},
				"east": {"uv": [15, 0, 15.5, 7], "texture": "#0"},
				"south": {"uv": [15, 0, 16, 7], "texture": "#0"},
				"west": {"uv": [15.5, 0, 16, 7], "texture": "#0"},
				"up": {"uv": [15, 7.75, 16, 7.25], "texture": "#0"},
				"down": {"uv": [15, 8.25, 16, 7.75], "texture": "#0"}
			}
		},
		{
			"from": [7.5, 10, 1],
			"to": [8.5, 11, 6],
			"faces": {
				"east": {"uv": [3, 8.25, 5.5, 8.75], "texture": "#0"},
				"south": {"uv": [2.5, 8.25, 3, 8.75], "texture": "#0"},
				"west": {"uv": [3, 9.25, 5.5, 9.75], "texture": "#0"},
				"up": {"uv": [3, 9.75, 5.5, 10.25], "rotation": 90, "texture": "#0"},
				"down": {"uv": [3, 8.75, 5.5, 9.25], "rotation": 90, "texture": "#0"}
			}
		},
		{
			"from": [7.5, 3.5, 1],
			"to": [8.5, 4.5, 6],
			"faces": {
				"east": {"uv": [0, 8.25, 2.5, 8.75], "texture": "#0"},
				"south": {"uv": [2.5, 9.75, 3, 10.25], "texture": "#0"},
				"west": {"uv": [0, 9.25, 2.5, 9.75], "texture": "#0"},
				"up": {"uv": [0, 9.75, 2.5, 10.25], "rotation": 90, "texture": "#0"},
				"down": {"uv": [0, 8.75, 2.5, 9.25], "rotation": 90, "texture": "#0"}
			}
		}
	]
}