{
	"credit": "Made with Blockbench",
	"parent": "block/block",
	"texture_size": [64, 64],
	"textures": {
		"0": "block/fence/bamboo",
		"particle": "block/break/gate/bamboo"
	},
	"elements": [
		{
			"name": "top bar",
			"from": [0, 12, 4.5],
			"to": [3, 15, 9.5],
			"rotation": {"angle": 0, "axis": "y", "origin": [1.5, 15, 8]},
			"faces": {
				"east": {"uv": [6.5, 9.75, 9, 8.25], "texture": "#0"},
				"south": {"uv": [4.75, 8.25, 3.25, 9.75], "texture": "#0"},
				"west": {"uv": [9, 10, 6.5, 11.5], "texture": "#0"},
				"up": {"uv": [6.5, 9.75, 9, 8.25], "rotation": 270, "texture": "#0"},
				"down": {"uv": [9, 11.75, 6.5, 13.25], "rotation": 270, "texture": "#0"}
			}
		},
		{
			"name": "top bar",
			"from": [13, 12, 4.5],
			"to": [16, 15, 9.5],
			"rotation": {"angle": 0, "axis": "y", "origin": [14.5, 15, 8]},
			"faces": {
				"east": {"uv": [2.5, 10, 0, 11.5], "texture": "#0"},
				"south": {"uv": [4.75, 8.25, 3.25, 9.75], "texture": "#0"},
				"west": {"uv": [0, 15, 2.5, 13.5], "texture": "#0"},
				"up": {"uv": [2.5, 8.25, 0, 9.75], "rotation": 270, "texture": "#0"},
				"down": {"uv": [0, 13.25, 2.5, 11.75], "rotation": 270, "texture": "#0"}
			}
		},
		{
			"name": "lower bar",
			"from": [13, 6, 4.5],
			"to": [16, 9, 9.5],
			"rotation": {"angle": 0, "axis": "y", "origin": [14.5, 15, 8]},
			"faces": {
				"east": {"uv": [2.5, 13.5, 0, 15], "texture": "#0"},
				"south": {"uv": [4.75, 8.25, 3.25, 9.75], "texture": "#0"},
				"west": {"uv": [0, 11.5, 2.5, 10], "texture": "#0"},
				"up": {"uv": [2.5, 11.75, 0, 13.25], "rotation": 270, "texture": "#0"},
				"down": {"uv": [0, 9.75, 2.5, 8.25], "rotation": 270, "texture": "#0"}
			}
		},
		{
			"name": "lower bar",
			"from": [0, 6, 4.5],
			"to": [3, 9, 9.5],
			"rotation": {"angle": 0, "axis": "y", "origin": [1.5, 15, 8]},
			"faces": {
				"east": {"uv": [6.5, 11.5, 9, 10], "texture": "#0"},
				"south": {"uv": [4.75, 8.25, 3.25, 9.75], "texture": "#0"},
				"west": {"uv": [9, 13.5, 6.5, 15], "texture": "#0"},
				"up": {"uv": [6.5, 13.25, 9, 11.75], "rotation": 270, "texture": "#0"},
				"down": {"uv": [9, 8.25, 6.5, 9.75], "rotation": 270, "texture": "#0"}
			}
		},
		{
			"name": "bar",
			"from": [13, 5, 1.5],
			"to": [16, 16, 4.5],
			"rotation": {"angle": 0, "axis": "y", "origin": [14.5, 15, 8]},
			"faces": {
				"north": {"uv": [13, 10.25, 14.5, 15.75], "texture": "#0"},
				"east": {"uv": [11.25, 10.25, 12.75, 15.75], "texture": "#0"},
				"south": {"uv": [14.5, 10.25, 16, 15.75], "texture": "#0"},
				"west": {"uv": [9.5, 10.25, 11, 15.75], "texture": "#0"},
				"up": {"uv": [3.25, 8.25, 4.75, 9.75], "rotation": 90, "texture": "#0"},
				"down": {"uv": [3.25, 8.25, 4.75, 9.75], "rotation": 270, "texture": "#0"}
			}
		},
		{
			"name": "bar",
			"from": [0, 5, 1.5],
			"to": [3, 16, 4.5],
			"rotation": {"angle": 0, "axis": "y", "origin": [1.5, 15, 8]},
			"faces": {
				"north": {"uv": [13, 4.5, 14.5, 10], "texture": "#0"},
				"east": {"uv": [11.25, 4.5, 12.75, 10], "texture": "#0"},
				"south": {"uv": [14.5, 4.5, 16, 10], "texture": "#0"},
				"west": {"uv": [9.5, 4.5, 11, 10], "texture": "#0"},
				"up": {"uv": [3.25, 8.25, 4.75, 9.75], "rotation": 270, "texture": "#0"},
				"down": {"uv": [3.25, 8.25, 4.75, 9.75], "rotation": 90, "texture": "#0"}
			}
		},
		{
			"name": "string",
			"from": [14.5, 11.5, 4.5],
			"to": [14.5, 12, 8],
			"rotation": {"angle": 0, "axis": "y", "origin": [14.5, 15, 8]},
			"faces": {
				"east": {"uv": [4.5, 11.75, 6.25, 12], "texture": "#0"},
				"west": {"uv": [6.25, 11.75, 4.5, 12], "texture": "#0"}
			}
		},
		{
			"name": "string",
			"from": [14.5, 9, 4.5],
			"to": [14.5, 10, 8],
			"rotation": {"angle": 0, "axis": "y", "origin": [14.5, 15, 8]},
			"faces": {
				"east": {"uv": [4.5, 12.75, 6.25, 13.25], "texture": "#0"},
				"west": {"uv": [6.25, 12.75, 4.5, 13.25], "texture": "#0"}
			}
		},
		{
			"name": "string",
			"from": [14.5, 11, 4.5],
			"to": [14.5, 11.5, 5.5],
			"rotation": {"angle": 0, "axis": "y", "origin": [14.5, 15, 8]},
			"faces": {
				"east": {"uv": [5.75, 12, 6.25, 12.25], "texture": "#0"},
				"west": {"uv": [6.25, 12, 5.75, 12.25], "texture": "#0"}
			}
		},
		{
			"name": "string",
			"from": [14.5, 10.5, 4.5],
			"to": [14.5, 11, 8],
			"rotation": {"angle": 0, "axis": "y", "origin": [14.5, 15, 8]},
			"faces": {
				"east": {"uv": [4.5, 12.25, 6.25, 12.5], "texture": "#0"},
				"west": {"uv": [6.25, 12.25, 4.5, 12.5], "texture": "#0"}
			}
		},
		{
			"name": "string",
			"from": [14.5, 10.5, 8],
			"to": [16, 11, 8],
			"rotation": {"angle": 0, "axis": "y", "origin": [14.5, 15, 8]},
			"faces": {
				"north": {"uv": [3.75, 12.25, 4.5, 12.5], "texture": "#0"},
				"south": {"uv": [4.5, 12.25, 3.75, 12.5], "texture": "#0"}
			}
		},
		{
			"name": "string",
			"from": [14.5, 11.5, 8],
			"to": [16, 12, 8],
			"rotation": {"angle": 0, "axis": "y", "origin": [14.5, 15, 8]},
			"faces": {
				"north": {"uv": [3.75, 11.75, 4.5, 12], "texture": "#0"},
				"south": {"uv": [4.5, 11.75, 3.75, 12], "texture": "#0"}
			}
		},
		{
			"name": "string",
			"from": [15.5, 10, 8],
			"to": [16, 10.5, 8],
			"rotation": {"angle": 0, "axis": "y", "origin": [14.5, 15, 8]},
			"faces": {
				"north": {"uv": [3.75, 12.5, 4, 12.75], "texture": "#0"},
				"south": {"uv": [4, 12.5, 3.75, 12.75], "texture": "#0"}
			}
		},
		{
			"name": "string",
			"from": [15.5, 11, 8],
			"to": [16, 11.5, 8],
			"rotation": {"angle": 0, "axis": "y", "origin": [14.5, 15, 8]},
			"faces": {
				"north": {"uv": [3.75, 12, 4, 12.25], "texture": "#0"},
				"south": {"uv": [4, 12, 3.75, 12.25], "texture": "#0"}
			}
		},
		{
			"name": "string",
			"from": [14.5, 11, 8],
			"to": [15, 11.5, 8],
			"rotation": {"angle": 0, "axis": "y", "origin": [14.5, 15, 8]},
			"faces": {
				"north": {"uv": [4.25, 12, 4.5, 12.25], "texture": "#0"},
				"south": {"uv": [4.5, 12, 4.25, 12.25], "texture": "#0"}
			}
		},
		{
			"name": "string",
			"from": [14.5, 10, 8],
			"to": [15, 10.5, 8],
			"rotation": {"angle": 0, "axis": "y", "origin": [14.5, 15, 8]},
			"faces": {
				"north": {"uv": [4.25, 12.5, 4.5, 12.75], "texture": "#0"},
				"south": {"uv": [4.5, 12.5, 4.25, 12.75], "texture": "#0"}
			}
		},
		{
			"name": "string",
			"from": [14.5, 9, 8],
			"to": [16, 10, 8],
			"rotation": {"angle": 0, "axis": "y", "origin": [14.5, 15, 8]},
			"faces": {
				"north": {"uv": [3.75, 12.75, 4.5, 13.25], "texture": "#0"},
				"south": {"uv": [4.5, 12.75, 3.75, 13.25], "texture": "#0"}
			}
		},
		{
			"name": "string",
			"from": [14.5, 11, 6],
			"to": [14.5, 11.5, 6.5],
			"rotation": {"angle": 0, "axis": "y", "origin": [14.5, 15, 8]},
			"faces": {
				"east": {"uv": [5.25, 12, 5.5, 12.25], "texture": "#0"},
				"west": {"uv": [5.5, 12, 5.25, 12.25], "texture": "#0"}
			}
		},
		{
			"name": "string",
			"from": [14.5, 10, 6],
			"to": [14.5, 10.5, 6.5],
			"rotation": {"angle": 0, "axis": "y", "origin": [14.5, 15, 8]},
			"faces": {
				"east": {"uv": [5.25, 12.5, 5.5, 12.75], "texture": "#0"},
				"west": {"uv": [5.5, 12.5, 5.25, 12.75], "texture": "#0"}
			}
		},
		{
			"name": "string",
			"from": [14.5, 11, 7],
			"to": [14.5, 11.5, 7.5],
			"rotation": {"angle": 0, "axis": "y", "origin": [14.5, 15, 8]},
			"faces": {
				"east": {"uv": [4.75, 12, 5, 12.25], "texture": "#0"},
				"west": {"uv": [5, 12, 4.75, 12.25], "texture": "#0"}
			}
		},
		{
			"name": "string",
			"from": [14.5, 10, 7],
			"to": [14.5, 10.5, 7.5],
			"rotation": {"angle": 0, "axis": "y", "origin": [14.5, 15, 8]},
			"faces": {
				"east": {"uv": [4.75, 12.5, 5, 12.75], "texture": "#0"},
				"west": {"uv": [5, 12.5, 4.75, 12.75], "texture": "#0"}
			}
		},
		{
			"name": "string",
			"from": [14.5, 10, 4.5],
			"to": [14.5, 10.5, 5.5],
			"rotation": {"angle": 0, "axis": "y", "origin": [14.5, 15, 8]},
			"faces": {
				"east": {"uv": [5.75, 12.5, 6.25, 12.75], "texture": "#0"},
				"west": {"uv": [6.25, 12.5, 5.75, 12.5], "texture": "#0"}
			}
		},
		{
			"name": "string",
			"from": [1.5, 9, 4.5],
			"to": [1.5, 10, 8],
			"rotation": {"angle": 0, "axis": "y", "origin": [1.5, 15, 8]},
			"faces": {
				"east": {"uv": [5, 11, 3.25, 11.5], "texture": "#0"},
				"west": {"uv": [3.25, 11, 5, 11.5], "texture": "#0"}
			}
		},
		{
			"name": "string",
			"from": [1.5, 10.5, 4.5],
			"to": [1.5, 11, 8],
			"rotation": {"angle": 0, "axis": "y", "origin": [1.5, 15, 8]},
			"faces": {
				"east": {"uv": [5, 10.5, 3.25, 10.75], "texture": "#0"},
				"west": {"uv": [3.25, 10.5, 5, 10.75], "texture": "#0"}
			}
		},
		{
			"name": "string",
			"from": [1.5, 11.5, 4.5],
			"to": [1.5, 12, 8],
			"rotation": {"angle": 0, "axis": "y", "origin": [1.5, 15, 8]},
			"faces": {
				"east": {"uv": [5, 10, 3.25, 10.25], "texture": "#0"},
				"west": {"uv": [3.25, 10, 5, 10.25], "texture": "#0"}
			}
		},
		{
			"name": "string",
			"from": [1.5, 11, 4.5],
			"to": [1.5, 11.5, 5],
			"rotation": {"angle": 0, "axis": "y", "origin": [1.5, 15, 8]},
			"faces": {
				"east": {"uv": [3.5, 10.25, 3.25, 10.5], "texture": "#0"},
				"west": {"uv": [3.25, 10.25, 3.5, 10.5], "texture": "#0"}
			}
		},
		{
			"name": "string",
			"from": [1.5, 10, 4.5],
			"to": [1.5, 10.5, 5],
			"rotation": {"angle": 0, "axis": "y", "origin": [1.5, 15, 8]},
			"faces": {
				"east": {"uv": [3.5, 10.75, 3.25, 11], "texture": "#0"},
				"west": {"uv": [3.25, 10.75, 3.5, 11], "texture": "#0"}
			}
		},
		{
			"name": "string",
			"from": [1.5, 10, 5.5],
			"to": [1.5, 10.5, 6],
			"rotation": {"angle": 0, "axis": "y", "origin": [1.5, 15, 8]},
			"faces": {
				"east": {"uv": [4, 10.75, 3.75, 11], "texture": "#0"},
				"west": {"uv": [3.75, 10.75, 4, 11], "texture": "#0"}
			}
		},
		{
			"name": "string",
			"from": [1.5, 11, 5.5],
			"to": [1.5, 11.5, 6],
			"rotation": {"angle": 0, "axis": "y", "origin": [1.5, 15, 8]},
			"faces": {
				"east": {"uv": [4, 10.25, 3.75, 10.5], "texture": "#0"},
				"west": {"uv": [3.75, 10.25, 4, 10.5], "texture": "#0"}
			}
		},
		{
			"name": "string",
			"from": [1.5, 10, 6.5],
			"to": [1.5, 10.5, 7],
			"rotation": {"angle": 0, "axis": "y", "origin": [1.5, 15, 8]},
			"faces": {
				"east": {"uv": [4.5, 10.75, 4.25, 11], "texture": "#0"},
				"west": {"uv": [4.25, 10.75, 4.5, 11], "texture": "#0"}
			}
		},
		{
			"name": "string",
			"from": [1.5, 11, 6.5],
			"to": [1.5, 11.5, 7],
			"rotation": {"angle": 0, "axis": "y", "origin": [1.5, 15, 8]},
			"faces": {
				"east": {"uv": [4.5, 10.25, 4.25, 10.5], "texture": "#0"},
				"west": {"uv": [4.25, 10.25, 4.5, 10.5], "texture": "#0"}
			}
		},
		{
			"name": "string",
			"from": [1.5, 10, 7.5],
			"to": [1.5, 10.5, 8],
			"rotation": {"angle": 0, "axis": "y", "origin": [1.5, 15, 8]},
			"faces": {
				"east": {"uv": [5, 10.75, 4.75, 11], "texture": "#0"},
				"west": {"uv": [4.75, 10.75, 5, 11], "texture": "#0"}
			}
		},
		{
			"name": "string",
			"from": [1.5, 11, 7.5],
			"to": [1.5, 11.5, 8],
			"rotation": {"angle": 0, "axis": "y", "origin": [1.5, 15, 8]},
			"faces": {
				"east": {"uv": [5, 10.25, 4.75, 10.5], "texture": "#0"},
				"west": {"uv": [4.75, 10.25, 5, 10.5], "texture": "#0"}
			}
		},
		{
			"name": "string",
			"from": [0, 9, 8],
			"to": [1.5, 10, 8],
			"rotation": {"angle": 0, "axis": "y", "origin": [1.5, 15, 8]},
			"faces": {
				"north": {"uv": [5, 11, 5.75, 11.5], "texture": "#0"},
				"south": {"uv": [5.75, 11, 5, 11.5], "texture": "#0"}
			}
		},
		{
			"name": "string",
			"from": [0.5, 10, 8],
			"to": [1, 10.5, 8],
			"rotation": {"angle": 0, "axis": "y", "origin": [1.5, 15, 8]},
			"faces": {
				"north": {"uv": [4.25, 10.75, 4.5, 11], "texture": "#0"},
				"south": {"uv": [4.5, 10.75, 4.25, 11], "texture": "#0"}
			}
		},
		{
			"name": "string",
			"from": [0, 10.5, 8],
			"to": [1.5, 11, 8],
			"rotation": {"angle": 0, "axis": "y", "origin": [1.5, 15, 8]},
			"faces": {
				"north": {"uv": [5, 10.5, 5.75, 10.75], "texture": "#0"},
				"south": {"uv": [5.75, 10.5, 5, 10.75], "texture": "#0"}
			}
		},
		{
			"name": "string",
			"from": [0.5, 11, 8],
			"to": [1, 11.5, 8],
			"rotation": {"angle": 0, "axis": "y", "origin": [1.5, 15, 8]},
			"faces": {
				"north": {"uv": [4.25, 10.25, 4.5, 10.5], "texture": "#0"},
				"south": {"uv": [4.5, 10.25, 4.25, 10.5], "texture": "#0"}
			}
		},
		{
			"name": "string",
			"from": [0, 11.5, 8],
			"to": [1.5, 12, 8],
			"rotation": {"angle": 0, "axis": "y", "origin": [1.5, 15, 8]},
			"faces": {
				"north": {"uv": [5, 10, 5.75, 10.25], "texture": "#0"},
				"south": {"uv": [5.75, 10, 5, 10.25], "texture": "#0"}
			}
		}
	],
	"display": {
		"gui": {
			"rotation": [30, 45, 0],
			"translation": [0, -1, 0],
			"scale": [0.8, 0.8, 0.8]
		},
		"head": {
			"translation": [0, -3, -6]
		}
	}
}