{
	"credit": "Made with Blockbench",
	"textures": {
		"1": "block/fence/birch",
		"particle": "block/break/gate/birch"
	},
	"elements": [
		{
			"from": [13.5, 1.5, 1.5],
			"to": [15.5, 15.5, 3.5],
			"rotation": {"angle": 0, "axis": "y", "origin": [15, 15, 8]},
			"faces": {
				"north": {"uv": [16, 8.25, 15, 15.25], "texture": "#1"},
				"east": {"uv": [15, 8.25, 16, 15.25], "texture": "#1"},
				"south": {"uv": [16, 8.25, 15, 15.25], "texture": "#1"},
				"west": {"uv": [15, 8.25, 16, 15.25], "texture": "#1"},
				"up": {"uv": [14.75, 1, 13.75, 0], "texture": "#1"},
				"down": {"uv": [14.75, 1, 13.75, 0], "texture": "#1"}
			}
		},
		{
			"from": [15, 0, 7],
			"to": [16, 16, 9],
			"rotation": {"angle": 0, "axis": "y", "origin": [8, 0, 8]},
			"faces": {
				"north": {"uv": [15.5, 0, 16, 8], "texture": "#1"},
				"east": {"uv": [15, 0, 16, 8], "texture": "#1"},
				"south": {"uv": [15, 0, 15.5, 8], "texture": "#1"},
				"west": {"uv": [15, 0, 16, 8], "texture": "#1"},
				"up": {"uv": [13.75, 0.5, 14.75, 1], "rotation": 90, "texture": "#1"},
				"down": {"uv": [13.75, 0, 14.75, 0.5], "rotation": 270, "texture": "#1"}
			}
		},
		{
			"from": [14, 12, 3.5],
			"to": [15, 15, 8.5],
			"rotation": {"angle": 0, "axis": "y", "origin": [15, 15, 8]},
			"faces": {
				"east": {"uv": [2.5, 8.25, 5, 9.75], "texture": "#1"},
				"south": {"uv": [5.75, 8.25, 5.25, 9.75], "texture": "#1"},
				"west": {"uv": [5, 8.25, 2.5, 9.75], "texture": "#1"},
				"up": {"uv": [5, 13.5, 2.5, 14], "rotation": 270, "texture": "#1"},
				"down": {"uv": [5, 13.5, 2.5, 14], "rotation": 270, "texture": "#1"}
			}
		},
		{
			"from": [14, 7, 3.5],
			"to": [15, 10, 8.5],
			"rotation": {"angle": 0, "axis": "y", "origin": [15, 15, 8]},
			"faces": {
				"east": {"uv": [2.5, 10, 5, 11.5], "texture": "#1"},
				"south": {"uv": [5.75, 8.25, 5.25, 9.75], "texture": "#1"},
				"west": {"uv": [5, 10, 2.5, 11.5], "texture": "#1"},
				"up": {"uv": [5, 13.5, 2.5, 14], "rotation": 270, "texture": "#1"},
				"down": {"uv": [5, 13.5, 2.5, 14], "rotation": 270, "texture": "#1"}
			}
		},
		{
			"from": [14, 2, 3.5],
			"to": [15, 5, 8.5],
			"rotation": {"angle": 0, "axis": "y", "origin": [15, 15, 8]},
			"faces": {
				"east": {"uv": [2.5, 11.75, 5, 13.25], "texture": "#1"},
				"south": {"uv": [5.75, 8.25, 5.25, 9.75], "texture": "#1"},
				"west": {"uv": [5, 11.75, 2.5, 13.25], "texture": "#1"},
				"up": {"uv": [5, 13.5, 2.5, 14], "rotation": 270, "texture": "#1"},
				"down": {"uv": [5, 13.5, 2.5, 14], "rotation": 270, "texture": "#1"}
			}
		},
		{
			"from": [1, 2, 3.5],
			"to": [2, 5, 8.5],
			"rotation": {"angle": 0, "axis": "y", "origin": [1, 14, 8]},
			"faces": {
				"east": {"uv": [2.5, 11.75, 0, 13.25], "texture": "#1"},
				"south": {"uv": [5.75, 8.25, 5.25, 9.75], "texture": "#1"},
				"west": {"uv": [0, 11.75, 2.5, 13.25], "texture": "#1"},
				"up": {"uv": [0, 13.5, 2.5, 14], "rotation": 270, "texture": "#1"},
				"down": {"uv": [0, 13.5, 2.5, 14], "rotation": 270, "texture": "#1"}
			}
		},
		{
			"from": [0, 0, 7],
			"to": [1, 16, 9],
			"rotation": {"angle": 0, "axis": "y", "origin": [8, 0, 8]},
			"faces": {
				"north": {"uv": [15, 0, 15.5, 8], "texture": "#1"},
				"east": {"uv": [15, 0, 16, 8], "texture": "#1"},
				"south": {"uv": [15.5, 0, 16, 8], "texture": "#1"},
				"west": {"uv": [15, 0, 16, 8], "texture": "#1"},
				"up": {"uv": [13.75, 0.5, 14.75, 1], "rotation": 270, "texture": "#1"},
				"down": {"uv": [13.75, 0, 14.75, 0.5], "rotation": 90, "texture": "#1"}
			}
		},
		{
			"from": [0.5, 1.5, 1.5],
			"to": [2.5, 15.5, 3.5],
			"rotation": {"angle": 0, "axis": "y", "origin": [1, 14, 8]},
			"faces": {
				"north": {"uv": [14.75, 8.25, 13.75, 15.25], "texture": "#1"},
				"east": {"uv": [13.75, 8.25, 14.75, 15.25], "texture": "#1"},
				"south": {"uv": [14.75, 8.25, 13.75, 15.25], "texture": "#1"},
				"west": {"uv": [13.75, 8.25, 14.75, 15.25], "texture": "#1"},
				"up": {"uv": [14.75, 1, 13.75, 0], "rotation": 180, "texture": "#1"},
				"down": {"uv": [14.75, 1, 13.75, 0], "rotation": 180, "texture": "#1"}
			}
		},
		{
			"from": [1, 12, 3.5],
			"to": [2, 15, 8.5],
			"rotation": {"angle": 0, "axis": "y", "origin": [1, 14, 8]},
			"faces": {
				"east": {"uv": [2.5, 8.25, 0, 9.75], "texture": "#1"},
				"south": {"uv": [5.75, 8.25, 5.25, 9.75], "texture": "#1"},
				"west": {"uv": [0, 8.25, 2.5, 9.75], "texture": "#1"},
				"up": {"uv": [0, 13.5, 2.5, 14], "rotation": 270, "texture": "#1"},
				"down": {"uv": [0, 13.5, 2.5, 14], "rotation": 270, "texture": "#1"}
			}
		},
		{
			"from": [1, 7, 3.5],
			"to": [2, 10, 8.5],
			"rotation": {"angle": 0, "axis": "y", "origin": [1, 14, 8]},
			"faces": {
				"east": {"uv": [2.5, 10, 0, 11.5], "texture": "#1"},
				"south": {"uv": [5.75, 8.25, 5.25, 9.75], "texture": "#1"},
				"west": {"uv": [0, 10, 2.5, 11.5], "texture": "#1"},
				"up": {"uv": [0, 13.5, 2.5, 14], "rotation": 270, "texture": "#1"},
				"down": {"uv": [0, 13.5, 2.5, 14], "rotation": 270, "texture": "#1"}
			}
		}
	],
	"display": {
		"thirdperson_righthand": {
			"rotation": [75, 45, 0],
			"translation": [0, 2, 0],
			"scale": [0.375, 0.375, 0.375]
		},
		"thirdperson_lefthand": {
			"rotation": [75, 45, 0],
			"translation": [0, 2, 0],
			"scale": [0.375, 0.375, 0.375]
		},
		"firstperson_righthand": {
			"rotation": [0, 45, 0],
			"scale": [0.4, 0.4, 0.4]
		},
		"firstperson_lefthand": {
			"rotation": [0, 225, 0],
			"scale": [0.4, 0.4, 0.4]
		},
		"ground": {
			"rotation": [90, 0, 0],
			"translation": [0, 1, 0],
			"scale": [0.25, 0.25, 0.25]
		},
		"gui": {
			"rotation": [30, 225, 0],
			"scale": [0.75, 0.75, 0.75]
		},
		"fixed": {
			"scale": [0.5, 0.5, 0.5]
		}
	}
}