{
	"credit": "Made with Blockbench",
	"texture_size": [64, 64],
	"textures": {
		"0": "block/fence/jungle",
		"particle": "block/break/gate/jungle"
	},
	"elements": [
		{
			"from": [15, 0, 7],
			"to": [16, 14, 9],
			"faces": {
				"north": {"uv": [15.5, 0, 16, 7], "texture": "#0"},
				"east": {"uv": [15, 0, 16, 7], "texture": "#0"},
				"south": {"uv": [15, 0, 15.5, 7], "texture": "#0"},
				"up": {"uv": [15, 7.75, 16, 8.25], "rotation": 90, "texture": "#0"},
				"down": {"uv": [15, 7.75, 16, 8.25], "rotation": 90, "texture": "#0"}
			}
		},
		{
			"from": [0, 0, 7],
			"to": [1, 14, 9],
			"faces": {
				"north": {"uv": [15, 0, 15.5, 7], "texture": "#0"},
				"south": {"uv": [15.5, 0, 16, 7], "texture": "#0"},
				"west": {"uv": [15, 0, 16, 7], "texture": "#0"},
				"up": {"uv": [15, 7.25, 16, 7.75], "rotation": 90, "texture": "#0"},
				"down": {"uv": [15, 7.25, 16, 7.75], "rotation": 90, "texture": "#0"}
			}
		},
		{
			"from": [13, 0, 7],
			"to": [15, 16, 9],
			"faces": {
				"north": {"uv": [0, 0, 1, 8], "texture": "#0"},
				"east": {"uv": [3, 0, 4, 8], "texture": "#0"},
				"south": {"uv": [2, 0, 3, 8], "texture": "#0"},
				"west": {"uv": [1, 0, 2, 8], "texture": "#0"},
				"up": {"uv": [4, 0, 5, 1], "texture": "#0"},
				"down": {"uv": [4, 7, 5, 8], "texture": "#0"}
			}
		},
		{
			"from": [1, 0, 7],
			"to": [3, 16, 9],
			"faces": {
				"north": {"uv": [3, 0, 4, 8], "texture": "#0"},
				"east": {"uv": [6, 0, 7, 8], "texture": "#0"},
				"south": {"uv": [5, 0, 6, 8], "texture": "#0"},
				"west": {"uv": [4, 0, 5, 8], "texture": "#0"},
				"up": {"uv": [7, 0, 8, 1], "texture": "#0"},
				"down": {"uv": [7, 7, 8, 8], "texture": "#0"}
			}
		},
		{
			"from": [13, 10, 2],
			"to": [15, 12, 7],
			"rotation": {"angle": 0, "axis": "y", "origin": [14, 16, 8]},
			"faces": {
				"north": {"uv": [2.5, 2, 3.5, 3], "texture": "#0"},
				"east": {"uv": [1, 2, 3.5, 3], "texture": "#0"},
				"west": {"uv": [1, 2, 3.5, 3], "texture": "#0"},
				"up": {"uv": [1, 2, 3.5, 3], "rotation": 90, "texture": "#0"},
				"down": {"uv": [1, 2, 3.5, 3], "rotation": 270, "texture": "#0"}
			}
		},
		{
			"from": [13, 3, 2],
			"to": [15, 5, 7],
			"rotation": {"angle": 0, "axis": "y", "origin": [14, 16, 8]},
			"faces": {
				"north": {"uv": [2.5, 5, 3.5, 6], "texture": "#0"},
				"east": {"uv": [1, 5, 3.5, 6], "texture": "#0"},
				"west": {"uv": [1, 5, 3.5, 6], "texture": "#0"},
				"up": {"uv": [1, 5, 3.5, 6], "rotation": 90, "texture": "#0"},
				"down": {"uv": [1, 5, 3.5, 6], "rotation": 270, "texture": "#0"}
			}
		},
		{
			"from": [13, 5, 2],
			"to": [15, 10, 4],
			"rotation": {"angle": 0, "axis": "y", "origin": [14, 16, 8]},
			"faces": {
				"north": {"uv": [2.5, 3, 3.5, 5], "texture": "#0"},
				"east": {"uv": [2.5, 3, 3.5, 5], "texture": "#0"},
				"south": {"uv": [2.5, 3, 3.5, 5], "texture": "#0"},
				"west": {"uv": [2.5, 3, 3.5, 5], "texture": "#0"}
			}
		},
		{
			"from": [1, 10, 2],
			"to": [3, 12, 7],
			"rotation": {"angle": 0, "axis": "y", "origin": [2, 16, 8]},
			"faces": {
				"north": {"uv": [2, 2, 3, 3], "texture": "#0"},
				"east": {"uv": [0.5, 2, 3, 3], "texture": "#0"},
				"west": {"uv": [0.5, 2, 3, 3], "texture": "#0"},
				"up": {"uv": [0.5, 2, 3, 3], "rotation": 270, "texture": "#0"},
				"down": {"uv": [0.5, 2, 3, 3], "rotation": 90, "texture": "#0"}
			}
		},
		{
			"from": [1, 5, 2],
			"to": [3, 10, 4],
			"rotation": {"angle": 0, "axis": "y", "origin": [2, 16, 8]},
			"faces": {
				"north": {"uv": [0.5, 3, 1.5, 5], "texture": "#0"},
				"east": {"uv": [0.5, 3, 1.5, 5], "texture": "#0"},
				"south": {"uv": [2, 3, 1, 5], "texture": "#0"},
				"west": {"uv": [0.5, 3, 1.5, 5], "texture": "#0"}
			}
		},
		{
			"from": [1, 3, 2],
			"to": [3, 5, 7],
			"rotation": {"angle": 0, "axis": "y", "origin": [2, 16, 8]},
			"faces": {
				"north": {"uv": [2, 5, 3, 6], "texture": "#0"},
				"east": {"uv": [0.5, 5, 3, 6], "texture": "#0"},
				"west": {"uv": [0.5, 5, 3, 6], "texture": "#0"},
				"up": {"uv": [0.5, 5, 3, 6], "rotation": 270, "texture": "#0"},
				"down": {"uv": [0.5, 5, 3, 6], "rotation": 90, "texture": "#0"}
			}
		}
	],
	"display": {
		"thirdperson_righthand": {
			"rotation": [75, 45, 0],
			"translation": [0, 2, 0],
			"scale": [0.375, 0.375, 0.375]
		},
		"thirdperson_lefthand": {
			"rotation": [75, 45, 0],
			"translation": [0, 2, 0],
			"scale": [0.375, 0.375, 0.375]
		},
		"firstperson_righthand": {
			"rotation": [0, 45, 0],
			"scale": [0.4, 0.4, 0.4]
		},
		"firstperson_lefthand": {
			"rotation": [0, 225, 0],
			"scale": [0.4, 0.4, 0.4]
		},
		"ground": {
			"rotation": [90, 0, 0],
			"translation": [0, 1, 0],
			"scale": [0.25, 0.25, 0.25]
		},
		"gui": {
			"rotation": [30, 225, 0],
			"scale": [0.75, 0.75, 0.75]
		},
		"fixed": {
			"scale": [0.5, 0.5, 0.5]
		}
	}
}