{
	"credit": "Made with Blockbench",
	"texture_size": [64, 64],
	"textures": {
		"0": "block/fence/mangrove",
		"particle": "block/break/gate/mangrove"
	},
	"elements": [
		{
			"name": "Center post",
			"from": [14, 0, 6],
			"to": [16, 15.5, 10],
			"faces": {
				"north": {"uv": [0, 0, 1, 8], "texture": "#0"},
				"east": {"uv": [4, 0, 6, 8], "texture": "#0"},
				"south": {"uv": [3, 0, 4, 8], "texture": "#0"},
				"west": {"uv": [1, 0, 3, 8], "texture": "#0"},
				"up": {"uv": [6, 0, 7, 2], "texture": "#0"},
				"down": {"uv": [6, 2, 7, 4], "texture": "#0"}
			}
		},
		{
			"name": "Center post",
			"from": [0, 0, 6],
			"to": [2, 15.5, 10],
			"faces": {
				"north": {"uv": [7, 0, 8, 8], "texture": "#0"},
				"east": {"uv": [2, 0, 4, 8], "texture": "#0"},
				"south": {"uv": [4, 0, 5, 8], "texture": "#0"},
				"west": {"uv": [5, 0, 7, 8], "texture": "#0"},
				"up": {"uv": [1, 0, 2, 2], "texture": "#0"},
				"down": {"uv": [1, 2, 2, 4], "texture": "#0"}
			}
		},
		{
			"from": [2.5, 7.2933, 5.6835],
			"to": [3.5, 10.2933, 12.1835],
			"rotation": {"angle": 22.5, "axis": "x", "origin": [2.75, 14.5, 8]},
			"faces": {
				"east": {"uv": [7.5, 11, 4.25, 12.5], "texture": "#0"},
				"south": {"uv": [7.75, 11, 8.25, 12.5], "texture": "#0"},
				"west": {"uv": [4.25, 11, 7.5, 12.5], "texture": "#0"},
				"up": {"uv": [4.25, 12.75, 7.5, 13.25], "rotation": 270, "texture": "#0"},
				"down": {"uv": [4.25, 12.75, 7.5, 13.25], "rotation": 90, "texture": "#0"}
			}
		},
		{
			"from": [12.5, 11.5, 4.25],
			"to": [14, 14.5, 8.75],
			"rotation": {"angle": 0, "axis": "y", "origin": [13.25, 14.5, 8]},
			"faces": {
				"east": {"uv": [0, 8.25, 2.25, 9.75], "texture": "#0"},
				"south": {"uv": [6.25, 8.25, 7, 9.75], "texture": "#0"},
				"west": {"uv": [2.25, 8.25, 0, 9.75], "texture": "#0"},
				"up": {"uv": [2.25, 10, 0, 10.75], "rotation": 90, "texture": "#0"},
				"down": {"uv": [2.25, 10, 0, 10.75], "rotation": 270, "texture": "#0"}
			}
		},
		{
			"from": [2, 11.5, 4.25],
			"to": [3.5, 14.5, 8.75],
			"rotation": {"angle": 0, "axis": "y", "origin": [2.75, 14.5, 8]},
			"faces": {
				"east": {"uv": [6, 8.25, 3.75, 9.75], "texture": "#0"},
				"south": {"uv": [6.25, 8.25, 7, 9.75], "texture": "#0"},
				"west": {"uv": [3.75, 8.25, 6, 9.75], "texture": "#0"},
				"up": {"uv": [6, 10, 3.75, 10.75], "rotation": 270, "texture": "#0"},
				"down": {"uv": [6, 10, 3.75, 10.75], "rotation": 90, "texture": "#0"}
			}
		},
		{
			"from": [13, 7.2933, 5.6835],
			"to": [14, 10.2933, 12.1835],
			"rotation": {"angle": 22.5, "axis": "x", "origin": [13.25, 14.5, 8]},
			"faces": {
				"east": {"uv": [0, 11, 3.25, 12.5], "texture": "#0"},
				"south": {"uv": [7.75, 11, 8.25, 12.5], "texture": "#0"},
				"west": {"uv": [3.25, 11, 0, 12.5], "texture": "#0"},
				"up": {"uv": [0, 12.75, 3.25, 13.25], "rotation": 90, "texture": "#0"},
				"down": {"uv": [0, 12.75, 3.25, 13.25], "rotation": 270, "texture": "#0"}
			}
		},
		{
			"from": [12, 7.5, 2.75],
			"to": [14.5, 15, 4.25],
			"rotation": {"angle": 0, "axis": "y", "origin": [13.25, 14.5, 8]},
			"faces": {
				"north": {"uv": [2, 0, 0.75, 3.75], "texture": "#0"},
				"east": {"uv": [0.75, 0, 0, 3.75], "texture": "#0"},
				"south": {"uv": [4, 0, 2.75, 3.75], "texture": "#0"},
				"west": {"uv": [2.75, 0, 2, 3.75], "texture": "#0"},
				"up": {"uv": [0, 4.5, 1.25, 3.75], "rotation": 180, "texture": "#0"},
				"down": {"uv": [1.25, 4.5, 2.5, 3.75], "texture": "#0"}
			}
		},
		{
			"from": [1.5, 7.5, 2.75],
			"to": [4, 15, 4.25],
			"rotation": {"angle": 0, "axis": "y", "origin": [2.75, 14.5, 8]},
			"faces": {
				"north": {"uv": [8, 0, 6.75, 3.75], "texture": "#0"},
				"east": {"uv": [6.75, 0, 6, 3.75], "texture": "#0"},
				"south": {"uv": [6, 0, 4.75, 3.75], "texture": "#0"},
				"west": {"uv": [4.75, 0, 4, 3.75], "texture": "#0"},
				"up": {"uv": [4, 4.5, 5.25, 3.75], "texture": "#0"},
				"down": {"uv": [5.25, 4.5, 6.5, 3.75], "rotation": 180, "texture": "#0"}
			}
		}
	],
	"display": {
		"thirdperson_righthand": {
			"rotation": [75, 45, 0],
			"translation": [0, 2, 0],
			"scale": [0.375, 0.375, 0.375]
		},
		"thirdperson_lefthand": {
			"rotation": [75, 45, 0],
			"translation": [0, 2, 0],
			"scale": [0.375, 0.375, 0.375]
		},
		"firstperson_righthand": {
			"rotation": [0, 45, 0],
			"scale": [0.4, 0.4, 0.4]
		},
		"firstperson_lefthand": {
			"rotation": [0, 225, 0],
			"scale": [0.4, 0.4, 0.4]
		},
		"ground": {
			"rotation": [90, 0, 0],
			"translation": [0, 1, 0],
			"scale": [0.25, 0.25, 0.25]
		},
		"gui": {
			"rotation": [30, 225, 0],
			"scale": [0.75, 0.75, 0.75]
		},
		"fixed": {
			"scale": [0.5, 0.5, 0.5]
		}
	}
}