{
	"credit": "Made with Blockbench",
	"parent": "block/block",
	"textures": {
		"particle": "block/big_dripleaf_stem",
		"stem": "block/big_dripleaf_stem",
		"top": "block/small_dripleaf_top",
		"side": "block/small_dripleaf_side"
	},
	"elements": [
		{
			"from": [5, 0, 12],
			"to": [11, 16, 12],
			"shade": false,
			"rotation": {"angle": 45, "axis": "y", "origin": [8, 8, 12], "rescale": true},
			"faces": {
				"north": {"uv": [3, 0, 14, 16], "texture": "#stem"},
				"south": {"uv": [3, 0, 14, 16], "texture": "#stem"}
			}
		},
		{
			"from": [5, 0, 12],
			"to": [11, 16, 12],
			"shade": false,
			"rotation": {"angle": -45, "axis": "y", "origin": [8, 8, 12], "rescale": true},
			"faces": {
				"north": {"uv": [3, 0, 14, 16], "texture": "#stem"},
				"south": {"uv": [3, 0, 14, 16], "texture": "#stem"}
			}
		},
		{
			"from": [9, 14, 4],
			"to": [16, 14, 11],
			"shade": false,
			"faces": {
				"up": {"uv": [0, 0, 8, 8], "rotation": 90, "texture": "#top"},
				"down": {"uv": [0, 8, 8, 0], "rotation": 270, "texture": "#top"}
			}
		},
		{
			"from": [9, 13, 4],
			"to": [16, 14, 11],
			"shade": false,
			"faces": {
				"north": {"uv": [0, 0, 8, 1], "texture": "#side"},
				"east": {"uv": [0, 0, 8, 1], "texture": "#side"},
				"south": {"uv": [0, 0, 8, 1], "texture": "#side"},
				"west": {"uv": [0, 0, 8, 1], "texture": "#side"}
			}
		},
		{
			"from": [16, 13, 4],
			"to": [9, 14, 11],
			"shade": false,
			"faces": {
				"north": {"uv": [8, 0, 0, 1], "texture": "#side"},
				"east": {"uv": [8, 0, 0, 1], "texture": "#side"},
				"south": {"uv": [8, 0, 0, 1], "texture": "#side"},
				"west": {"uv": [8, 0, 0, 1], "texture": "#side"}
			}
		}
	]
}