{
	"credit": "Made with Blockbench",
	"parent": "minecraft:block/tinted_cross",
	"textures": {
		"cross": "block/large_fern_top",
		"particle": "block/break/large_fern_top"
	},
	"elements": [
		{
			"from": [0, 0, 0],
			"to": [0.25, 0.25, 0.25],
			"faces": {
				"north": {"uv": [0, 0, 0.25, 0.25], "texture": "#cross"},
				"east": {"uv": [0, 0, 0.25, 0.25], "texture": "#cross"},
				"south": {"uv": [0, 0, 0.25, 0.25], "texture": "#cross"},
				"west": {"uv": [0, 0, 0.25, 0.25], "texture": "#cross"},
				"up": {"uv": [0, 0, 0.25, 0.25], "texture": "#cross"},
				"down": {"uv": [0, 0, 0.25, 0.25], "texture": "#cross"}
			}
		}
	]
}