{
	"credit": "Made with Blockbench",
	"parent": "minecraft:block/tinted_cross",
	"texture_size": [32, 32],
	"textures": {
		"cross": "block/large_fern",
		"particle": "block/break/large_fern_bottom"
	},
	"elements": [
		{
			"from": [6.5, 0, 8],
			"to": [9.5, 19.5, 8],
			"rotation": {"angle": -45, "axis": "y", "origin": [8, 6, 8]},
			"faces": {
				"north": {"uv": [16, 6.25, 14.5, 16], "texture": "#cross", "tintindex": 0},
				"south": {"uv": [14.5, 6.25, 16, 16], "texture": "#cross", "tintindex": 0}
			}
		},
		{
			"from": [8, 0, 6.5],
			"to": [8, 19.5, 9.5],
			"rotation": {"angle": -45, "axis": "y", "origin": [8, 6, 8]},
			"faces": {
				"east": {"uv": [16, 6.25, 14.5, 16], "texture": "#cross", "tintindex": 0},
				"west": {"uv": [14.5, 6.25, 16, 16], "texture": "#cross", "tintindex": 0}
			}
		},
		{
			"from": [6.5, 19, 5],
			"to": [9, 19, 8],
			"rotation": {"angle": 45, "axis": "x", "origin": [8, 19, 8]},
			"faces": {
				"up": {"uv": [1.25, 6.5, 0, 8], "texture": "#cross", "tintindex": 0},
				"down": {"uv": [0, 6.5, 1.25, 8], "rotation": 180, "texture": "#cross", "tintindex": 0}
			}
		},
		{
			"from": [8, 19, 6.5],
			"to": [11, 19, 9],
			"rotation": {"angle": 45, "axis": "z", "origin": [8, 19, 8]},
			"faces": {
				"up": {"uv": [1.25, 6.5, 0, 8], "rotation": 90, "texture": "#cross", "tintindex": 0},
				"down": {"uv": [0, 6.5, 1.25, 8], "rotation": 90, "texture": "#cross", "tintindex": 0}
			}
		},
		{
			"from": [8, 2, 6.5],
			"to": [11, 2, 9],
			"rotation": {"angle": 45, "axis": "z", "origin": [8, 2, 8]},
			"faces": {
				"up": {"uv": [1.25, 6.5, 0, 8], "rotation": 90, "texture": "#cross", "tintindex": 0},
				"down": {"uv": [0, 6.5, 1.25, 8], "rotation": 90, "texture": "#cross", "tintindex": 0}
			}
		},
		{
			"from": [5, 2, 7],
			"to": [8, 2, 9.5],
			"rotation": {"angle": -45, "axis": "z", "origin": [8, 2, 8]},
			"faces": {
				"up": {"uv": [1.25, 6.5, 0, 8], "rotation": 270, "texture": "#cross", "tintindex": 0},
				"down": {"uv": [0, 6.5, 1.25, 8], "rotation": 270, "texture": "#cross", "tintindex": 0}
			}
		},
		{
			"from": [7, 2, 8],
			"to": [9.5, 2, 11],
			"rotation": {"angle": -45, "axis": "x", "origin": [8, 2, 8]},
			"faces": {
				"up": {"uv": [1.25, 6.5, 0, 8], "rotation": 180, "texture": "#cross", "tintindex": 0},
				"down": {"uv": [0, 6.5, 1.25, 8], "texture": "#cross", "tintindex": 0}
			}
		},
		{
			"from": [6.5, 2, 5],
			"to": [9, 2, 8],
			"rotation": {"angle": 45, "axis": "x", "origin": [8, 2, 8]},
			"faces": {
				"up": {"uv": [1.25, 6.5, 0, 8], "texture": "#cross", "tintindex": 0},
				"down": {"uv": [0, 6.5, 1.25, 8], "rotation": 180, "texture": "#cross", "tintindex": 0}
			}
		},
		{
			"from": [5.5, 6, 8],
			"to": [9.5, 6, 15.5],
			"rotation": {"angle": -45, "axis": "x", "origin": [8, 6, 8]},
			"faces": {
				"up": {"uv": [3.25, 6.25, 1.25, 10], "rotation": 180, "texture": "#cross", "tintindex": 0},
				"down": {"uv": [1.25, 6.25, 3.25, 10], "texture": "#cross", "tintindex": 0}
			}
		},
		{
			"from": [2.5, 16, 3.75],
			"to": [8.5, 16, 9.25],
			"rotation": {"angle": -45, "axis": "z", "origin": [8, 16, 8]},
			"faces": {
				"up": {"uv": [6.75, 0, 4, 3], "rotation": 270, "texture": "#cross", "tintindex": 0},
				"down": {"uv": [4, 0, 6.75, 3], "rotation": 270, "texture": "#cross", "tintindex": 0}
			}
		},
		{
			"from": [7.5, 16, 6.75],
			"to": [13.5, 16, 12.25],
			"rotation": {"angle": 45, "axis": "z", "origin": [8, 16, 8]},
			"faces": {
				"up": {"uv": [6.75, 0, 4, 3], "rotation": 90, "texture": "#cross", "tintindex": 0},
				"down": {"uv": [4, 0, 6.75, 3], "rotation": 90, "texture": "#cross", "tintindex": 0}
			}
		},
		{
			"from": [3.75, 16, 7.5],
			"to": [9.25, 16, 13.5],
			"rotation": {"angle": -45, "axis": "x", "origin": [8, 16, 8]},
			"faces": {
				"up": {"uv": [6.75, 0, 4, 3], "rotation": 180, "texture": "#cross", "tintindex": 0},
				"down": {"uv": [4, 0, 6.75, 3], "texture": "#cross", "tintindex": 0}
			}
		},
		{
			"from": [6.75, 16, 2.5],
			"to": [12.25, 16, 8.5],
			"rotation": {"angle": 45, "axis": "x", "origin": [8, 16, 8]},
			"faces": {
				"up": {"uv": [6.75, 0, 4, 3], "texture": "#cross", "tintindex": 0},
				"down": {"uv": [4, 0, 6.75, 3], "rotation": 180, "texture": "#cross", "tintindex": 0}
			}
		},
		{
			"from": [6.5, 6, 0.5],
			"to": [10.5, 6, 8],
			"rotation": {"angle": 45, "axis": "x", "origin": [8, 6, 8]},
			"faces": {
				"up": {"uv": [3.25, 6.25, 1.25, 10], "texture": "#cross", "tintindex": 0},
				"down": {"uv": [1.25, 6.25, 3.25, 10], "rotation": 180, "texture": "#cross", "tintindex": 0}
			}
		},
		{
			"from": [0.5, 6, 5.5],
			"to": [8, 6, 9.5],
			"rotation": {"angle": -45, "axis": "z", "origin": [8, 6, 8]},
			"faces": {
				"up": {"uv": [3.25, 6.25, 1.25, 10], "rotation": 270, "texture": "#cross", "tintindex": 0},
				"down": {"uv": [1.25, 6.25, 3.25, 10], "rotation": 270, "texture": "#cross", "tintindex": 0}
			}
		},
		{
			"from": [7.5, 4, 2.5],
			"to": [14.5, 4, 8],
			"rotation": {"angle": 45, "axis": "x", "origin": [8, 4, 8]},
			"faces": {
				"up": {"uv": [3.5, 3.5, 0, 6.25], "texture": "#cross", "tintindex": 0},
				"down": {"uv": [0, 3.5, 3.5, 6.25], "rotation": 180, "texture": "#cross", "tintindex": 0}
			}
		},
		{
			"from": [8, 4, 7.5],
			"to": [13.5, 4, 14.5],
			"rotation": {"angle": 45, "axis": "z", "origin": [8, 4, 8]},
			"faces": {
				"up": {"uv": [3.5, 3.5, 0, 6.25], "rotation": 90, "texture": "#cross", "tintindex": 0},
				"down": {"uv": [0, 3.5, 3.5, 6.25], "rotation": 90, "texture": "#cross", "tintindex": 0}
			}
		},
		{
			"from": [2.5, 4, 1.5],
			"to": [8, 4, 8.5],
			"rotation": {"angle": -45, "axis": "z", "origin": [8, 4, 8]},
			"faces": {
				"up": {"uv": [3.5, 3.5, 0, 6.25], "rotation": 270, "texture": "#cross", "tintindex": 0},
				"down": {"uv": [0, 3.5, 3.5, 6.25], "rotation": 270, "texture": "#cross", "tintindex": 0}
			}
		},
		{
			"from": [1.5, 4, 8],
			"to": [8.5, 4, 13.5],
			"rotation": {"angle": -45, "axis": "x", "origin": [8, 4, 8]},
			"faces": {
				"up": {"uv": [3.5, 3.5, 0, 6.25], "rotation": 180, "texture": "#cross", "tintindex": 0},
				"down": {"uv": [0, 3.5, 3.5, 6.25], "texture": "#cross", "tintindex": 0}
			}
		},
		{
			"from": [7.5, 11, 2.5],
			"to": [14.5, 11, 8],
			"rotation": {"angle": 45, "axis": "x", "origin": [8, 11, 8]},
			"faces": {
				"up": {"uv": [3.5, 3.5, 0, 6.25], "texture": "#cross", "tintindex": 0},
				"down": {"uv": [0, 3.5, 3.5, 6.25], "rotation": 180, "texture": "#cross", "tintindex": 0}
			}
		},
		{
			"from": [1.5, 11, 8],
			"to": [8.5, 11, 13.5],
			"rotation": {"angle": -45, "axis": "x", "origin": [8, 11, 8]},
			"faces": {
				"up": {"uv": [3.5, 3.5, 0, 6.25], "rotation": 180, "texture": "#cross", "tintindex": 0},
				"down": {"uv": [0, 3.5, 3.5, 6.25], "texture": "#cross", "tintindex": 0}
			}
		},
		{
			"from": [8, 6, 6.5],
			"to": [15.5, 6, 10.5],
			"rotation": {"angle": 45, "axis": "z", "origin": [8, 6, 8]},
			"faces": {
				"up": {"uv": [3.25, 6.25, 1.25, 10], "rotation": 90, "texture": "#cross", "tintindex": 0},
				"down": {"uv": [1.25, 6.25, 3.25, 10], "rotation": 90, "texture": "#cross", "tintindex": 0}
			}
		},
		{
			"from": [0.5, 13, 5.5],
			"to": [8, 13, 9.5],
			"rotation": {"angle": -45, "axis": "z", "origin": [8, 13, 8]},
			"faces": {
				"up": {"uv": [3.25, 6.25, 1.25, 10], "rotation": 270, "texture": "#cross", "tintindex": 0},
				"down": {"uv": [1.25, 6.25, 3.25, 10], "rotation": 270, "texture": "#cross", "tintindex": 0}
			}
		},
		{
			"from": [6.5, 13, 0.5],
			"to": [10.5, 13, 8],
			"rotation": {"angle": 45, "axis": "x", "origin": [8, 13, 8]},
			"faces": {
				"up": {"uv": [3.25, 6.25, 1.25, 10], "texture": "#cross", "tintindex": 0},
				"down": {"uv": [1.25, 6.25, 3.25, 10], "rotation": 180, "texture": "#cross", "tintindex": 0}
			}
		},
		{
			"from": [8, 13, 6.5],
			"to": [15.5, 13, 10.5],
			"rotation": {"angle": 45, "axis": "z", "origin": [8, 13, 8]},
			"faces": {
				"up": {"uv": [3.25, 6.25, 1.25, 10], "rotation": 90, "texture": "#cross", "tintindex": 0},
				"down": {"uv": [1.25, 6.25, 3.25, 10], "rotation": 90, "texture": "#cross", "tintindex": 0}
			}
		},
		{
			"from": [5.5, 13, 8],
			"to": [9.5, 13, 15.5],
			"rotation": {"angle": -45, "axis": "x", "origin": [8, 13, 8]},
			"faces": {
				"up": {"uv": [3.25, 6.25, 1.25, 10], "rotation": 180, "texture": "#cross", "tintindex": 0},
				"down": {"uv": [1.25, 6.25, 3.25, 10], "texture": "#cross", "tintindex": 0}
			}
		},
		{
			"from": [8, 9, 7],
			"to": [15, 9, 15],
			"rotation": {"angle": 45, "axis": "z", "origin": [8, 9, 8]},
			"faces": {
				"up": {"uv": [4, 0, 0, 3.5], "rotation": 90, "texture": "#cross", "tintindex": 0},
				"down": {"uv": [0, 0, 4, 3.5], "rotation": 90, "texture": "#cross", "tintindex": 0}
			}
		},
		{
			"from": [1, 9, 8],
			"to": [9, 9, 15],
			"rotation": {"angle": -45, "axis": "x", "origin": [8, 9, 8]},
			"faces": {
				"up": {"uv": [4, 0, 0, 3.5], "rotation": 180, "texture": "#cross", "tintindex": 0},
				"down": {"uv": [0, 0, 4, 3.5], "texture": "#cross", "tintindex": 0}
			}
		},
		{
			"from": [7, 9, 1],
			"to": [15, 9, 8],
			"rotation": {"angle": 45, "axis": "x", "origin": [8, 9, 8]},
			"faces": {
				"up": {"uv": [4, 0, 0, 3.5], "texture": "#cross", "tintindex": 0},
				"down": {"uv": [0, 0, 4, 3.5], "rotation": 180, "texture": "#cross", "tintindex": 0}
			}
		},
		{
			"from": [1, 9, 1],
			"to": [8, 9, 9],
			"rotation": {"angle": -45, "axis": "z", "origin": [8, 9, 8]},
			"faces": {
				"up": {"uv": [4, 0, 0, 3.5], "rotation": 270, "texture": "#cross", "tintindex": 0},
				"down": {"uv": [0, 0, 4, 3.5], "rotation": 270, "texture": "#cross", "tintindex": 0}
			}
		},
		{
			"from": [7, 19, 8],
			"to": [9.5, 19, 11],
			"rotation": {"angle": -45, "axis": "x", "origin": [8, 19, 8]},
			"faces": {
				"up": {"uv": [1.25, 6.5, 0, 8], "rotation": 180, "texture": "#cross", "tintindex": 0},
				"down": {"uv": [0, 6.5, 1.25, 8], "texture": "#cross", "tintindex": 0}
			}
		},
		{
			"from": [5, 19, 7],
			"to": [8, 19, 9.5],
			"rotation": {"angle": -45, "axis": "z", "origin": [8, 19, 8]},
			"faces": {
				"up": {"uv": [1.25, 6.5, 0, 8], "rotation": 270, "texture": "#cross", "tintindex": 0},
				"down": {"uv": [0, 6.5, 1.25, 8], "rotation": 270, "texture": "#cross", "tintindex": 0}
			}
		},
		{
			"from": [5, 11.5, 7],
			"to": [8, 11.5, 9.5],
			"rotation": {"angle": -45, "axis": "z", "origin": [8, 11.5, 8]},
			"faces": {
				"up": {"uv": [1.25, 6.5, 0, 8], "rotation": 270, "texture": "#cross", "tintindex": 0},
				"down": {"uv": [0, 6.5, 1.25, 8], "rotation": 270, "texture": "#cross", "tintindex": 0}
			}
		},
		{
			"from": [8, 11.5, 6.5],
			"to": [11, 11.5, 9],
			"rotation": {"angle": 45, "axis": "z", "origin": [8, 11.5, 8]},
			"faces": {
				"up": {"uv": [1.25, 6.5, 0, 8], "rotation": 90, "texture": "#cross", "tintindex": 0},
				"down": {"uv": [0, 6.5, 1.25, 8], "rotation": 90, "texture": "#cross", "tintindex": 0}
			}
		}
	]
}