{"credit":"By KeepMeow","textures":{"0":"block/mud","1":"block/andesite","particle":"block/mud"},"elements":[{"from":[0,0,0],"to":[16,16,16],"faces":{"north":{"uv":[0,0,16,16],"texture":"#0"},"east":{"uv":[0,0,16,16],"texture":"#0"},"south":{"uv":[0,0,16,16],"texture":"#0"},"west":{"uv":[0,0,16,16],"texture":"#0"},"up":{"uv":[0,0,16,16],"texture":"#0"},"down":{"uv":[0,0,16,16],"texture":"#0"}}},{"from":[2,16,2],"to":[5,18,6],"faces":{"north":{"uv":[13,14,16,16],"texture":"#1"},"east":{"uv":[3,4,7,6],"texture":"#1"},"south":{"uv":[5,11,8,13],"texture":"#1"},"west":{"uv":[10,1,14,3],"texture":"#1"},"up":{"uv":[0,12,3,16],"texture":"#1"},"down":{"uv":[11,5,14,9],"texture":"#1"}}},{"from":[6,16,5],"to":[8,17,7],"faces":{"north":{"uv":[13,14,15,15],"texture":"#1"},"east":{"uv":[3,4,5,5],"texture":"#1"},"south":{"uv":[5,11,7,12],"texture":"#1"},"west":{"uv":[10,1,12,2],"texture":"#1"},"up":{"uv":[0,12,2,14],"texture":"#1"},"down":{"uv":[11,5,13,7],"texture":"#1"}}},{"from":[3,16,9],"to":[6,17,11],"faces":{"north":{"uv":[13,14,16,15],"texture":"#1"},"east":{"uv":[3,4,5,5],"texture":"#1"},"south":{"uv":[5,11,8,12],"texture":"#1"},"west":{"uv":[10,1,12,2],"texture":"#1"},"up":{"uv":[0,12,3,14],"texture":"#1"},"down":{"uv":[11,5,14,7],"texture":"#1"}}}]}