{"credit":"By KeepMeow","textures":{"0":"block/mud","1":"block/andesite","particle":"block/mud"},"elements":[{"from":[0,0,0],"to":[16,16,16],"faces":{"north":{"uv":[0,0,16,16],"texture":"#0"},"east":{"uv":[0,0,16,16],"texture":"#0"},"south":{"uv":[0,0,16,16],"texture":"#0"},"west":{"uv":[0,0,16,16],"texture":"#0"},"up":{"uv":[0,0,16,16],"texture":"#0"},"down":{"uv":[0,0,16,16],"texture":"#0"}}},{"from":[10,16,10],"to":[12,17,12],"faces":{"north":{"uv":[0,2,2,3],"texture":"#1"},"east":{"uv":[8,13,10,14],"texture":"#1"},"south":{"uv":[9,0,11,1],"texture":"#1"},"west":{"uv":[6,5,8,6],"texture":"#1"},"up":{"uv":[12,5,14,7],"texture":"#1"},"down":{"uv":[1,8,3,10],"texture":"#1"}}},{"from":[6,16,4],"to":[10,18,9],"faces":{"north":{"uv":[0,2,4,4],"texture":"#1"},"east":{"uv":[8,13,13,15],"texture":"#1"},"south":{"uv":[9,0,13,2],"texture":"#1"},"west":{"uv":[6,5,11,7],"texture":"#1"},"up":{"uv":[12,5,16,10],"texture":"#1"},"down":{"uv":[1,8,5,13],"texture":"#1"}}},{"from":[2,16,7],"to":[5,18,10],"faces":{"north":{"uv":[0,2,3,4],"texture":"#1"},"east":{"uv":[8,13,11,15],"texture":"#1"},"south":{"uv":[9,0,12,2],"texture":"#1"},"west":{"uv":[6,5,9,7],"texture":"#1"},"up":{"uv":[12,5,15,8],"texture":"#1"},"down":{"uv":[1,8,4,11],"texture":"#1"}}}]}