{"credit":"By KeepMeow","textures":{"0":"block/mud","1":"block/andesite","particle":"block/mud"},"elements":[{"from":[0,0,0],"to":[16,16,16],"faces":{"north":{"uv":[0,0,16,16],"texture":"#0"},"east":{"uv":[0,0,16,16],"texture":"#0"},"south":{"uv":[0,0,16,16],"texture":"#0"},"west":{"uv":[0,0,16,16],"texture":"#0"},"up":{"uv":[0,0,16,16],"texture":"#0"},"down":{"uv":[0,0,16,16],"texture":"#0"}}},{"from":[10,16,10],"to":[12,17,12],"faces":{"north":{"uv":[2,4,4,5],"texture":"#1"},"east":{"uv":[10,15,12,16],"texture":"#1"},"south":{"uv":[11,2,13,3],"texture":"#1"},"west":{"uv":[8,7,10,8],"texture":"#1"},"up":{"uv":[14,7,16,9],"texture":"#1"},"down":{"uv":[3,10,5,12],"texture":"#1"}}},{"from":[6,16,6],"to":[9,18,9],"faces":{"north":{"uv":[5,5,8,7],"texture":"#1"},"east":{"uv":[13,11,16,13],"texture":"#1"},"south":{"uv":[1,0,4,2],"texture":"#1"},"west":{"uv":[12,3,15,5],"texture":"#1"},"up":{"uv":[6,12,9,15],"texture":"#1"},"down":{"uv":[1,13,4,16],"texture":"#1"}}}]}