{
	"credit": "Made with Blockbench",
	"parent": "minecraft:block/tinted_cross",
	"ambientocclusion": false,
	"textures": {
		"dirt": "block/grass_block/podzol/top/1",
		"cross": "block/fern",
		"particle": "block/flower_pot",
		"flowerpot": "block/flower_pot"
	},
	"elements": [
		{
			"from": [6.5, 4, 8],
			"to": [9.5, 16, 8],
			"rotation": {"angle": -45, "axis": "y", "origin": [8, 10, 8]},
			"faces": {
				"north": {"uv": [4, 16, 16, 13], "rotation": 90, "texture": "#cross", "tintindex": 0},
				"south": {"uv": [4, 13, 16, 16], "rotation": 90, "texture": "#cross", "tintindex": 0}
			}
		},
		{
			"from": [8, 4, 6.5],
			"to": [8, 16, 9.5],
			"rotation": {"angle": -45, "axis": "y", "origin": [8, 10, 8]},
			"faces": {
				"east": {"uv": [4, 16, 16, 13], "rotation": 90, "texture": "#cross", "tintindex": 0},
				"west": {"uv": [4, 13, 16, 16], "rotation": 90, "texture": "#cross", "tintindex": 0}
			}
		},
		{
			"from": [6.5, 15.5, 5],
			"to": [9, 15.5, 8],
			"rotation": {"angle": 45, "axis": "x", "origin": [8, 15.5, 8]},
			"faces": {
				"up": {"uv": [2.5, 13, 0, 16], "texture": "#cross", "tintindex": 0},
				"down": {"uv": [0, 13, 2.5, 16], "rotation": 180, "texture": "#cross", "tintindex": 0}
			}
		},
		{
			"from": [7, 15.5, 8],
			"to": [9.5, 15.5, 11],
			"rotation": {"angle": -45, "axis": "x", "origin": [8, 15.5, 8]},
			"faces": {
				"up": {"uv": [2.5, 13, 0, 16], "rotation": 180, "texture": "#cross", "tintindex": 0},
				"down": {"uv": [0, 13, 2.5, 16], "texture": "#cross", "tintindex": 0}
			}
		},
		{
			"from": [5, 15.5, 7],
			"to": [8, 15.5, 9.5],
			"rotation": {"angle": -45, "axis": "z", "origin": [8, 15.5, 8]},
			"faces": {
				"up": {"uv": [2.5, 13, 0, 16], "rotation": 270, "texture": "#cross", "tintindex": 0},
				"down": {"uv": [0, 13, 2.5, 16], "rotation": 270, "texture": "#cross", "tintindex": 0}
			}
		},
		{
			"from": [8, 15.5, 6.5],
			"to": [11, 15.5, 9],
			"rotation": {"angle": 45, "axis": "z", "origin": [8, 15.5, 8]},
			"faces": {
				"up": {"uv": [2.5, 13, 0, 16], "rotation": 90, "texture": "#cross", "tintindex": 0},
				"down": {"uv": [0, 13, 2.5, 16], "rotation": 90, "texture": "#cross", "tintindex": 0}
			}
		},
		{
			"from": [1.5, 9, 8],
			"to": [9.5, 9, 15],
			"rotation": {"angle": -45, "axis": "x", "origin": [8, 9, 8]},
			"faces": {
				"up": {"uv": [8, 0, 0, 7], "rotation": 180, "texture": "#cross", "tintindex": 0},
				"down": {"uv": [0, 0, 8, 7], "texture": "#cross", "tintindex": 0}
			}
		},
		{
			"from": [6.5, 9, 1],
			"to": [14.5, 9, 8],
			"rotation": {"angle": 45, "axis": "x", "origin": [8, 9, 8]},
			"faces": {
				"up": {"uv": [8, 0, 0, 7], "texture": "#cross", "tintindex": 0},
				"down": {"uv": [0, 0, 8, 7], "rotation": 180, "texture": "#cross", "tintindex": 0}
			}
		},
		{
			"from": [8, 9, 6.5],
			"to": [14.5, 9, 13],
			"rotation": {"angle": 45, "axis": "z", "origin": [8, 9, 8]},
			"faces": {
				"up": {"uv": [14.5, 6, 8, 12.5], "rotation": 90, "texture": "#cross", "tintindex": 0},
				"down": {"uv": [8, 6, 14.5, 12.5], "rotation": 90, "texture": "#cross", "tintindex": 0}
			}
		},
		{
			"from": [3.5, 13, 7.5],
			"to": [9, 13, 13.5],
			"rotation": {"angle": -45, "axis": "x", "origin": [8, 13, 8]},
			"faces": {
				"up": {"uv": [13.5, 0, 8, 6], "rotation": 180, "texture": "#cross", "tintindex": 0},
				"down": {"uv": [8, 0, 13.5, 6], "texture": "#cross", "tintindex": 0}
			}
		},
		{
			"from": [2.5, 13, 3.5],
			"to": [8.5, 13, 9],
			"rotation": {"angle": -45, "axis": "z", "origin": [8, 13, 8]},
			"faces": {
				"up": {"uv": [13.5, 0, 8, 6], "rotation": 270, "texture": "#cross", "tintindex": 0},
				"down": {"uv": [8, 0, 13.5, 6], "rotation": 270, "texture": "#cross", "tintindex": 0}
			}
		},
		{
			"from": [7.5, 13, 7],
			"to": [13.5, 13, 12.5],
			"rotation": {"angle": 45, "axis": "z", "origin": [8, 13, 8]},
			"faces": {
				"up": {"uv": [13.5, 0, 8, 6], "rotation": 90, "texture": "#cross", "tintindex": 0},
				"down": {"uv": [8, 0, 13.5, 6], "rotation": 90, "texture": "#cross", "tintindex": 0}
			}
		},
		{
			"from": [7, 13, 2.5],
			"to": [12.5, 13, 8.5],
			"rotation": {"angle": 45, "axis": "x", "origin": [8, 13, 8]},
			"faces": {
				"up": {"uv": [13.5, 0, 8, 6], "texture": "#cross", "tintindex": 0},
				"down": {"uv": [8, 0, 13.5, 6], "rotation": 180, "texture": "#cross", "tintindex": 0}
			}
		},
		{
			"from": [1.5, 9, 3],
			"to": [8, 9, 9.5],
			"rotation": {"angle": -45, "axis": "z", "origin": [8, 9, 8]},
			"faces": {
				"up": {"uv": [14.5, 6, 8, 12.5], "rotation": 270, "texture": "#cross", "tintindex": 0},
				"down": {"uv": [8, 6, 14.5, 12.5], "rotation": 270, "texture": "#cross", "tintindex": 0}
			}
		},
		{
			"from": [6.5, 6, 1.5],
			"to": [13, 6, 8],
			"rotation": {"angle": 45, "axis": "x", "origin": [8, 6, 8]},
			"faces": {
				"up": {"uv": [14.5, 6, 8, 12.5], "texture": "#cross", "tintindex": 0},
				"down": {"uv": [8, 6, 14.5, 12.5], "rotation": 180, "texture": "#cross", "tintindex": 0}
			}
		},
		{
			"from": [3, 6, 8],
			"to": [9.5, 6, 14.5],
			"rotation": {"angle": -45, "axis": "x", "origin": [8, 6, 8]},
			"faces": {
				"up": {"uv": [14.5, 6, 8, 12.5], "rotation": 180, "texture": "#cross", "tintindex": 0},
				"down": {"uv": [8, 6, 14.5, 12.5], "texture": "#cross", "tintindex": 0}
			}
		},
		{
			"from": [5, 6, 5.5],
			"to": [8, 6, 8.5],
			"rotation": {"angle": -45, "axis": "z", "origin": [8, 6, 8]},
			"faces": {
				"up": {"uv": [0, 13, 3, 16], "rotation": 270, "texture": "#cross", "tintindex": 0},
				"down": {"uv": [3, 13, 0, 16], "rotation": 270, "texture": "#cross", "tintindex": 0}
			}
		},
		{
			"from": [8, 6, 7.5],
			"to": [11, 6, 10.5],
			"rotation": {"angle": 22.5, "axis": "z", "origin": [8, 6, 8]},
			"faces": {
				"up": {"uv": [0, 13, 3, 16], "rotation": 90, "texture": "#cross", "tintindex": 0},
				"down": {"uv": [3, 13, 0, 16], "rotation": 90, "texture": "#cross", "tintindex": 0}
			}
		},
		{
			"from": [5, 0, 5],
			"to": [6, 6, 11],
			"faces": {
				"north": {"uv": [10, 10, 11, 16], "texture": "#flowerpot"},
				"east": {"uv": [5, 10, 11, 16], "texture": "#flowerpot"},
				"south": {"uv": [5, 10, 6, 16], "texture": "#flowerpot"},
				"west": {"uv": [5, 10, 11, 16], "texture": "#flowerpot"},
				"up": {"uv": [5, 5, 6, 11], "texture": "#flowerpot"},
				"down": {"uv": [5, 5, 6, 11], "texture": "#flowerpot", "cullface": "down"}
			}
		},
		{
			"from": [10, 0, 5],
			"to": [11, 6, 11],
			"faces": {
				"north": {"uv": [5, 10, 6, 16], "texture": "#flowerpot"},
				"east": {"uv": [5, 10, 11, 16], "texture": "#flowerpot"},
				"south": {"uv": [10, 10, 11, 16], "texture": "#flowerpot"},
				"west": {"uv": [5, 10, 11, 16], "texture": "#flowerpot"},
				"up": {"uv": [10, 5, 11, 11], "texture": "#flowerpot"},
				"down": {"uv": [10, 5, 11, 11], "texture": "#flowerpot", "cullface": "down"}
			}
		},
		{
			"from": [6, 0, 5],
			"to": [10, 6, 6],
			"faces": {
				"north": {"uv": [6, 10, 10, 16], "texture": "#flowerpot"},
				"south": {"uv": [6, 10, 10, 16], "texture": "#flowerpot"},
				"up": {"uv": [6, 5, 10, 6], "texture": "#flowerpot"},
				"down": {"uv": [6, 10, 10, 11], "texture": "#flowerpot", "cullface": "down"}
			}
		},
		{
			"from": [6, 0, 10],
			"to": [10, 6, 11],
			"faces": {
				"north": {"uv": [6, 10, 10, 16], "texture": "#flowerpot"},
				"south": {"uv": [6, 10, 10, 16], "texture": "#flowerpot"},
				"up": {"uv": [6, 10, 10, 11], "texture": "#flowerpot"},
				"down": {"uv": [6, 5, 10, 6], "texture": "#flowerpot", "cullface": "down"}
			}
		},
		{
			"from": [6, 0, 6],
			"to": [10, 4, 10],
			"faces": {
				"up": {"uv": [6, 6, 10, 10], "texture": "#dirt"},
				"down": {"uv": [6, 12, 10, 16], "texture": "#flowerpot", "cullface": "down"}
			}
		}
	],
	"display": {
		"thirdperson_righthand": {
			"rotation": [75, 45, 0],
			"translation": [0, 1.5, 2.5],
			"scale": [0.375, 0.375, 0.375]
		},
		"thirdperson_lefthand": {
			"rotation": [75, 45, 0],
			"translation": [0, 1.5, 2.5],
			"scale": [0.375, 0.375, 0.375]
		},
		"firstperson_righthand": {
			"rotation": [0, 45, 0],
			"translation": [0, 2.2, 0],
			"scale": [0.4, 0.4, 0.4]
		},
		"firstperson_lefthand": {
			"rotation": [0, 45, 0],
			"translation": [0, 2.2, 0],
			"scale": [0.4, 0.4, 0.4]
		},
		"ground": {
			"translation": [0, 3, 0],
			"scale": [0.75, 0.75, 0.75]
		},
		"gui": {
			"rotation": [30, 225, 0],
			"translation": [0, 1, 0]
		},
		"head": {
			"translation": [0, 14.5, 0]
		}
	},
	"groups": [
		{
			"name": "fern",
			"origin": [8, 8, 8],
			"color": 0,
			"nbt": "{}",
			"children": [0, 1, 2, 3, 4, 5, 6, 7, 8, 9, 10, 11, 12, 13, 14, 15, 16, 17]
		},
		{
			"name": "flower_pot",
			"origin": [8, 8, 8],
			"color": 0,
			"nbt": "{}",
			"children": [18, 19, 20, 21, 22]
		}
	]
}