{
	"credit": "Made with Blockbench",
	"parent": "block/block",
	"ambientocclusion": false,
	"textures": {
		"top": "block/small_dripleaf_top",
		"side": "block/small_dripleaf_side",
		"stem": "block/small_dripleaf_stem_top",
		"particle": "block/small_dripleaf_stem_bottom"
	},
	"elements": [
		{
			"from": [8, 2.99, 8],
			"to": [15, 2.99, 15],
			"shade": false,
			"faces": {
				"up": {"uv": [8, 8, 0, 0], "texture": "#top"},
				"down": {"uv": [8, 0, 0, 8], "texture": "#top"}
			}
		},
		{
			"from": [1, 8, 1],
			"to": [8, 8, 8],
			"shade": false,
			"rotation": {"angle": 0, "axis": "y", "origin": [8, 8, 8]},
			"faces": {
				"up": {"uv": [0, 0, 8, 8], "texture": "#top"},
				"down": {"uv": [0, 8, 8, 0], "texture": "#top"}
			}
		},
		{
			"from": [1, 12, 8],
			"to": [8, 12, 15],
			"shade": false,
			"faces": {
				"up": {"uv": [0, 0, 8, 8], "rotation": 270, "texture": "#top"},
				"down": {"uv": [8, 0, 0, 8], "rotation": 270, "texture": "#top"}
			}
		},
		{
			"from": [8, 2, 8],
			"to": [15, 3, 15],
			"shade": false,
			"faces": {
				"north": {"uv": [0, 0, 8, 1], "texture": "#side"},
				"east": {"uv": [0, 0, 8, 1], "texture": "#side"},
				"south": {"uv": [0, 0, 8, 1], "texture": "#side"},
				"west": {"uv": [0, 0, 8, 1], "texture": "#side"}
			}
		},
		{
			"from": [8, 2, 15],
			"to": [15, 3, 8],
			"shade": false,
			"faces": {
				"north": {"uv": [8, 0, 0, 1], "texture": "#side"},
				"east": {"uv": [8, 0, 0, 1], "texture": "#side"},
				"south": {"uv": [8, 0, 0, 1], "texture": "#side"},
				"west": {"uv": [8, 0, 0, 1], "texture": "#side"}
			}
		},
		{
			"from": [1, 7, 1.01],
			"to": [8, 8, 8.01],
			"shade": false,
			"rotation": {"angle": 0, "axis": "y", "origin": [8, 8, 8]},
			"faces": {
				"north": {"uv": [0, 0, 8, 1], "texture": "#side"},
				"east": {"uv": [0, 0, 8, 1], "texture": "#side"},
				"south": {"uv": [0, 0, 8, 1], "texture": "#side"},
				"west": {"uv": [0, 0, 8, 1], "texture": "#side"}
			}
		},
		{
			"from": [1, 7, 8.01],
			"to": [8, 8, 1.01],
			"shade": false,
			"rotation": {"angle": 0, "axis": "y", "origin": [8, 8, 8]},
			"faces": {
				"north": {"uv": [8, 0, 0, 1], "texture": "#side"},
				"east": {"uv": [8, 0, 0, 1], "texture": "#side"},
				"south": {"uv": [8, 0, 0, 1], "texture": "#side"},
				"west": {"uv": [8, 0, 0, 1], "texture": "#side"}
			}
		},
		{
			"from": [1, 11, 8],
			"to": [8, 12, 15],
			"shade": false,
			"faces": {
				"north": {"uv": [0, 0, 8, 1], "texture": "#side"},
				"east": {"uv": [0, 0, 8, 1], "texture": "#side"},
				"south": {"uv": [0, 0, 8, 1], "texture": "#side"},
				"west": {"uv": [0, 0, 8, 1], "texture": "#side"}
			}
		},
		{
			"from": [1, 11, 15],
			"to": [8, 12, 8],
			"shade": false,
			"faces": {
				"north": {"uv": [8, 0, 0, 1], "texture": "#side"},
				"east": {"uv": [8, 0, 0, 1], "texture": "#side"},
				"south": {"uv": [8, 0, 0, 1], "texture": "#side"},
				"west": {"uv": [8, 0, 0, 1], "texture": "#side"}
			}
		},
		{
			"from": [2.3, 0, 8],
			"to": [13.7, 16, 8],
			"shade": false,
			"rotation": {"angle": 45, "axis": "y", "origin": [8, 8, 8], "rescale": true},
			"faces": {
				"north": {"uv": [0, 0, 16, 16], "texture": "#stem"},
				"south": {"uv": [0, 0, 16, 16], "texture": "#stem"}
			}
		},
		{
			"from": [8, 0, 2.3],
			"to": [8, 16, 13.7],
			"shade": false,
			"rotation": {"angle": 45, "axis": "y", "origin": [8, 8, 8], "rescale": true},
			"faces": {
				"east": {"uv": [0, 0, 16, 16], "texture": "#stem"},
				"west": {"uv": [0, 0, 16, 16], "texture": "#stem"}
			}
		}
	],
	"groups": [
		0,
		1,
		2,
		3,
		4,
		5,
		6,
		7,
		8,
		{
			"name": "cross",
			"origin": [8, 8, 8],
			"color": 0,
			"nbt": "{}",
			"armAnimationEnabled": false,
			"children": []
		},
		9,
		10
	]
}